id,ar,category,synonyms,uses_in_saved_plans,matching_spelled_occurrences,priority_score,source,source_video_filename,source_video_url,source_status,local_video,motion_status,review_status,rights_status,example
288,الزبور - داود,باب الدين,,0,3,175,https://sshi.sa,الزبور - داود.mp4,https://sshi.sa/api/file/%D8%A7%D9%84%D8%B2%D8%A8%D9%88%D8%B1%20-%20%D8%AF%D8%A7%D9%88%D8%AF.mp4,metadata_only_not_network_verified,False,missing,not_reviewed,public_use_permission_not_verified,(أبشري يا أم العلاء؛ فإن مرض المسلم يذهب الله به خطاياه كما تذهب النار خبث الذهب والفضة) رواه أبو داود وصححه الألباني.
12137,حجر,العلوم,,0,3,155,https://sshi.sa,AlGg4lsMGUNis84LpB4FotviTNCFHRdx.mp4,https://sshi.sa/api/file/AlGg4lsMGUNis84LpB4FotviTNCFHRdx.mp4,metadata_only_not_network_verified,False,missing,not_reviewed,public_use_permission_not_verified,"إنها الصلاة يا عباد الله، ركنُ الدين وعمودُه، ثانيَ أركان الإسلام، من تركها خرج من الملَّة، قَال اللَّهِ تَعَالَى (مُنِيبِينَ إِلَيْهِ وَاتَّقُوهُ وَأَقِيمُوا الصَّلَاةَ وَلَا تَكُونُوا مِنْ الْمُشْرِكِينَ) قال ابن حجر رحمه الله :"" وهذه الآية مما استدل به من ي"
12613,حجر,العلوم,,0,3,155,https://sshi.sa,kfT5DddzQbhYx1d41gzC3A2lV5npS3PZ.mp4,https://sshi.sa/api/file/kfT5DddzQbhYx1d41gzC3A2lV5npS3PZ.mp4,metadata_only_not_network_verified,False,missing,not_reviewed,public_use_permission_not_verified,"إنها الصلاة يا عباد الله، ركنُ الدين وعمودُه، ثانيَ أركان الإسلام، من تركها خرج من الملَّة، قَال اللَّهِ تَعَالَى (مُنِيبِينَ إِلَيْهِ وَاتَّقُوهُ وَأَقِيمُوا الصَّلَاةَ وَلَا تَكُونُوا مِنْ الْمُشْرِكِينَ) قال ابن حجر رحمه الله :"" وهذه الآية مما استدل به من ي"
729,مالك,باب الدين,,0,2,125,https://sshi.sa,مالك.mp4,https://sshi.sa/api/file/%D9%85%D8%A7%D9%84%D9%83.mp4,metadata_only_not_network_verified,False,missing,not_reviewed,public_use_permission_not_verified,فبرُّ الدين لا ينقطع بموتهما - ولله الحمد - بل هو متصلٌ بعد الموت، وذلك بالدعاء لهما، والصدقة عنهما، وصلة رحمهما، والإحسانِ إلى صديقهما، فقد أخرج الإمام أحمد من حديث مالك بن ربيعة الأسلمي، قال:
9557,الأحد,مقايسس وازمنة,الاحد,0,2,105,https://sshi.sa,الاحد.mp4,https://sshi.sa/api/file/%D8%A7%D9%84%D8%A7%D8%AD%D8%AF.mp4,metadata_only_not_network_verified,False,missing,not_reviewed,public_use_permission_not_verified,اتقوا الله تعالى في السراء والضراء؛ ﴿ وَاتَّقُوا يَوْمًا تُرْجَعُونَ فِيهِ إِلَى اللَّهِ ثُمَّ تُوَفَّى كُلُّ نَفْسٍ مَا كَسَبَتْ وَهُمْ لَا يُظْلَمُونَ ﴾  ، واعلموا عباد الله أن الصبر من الدين بمنـزلة الرأس من الجسد، فلا إيمان لمن لا صبر له، ومن يتصبر يصبره ا
3894,تهامة,التربية الاجتماعية,,0,1,75,https://sshi.sa,تهامة.mp4,https://sshi.sa/api/file/%D8%AA%D9%87%D8%A7%D9%85%D8%A9.mp4,metadata_only_not_network_verified,False,missing,not_reviewed,public_use_permission_not_verified,((لأعلمنَّ أقوامًا من أُمَّتي يأتون يوم القيامة بحسناتٍ أمثال جبال تِهامةَ بيضًا، فيجعلها الله عز وجل هباء منثورًا، قال ثوبان:
11887,النسائي,باب الدين,,0,1,75,https://sshi.sa,e22TS9ZqRmnMJbiR0ozdoo7Ip4odMkAz.mp4,https://sshi.sa/api/file/e22TS9ZqRmnMJbiR0ozdoo7Ip4odMkAz.mp4,metadata_only_not_network_verified,False,missing,not_reviewed,public_use_permission_not_verified,وفي سنن النسائي أَنَّ جَاهِمَةَ السُّلمي جاء إِلى النبي صلى الله عليه وسلم، فقال:
1790,كاميرا,العلوم,آله لتصوير,0,1,55,https://sshi.sa,كاميرا.mp4,https://sshi.sa/api/file/%D9%83%D8%A7%D9%85%D9%8A%D8%B1%D8%A7.mp4,metadata_only_not_network_verified,False,missing,not_reviewed,public_use_permission_not_verified,الحمد لله الرب الرحيم، الحكيم بما يقضيه في كل زمان ومكان، واللطيف بعباده حين تقلقهم الهموم والأحزان ، الذي وعد الصابرين أجرهم بغير عد ولا حسبان، وأشهد أن لا إله إلا الله وحده لا شريك له الملك الديان، وأشهد أن محمداً عبده ورسوله الذي صبر على طاعة الله وصبر على
5781,الخلف,اتجاهات ومواضع,"خلف, وراء",0,1,55,https://sshi.sa,الخلف.mp4,https://sshi.sa/api/file/%D8%A7%D9%84%D8%AE%D9%84%D9%81.mp4,metadata_only_not_network_verified,False,missing,not_reviewed,public_use_permission_not_verified,(من حافظَ عليها كانت له نوراً وبرهاناً ونجاةً يومَ القيامةِ، ومن لم يحافظْ عليها لم تكنْ له نوراً ولا برهاناً ولا نجاة، وكانَ يومَ القيامةِ مع قارونَ وفرعونَ وهامانَ وأُبيِّ بنِ خلفٍ).
6089,أول مرة,الاعداد الترتيبية الوصفية,مره,0,1,55,https://sshi.sa,أول مرة.mp4,https://sshi.sa/api/file/%D8%A3%D9%88%D9%84%20%D9%85%D8%B1%D8%A9.mp4,metadata_only_not_network_verified,False,missing,not_reviewed,public_use_permission_not_verified,"""هي أن يراك الله حيث أمرك، ويفتقدك حيث نهاك""، روى البخاري عن مرة عن عبدالله في تفسير قوله تعالى:"
9556,الاثنين,مقايسس وازمنة,null,0,1,55,https://sshi.sa,الاثنين.mp4,https://sshi.sa/api/file/%D8%A7%D9%84%D8%A7%D8%AB%D9%86%D9%8A%D9%86.mp4,metadata_only_not_network_verified,False,missing,not_reviewed,public_use_permission_not_verified,«لَا يَغْتَسِلُ رَجُلٌ يَوْمَ الْجُمُعَةِ، وَيَتَطَهَّرُ مَا اسْتَطَاعَ مِنْ طُهْرٍ، وَيَدَّهِنُ مِنْ دُهْنِهِ أَوْ يَمَسُّ مِنْ طِيبِ بَيْتِهِ، ثُمَّ يَخْرُجُ فَلَا يُفَرِّقُ بَيْنَ اثْنَيْنِ، ثُمَّ يُصَلِّي مَا كُتِبَ لَهُ، ثُمَّ يُنْصِتُ إِذَا تَكَلَّمَ الْ
12146,عالِم,العلوم,,0,1,55,https://sshi.sa,wyePjE9fW2q8Y157T1gn9p2hWKLmIavS.mp4,https://sshi.sa/api/file/wyePjE9fW2q8Y157T1gn9p2hWKLmIavS.mp4,metadata_only_not_network_verified,False,missing,not_reviewed,public_use_permission_not_verified,وأشهد أن لا إله إلا الله وحده لا شريك له، له الملك وله الحمد، وهو على كل شيء قدير، هو العليم الخبير، السميع البصير، يعلم السر وأخفى، عالم بما كان، وما سيكون، وما هو كائن، السر عنده علانية، فلا تخفى عليه خافية، يعلم خائنة الأعين وما تخفي الصدور؛ القائل جل شأنه:
136,آدم عليه السلام,باب الدين,النبي ادم عليه السلام : ادم عليه السلام  أدم إدم,0,0,25,https://sshi.sa,آدم عليه السلام.mp4,https://sshi.sa/api/file/%D8%A2%D8%AF%D9%85%20%D8%B9%D9%84%D9%8A%D9%87%20%D8%A7%D9%84%D8%B3%D9%84%D8%A7%D9%85.mp4,metadata_only_not_network_verified,False,missing,not_reviewed,public_use_permission_not_verified,
139,التشهد,باب الدين,,0,0,25,https://sshi.sa,التشهد.mp4,https://sshi.sa/api/file/%D8%A7%D9%84%D8%AA%D8%B4%D9%87%D8%AF.mp4,metadata_only_not_network_verified,False,missing,not_reviewed,public_use_permission_not_verified,
143,المسجد النبوي,باب الدين,,0,0,25,https://sshi.sa,المسجد النبوي.mp4,https://sshi.sa/api/file/%D8%A7%D9%84%D9%85%D8%B3%D8%AC%D8%AF%20%D8%A7%D9%84%D9%86%D8%A8%D9%88%D9%8A.mp4,metadata_only_not_network_verified,False,missing,not_reviewed,public_use_permission_not_verified,
144,حج القران (أي قرن العمرة بالحج),باب الدين,حج القرآن,0,0,25,https://sshi.sa,حج القران.mp4,https://sshi.sa/api/file/%D8%AD%D8%AC%20%D8%A7%D9%84%D9%82%D8%B1%D8%A7%D9%86.mp4,metadata_only_not_network_verified,False,missing,not_reviewed,public_use_permission_not_verified,
145,رداء,باب الدين,,0,0,25,https://sshi.sa,رداء.mp4,https://sshi.sa/api/file/%D8%B1%D8%AF%D8%A7%D8%A1.mp4,metadata_only_not_network_verified,False,missing,not_reviewed,public_use_permission_not_verified,
146,زكاة الذهب والفضة,باب الدين,,0,0,25,https://sshi.sa,زكاة الذهب والفضة 2.mp4,https://sshi.sa/api/file/%D8%B2%D9%83%D8%A7%D8%A9%20%D8%A7%D9%84%D8%B0%D9%87%D8%A8%20%D9%88%D8%A7%D9%84%D9%81%D8%B6%D8%A9%202.mp4,metadata_only_not_network_verified,False,missing,not_reviewed,public_use_permission_not_verified,
147,زكاة الزرع,باب الدين,,0,0,25,https://sshi.sa,زكاة الزرع.mp4,https://sshi.sa/api/file/%D8%B2%D9%83%D8%A7%D8%A9%20%D8%A7%D9%84%D8%B2%D8%B1%D8%B9.mp4,metadata_only_not_network_verified,False,missing,not_reviewed,public_use_permission_not_verified,
148,زكاة النصاب,باب الدين,,0,0,25,https://sshi.sa,زكاة النصاب.mp4,https://sshi.sa/api/file/%D8%B2%D9%83%D8%A7%D8%A9%20%D8%A7%D9%84%D9%86%D8%B5%D8%A7%D8%A8.mp4,metadata_only_not_network_verified,False,missing,not_reviewed,public_use_permission_not_verified,
149,الزكاة عروض التجارة حر,باب الدين,زكاة عروض التجارة حر,0,0,25,https://sshi.sa,زكاة عروض التجارة حر.mp4,https://sshi.sa/api/file/%D8%B2%D9%83%D8%A7%D8%A9%20%D8%B9%D8%B1%D9%88%D8%B6%20%D8%A7%D9%84%D8%AA%D8%AC%D8%A7%D8%B1%D8%A9%20%D8%AD%D8%B1.mp4,metadata_only_not_network_verified,False,missing,not_reviewed,public_use_permission_not_verified,
150,صلاة الجنازة,باب الدين,,0,0,25,https://sshi.sa,صلاة الجنازة.mp4,https://sshi.sa/api/file/%D8%B5%D9%84%D8%A7%D8%A9%20%D8%A7%D9%84%D8%AC%D9%86%D8%A7%D8%B2%D8%A9.mp4,metadata_only_not_network_verified,False,missing,not_reviewed,public_use_permission_not_verified,
151,صلاة القيام - قيام الليل,باب الدين,,0,0,25,https://sshi.sa,صلاة القيام - قيام الليل.mp4,https://sshi.sa/api/file/%D8%B5%D9%84%D8%A7%D8%A9%20%D8%A7%D9%84%D9%82%D9%8A%D8%A7%D9%85%20-%20%D9%82%D9%8A%D8%A7%D9%85%20%D8%A7%D9%84%D9%84%D9%8A%D9%84.mp4,metadata_only_not_network_verified,False,missing,not_reviewed,public_use_permission_not_verified,
152,يوم عرفة,باب الدين,,0,0,25,https://sshi.sa,يوم عرفة.mp4,https://sshi.sa/api/file/%D9%8A%D9%88%D9%85%20%D8%B9%D8%B1%D9%81%D8%A9.mp4,metadata_only_not_network_verified,False,missing,not_reviewed,public_use_permission_not_verified,
154,إبراهيم عليه السلام,باب الدين,ابراهيم عليه السلام : النبي ابراهيم عليه السلام,0,0,25,https://sshi.sa,ابراهيم.mp4,https://sshi.sa/api/file/%D8%A7%D8%A8%D8%B1%D8%A7%D9%87%D9%8A%D9%85.mp4,metadata_only_not_network_verified,False,missing,not_reviewed,public_use_permission_not_verified,
155,أبرهة الحبشي,باب الدين,,0,0,25,https://sshi.sa,أبرهة الحبشي.mp4,https://sshi.sa/api/file/%D8%A3%D8%A8%D8%B1%D9%87%D8%A9%20%D8%A7%D9%84%D8%AD%D8%A8%D8%B4%D9%8A.mp4,metadata_only_not_network_verified,False,missing,not_reviewed,public_use_permission_not_verified,
156,ابن ماجة,باب الدين,,0,0,25,https://sshi.sa,ابن ماجة.mp4,https://sshi.sa/api/file/%D8%A7%D8%A8%D9%86%20%D9%85%D8%A7%D8%AC%D8%A9.mp4,metadata_only_not_network_verified,False,missing,not_reviewed,public_use_permission_not_verified,
157,أبو جهل,باب الدين,,0,0,25,https://sshi.sa,أبو جهل.mp4,https://sshi.sa/api/file/%D8%A3%D8%A8%D9%88%20%D8%AC%D9%87%D9%84.mp4,metadata_only_not_network_verified,False,missing,not_reviewed,public_use_permission_not_verified,
158,أبو حنيفة النعمان المذهب الحنفي,باب الدين,,0,0,25,https://sshi.sa,أبو حنيفة النعمان.mp4,https://sshi.sa/api/file/%D8%A3%D8%A8%D9%88%20%D8%AD%D9%86%D9%8A%D9%81%D8%A9%20%D8%A7%D9%84%D9%86%D8%B9%D9%85%D8%A7%D9%86.mp4,metadata_only_not_network_verified,False,missing,not_reviewed,public_use_permission_not_verified,
159,أبو طالب,باب الدين,,0,0,25,https://sshi.sa,أبو طالب.mp4,https://sshi.sa/api/file/%D8%A3%D8%A8%D9%88%20%D8%B7%D8%A7%D9%84%D8%A8.mp4,metadata_only_not_network_verified,False,missing,not_reviewed,public_use_permission_not_verified,
160,أبو لهب,باب الدين,,0,0,25,https://sshi.sa,أبو لهب.mp4,https://sshi.sa/api/file/%D8%A3%D8%A8%D9%88%20%D9%84%D9%87%D8%A8.mp4,metadata_only_not_network_verified,False,missing,not_reviewed,public_use_permission_not_verified,
161,أبو لؤلؤة المجوسي,باب الدين,,0,0,25,https://sshi.sa,أبو لؤلؤة المجوسي.mp4,https://sshi.sa/api/file/%D8%A3%D8%A8%D9%88%20%D9%84%D8%A4%D9%84%D8%A4%D8%A9%20%D8%A7%D9%84%D9%85%D8%AC%D9%88%D8%B3%D9%8A.mp4,metadata_only_not_network_verified,False,missing,not_reviewed,public_use_permission_not_verified,
162,أبوبكر الصديق,باب الدين,ابوبكر الصديق,0,0,25,https://sshi.sa,أبوبكر الصديق.mp4,https://sshi.sa/api/file/%D8%A3%D8%A8%D9%88%D8%A8%D9%83%D8%B1%20%D8%A7%D9%84%D8%B5%D8%AF%D9%8A%D9%82.mp4,metadata_only_not_network_verified,False,missing,not_reviewed,public_use_permission_not_verified,
164,اتجاه الصلاة,باب الدين,,0,0,25,https://sshi.sa,اتجاه القبلة.mp4,https://sshi.sa/api/file/%D8%A7%D8%AA%D8%AC%D8%A7%D9%87%20%D8%A7%D9%84%D9%82%D8%A8%D9%84%D8%A9.mp4,metadata_only_not_network_verified,False,missing,not_reviewed,public_use_permission_not_verified,
165,أحبك في الله,باب الدين,,0,0,25,https://sshi.sa,أحبك في الله.mp4,https://sshi.sa/api/file/%D8%A3%D8%AD%D8%A8%D9%83%20%D9%81%D9%8A%20%D8%A7%D9%84%D9%84%D9%87.mp4,metadata_only_not_network_verified,False,missing,not_reviewed,public_use_permission_not_verified,
166,الإحرام من الميقات,باب الدين,احرام من الميقات,0,0,25,https://sshi.sa,إحرام من الميقات.mp4,https://sshi.sa/api/file/%D8%A5%D8%AD%D8%B1%D8%A7%D9%85%20%D9%85%D9%86%20%D8%A7%D9%84%D9%85%D9%8A%D9%82%D8%A7%D8%AA.mp4,metadata_only_not_network_verified,False,missing,not_reviewed,public_use_permission_not_verified,
167,أحسن الله عزاءك,باب الدين,احسن الله عزاءك,0,0,25,https://sshi.sa,أحسن الله عزاءك.mp4,https://sshi.sa/api/file/%D8%A3%D8%AD%D8%B3%D9%86%20%D8%A7%D9%84%D9%84%D9%87%20%D8%B9%D8%B2%D8%A7%D8%A1%D9%83.mp4,metadata_only_not_network_verified,False,missing,not_reviewed,public_use_permission_not_verified,
168,احمد بن حنبل المذهب الحنبلي,باب الدين,,0,0,25,https://sshi.sa,احمد بن حنبل.mp4,https://sshi.sa/api/file/%D8%A7%D8%AD%D9%85%D8%AF%20%D8%A8%D9%86%20%D8%AD%D9%86%D8%A8%D9%84.mp4,metadata_only_not_network_verified,False,missing,not_reviewed,public_use_permission_not_verified,
169,إدريس,باب الدين,ادريس,0,0,25,https://sshi.sa,ادريس.mp4,https://sshi.sa/api/file/%D8%A7%D8%AF%D8%B1%D9%8A%D8%B3.mp4,metadata_only_not_network_verified,False,missing,not_reviewed,public_use_permission_not_verified,
170,أذان الاقامة,باب الدين,الإقامة,0,0,25,https://sshi.sa,أذان الاقامة.mp4,https://sshi.sa/api/file/%D8%A3%D8%B0%D8%A7%D9%86%20%D8%A7%D9%84%D8%A7%D9%82%D8%A7%D9%85%D8%A9.mp4,metadata_only_not_network_verified,False,missing,not_reviewed,public_use_permission_not_verified,
171,أركان الإسلام الخمسة,باب الدين,,0,0,25,https://sshi.sa,أركان الإسلام الخمسة.mp4,https://sshi.sa/api/file/%D8%A3%D8%B1%D9%83%D8%A7%D9%86%20%D8%A7%D9%84%D8%A5%D8%B3%D9%84%D8%A7%D9%85%20%D8%A7%D9%84%D8%AE%D9%85%D8%B3%D8%A9.mp4,metadata_only_not_network_verified,False,missing,not_reviewed,public_use_permission_not_verified,
173,أركان الايمان الستة,باب الدين,,0,0,25,https://sshi.sa,أركان الايمان الستة.mp4,https://sshi.sa/api/file/%D8%A3%D8%B1%D9%83%D8%A7%D9%86%20%D8%A7%D9%84%D8%A7%D9%8A%D9%85%D8%A7%D9%86%20%D8%A7%D9%84%D8%B3%D8%AA%D8%A9.mp4,metadata_only_not_network_verified,False,missing,not_reviewed,public_use_permission_not_verified,
174,أركان الايمان الستة 1,باب الدين,,0,0,25,https://sshi.sa,أركان الايمان الستة~1.mp4,https://sshi.sa/api/file/%D8%A3%D8%B1%D9%83%D8%A7%D9%86%20%D8%A7%D9%84%D8%A7%D9%8A%D9%85%D8%A7%D9%86%20%D8%A7%D9%84%D8%B3%D8%AA%D8%A9~1.mp4,metadata_only_not_network_verified,False,missing,not_reviewed,public_use_permission_not_verified,
175,أركان الايمان,باب الدين,,0,0,25,https://sshi.sa,أركان الايمان.mp4,https://sshi.sa/api/file/%D8%A3%D8%B1%D9%83%D8%A7%D9%86%20%D8%A7%D9%84%D8%A7%D9%8A%D9%85%D8%A7%D9%86.mp4,metadata_only_not_network_verified,False,missing,not_reviewed,public_use_permission_not_verified,
176,أركان الحج الأربعة,باب الدين,,0,0,25,https://sshi.sa,أركان الحج الأربعة.mp4,https://sshi.sa/api/file/%D8%A3%D8%B1%D9%83%D8%A7%D9%86%20%D8%A7%D9%84%D8%AD%D8%AC%20%D8%A7%D9%84%D8%A3%D8%B1%D8%A8%D8%B9%D8%A9.mp4,metadata_only_not_network_verified,False,missing,not_reviewed,public_use_permission_not_verified,
177,استقبال القبلة,باب الدين,,0,0,25,https://sshi.sa,استقبال القبلة.mp4,https://sshi.sa/api/file/%D8%A7%D8%B3%D8%AA%D9%82%D8%A8%D8%A7%D9%84%20%D8%A7%D9%84%D9%82%D8%A8%D9%84%D8%A9.mp4,metadata_only_not_network_verified,False,missing,not_reviewed,public_use_permission_not_verified,
178,إسحاق عليه السلام,باب الدين,اسحاق عليه السلام,0,0,25,https://sshi.sa,اسحاق.mp4,https://sshi.sa/api/file/%D8%A7%D8%B3%D8%AD%D8%A7%D9%82.mp4,metadata_only_not_network_verified,False,missing,not_reviewed,public_use_permission_not_verified,
179,إسرافيل,باب الدين,اسرافيل,0,0,25,https://sshi.sa,اسرافيل.mp4,https://sshi.sa/api/file/%D8%A7%D8%B3%D8%B1%D8%A7%D9%81%D9%8A%D9%84.mp4,metadata_only_not_network_verified,False,missing,not_reviewed,public_use_permission_not_verified,
180,أسماء الله الحسنى,باب الدين,اسماء الله الحسنى,0,0,25,https://sshi.sa,اسماء الله الحسنى.mp4,https://sshi.sa/api/file/%D8%A7%D8%B3%D9%85%D8%A7%D8%A1%20%D8%A7%D9%84%D9%84%D9%87%20%D8%A7%D9%84%D8%AD%D8%B3%D9%86%D9%89.mp4,metadata_only_not_network_verified,False,missing,not_reviewed,public_use_permission_not_verified,
181,إسماعيل عليه السلام,باب الدين,اسماعيل عليه السلام : النبي اسماعيل,0,0,25,https://sshi.sa,اسماعيل.mp4,https://sshi.sa/api/file/%D8%A7%D8%B3%D9%85%D8%A7%D8%B9%D9%8A%D9%84.mp4,metadata_only_not_network_verified,False,missing,not_reviewed,public_use_permission_not_verified,
183,أشهد أن محمد رسول الله,باب الدين,,0,0,25,https://sshi.sa,أشهد أن محمد رسول الله.mp4,https://sshi.sa/api/file/%D8%A3%D8%B4%D9%87%D8%AF%20%D8%A3%D9%86%20%D9%85%D8%AD%D9%85%D8%AF%20%D8%B1%D8%B3%D9%88%D9%84%20%D8%A7%D9%84%D9%84%D9%87.mp4,metadata_only_not_network_verified,False,missing,not_reviewed,public_use_permission_not_verified,
185,إصلاح ذات البين,باب الدين,اصلاح ذات البين,0,0,25,https://sshi.sa,اصلاح ذات البين.mp4,https://sshi.sa/api/file/%D8%A7%D8%B5%D9%84%D8%A7%D8%AD%20%D8%B0%D8%A7%D8%AA%20%D8%A7%D9%84%D8%A8%D9%8A%D9%86.mp4,metadata_only_not_network_verified,False,missing,not_reviewed,public_use_permission_not_verified,
186,اعجاز القرآن,باب الدين,,0,0,25,https://sshi.sa,اعجاز القرآن.mp4,https://sshi.sa/api/file/%D8%A7%D8%B9%D8%AC%D8%A7%D8%B2%20%D8%A7%D9%84%D9%82%D8%B1%D8%A2%D9%86.mp4,metadata_only_not_network_verified,False,missing,not_reviewed,public_use_permission_not_verified,
187,أعوذ بالله من الشيطان الرجيم,باب الدين,,0,0,25,https://sshi.sa,أعوذ بالله من الشيطان الرجيم.mp4,https://sshi.sa/api/file/%D8%A3%D8%B9%D9%88%D8%B0%20%D8%A8%D8%A7%D9%84%D9%84%D9%87%20%D9%85%D9%86%20%D8%A7%D9%84%D8%B4%D9%8A%D8%B7%D8%A7%D9%86%20%D8%A7%D9%84%D8%B1%D8%AC%D9%8A%D9%85.mp4,metadata_only_not_network_verified,False,missing,not_reviewed,public_use_permission_not_verified,
188,إقام الصلاة,باب الدين,اقامة الصلاة,0,0,25,https://sshi.sa,اقام الصلاة.mp4,https://sshi.sa/api/file/%D8%A7%D9%82%D8%A7%D9%85%20%D8%A7%D9%84%D8%B5%D9%84%D8%A7%D8%A9.mp4,metadata_only_not_network_verified,False,missing,not_reviewed,public_use_permission_not_verified,
189,اكل لحم الإبل,باب الدين,,0,0,25,https://sshi.sa,اكل لحم الإبل.mp4,https://sshi.sa/api/file/%D8%A7%D9%83%D9%84%20%D9%84%D8%AD%D9%85%20%D8%A7%D9%84%D8%A5%D8%A8%D9%84.mp4,metadata_only_not_network_verified,False,missing,not_reviewed,public_use_permission_not_verified,
190,أكل مال اليتيم,باب الدين,اكل مال اليتيم,0,0,25,https://sshi.sa,اكل مال اليتيم.mp4,https://sshi.sa/api/file/%D8%A7%D9%83%D9%84%20%D9%85%D8%A7%D9%84%20%D8%A7%D9%84%D9%8A%D8%AA%D9%8A%D9%85.mp4,metadata_only_not_network_verified,False,missing,not_reviewed,public_use_permission_not_verified,
191,الإحرام,باب الدين,,0,0,25,https://sshi.sa,الاحرام.mp4,https://sshi.sa/api/file/%D8%A7%D9%84%D8%A7%D8%AD%D8%B1%D8%A7%D9%85.mp4,metadata_only_not_network_verified,False,missing,not_reviewed,public_use_permission_not_verified,
192,الإحرام,باب الدين,,0,0,25,https://sshi.sa,الإحرام.mp4,https://sshi.sa/api/file/%D8%A7%D9%84%D8%A5%D8%AD%D8%B1%D8%A7%D9%85.mp4,metadata_only_not_network_verified,False,missing,not_reviewed,public_use_permission_not_verified,
195,الإصرار على الذنب والعناد,باب الدين,,0,0,25,https://sshi.sa,الإصرار على الذنب والعناد.mp4,https://sshi.sa/api/file/%D8%A7%D9%84%D8%A5%D8%B5%D8%B1%D8%A7%D8%B1%20%D8%B9%D9%84%D9%89%20%D8%A7%D9%84%D8%B0%D9%86%D8%A8%20%D9%88%D8%A7%D9%84%D8%B9%D9%86%D8%A7%D8%AF.mp4,metadata_only_not_network_verified,False,missing,not_reviewed,public_use_permission_not_verified,
196,الاضحية,باب الدين,,0,0,25,https://sshi.sa,الاضحية.mp4,https://sshi.sa/api/file/%D8%A7%D9%84%D8%A7%D8%B6%D8%AD%D9%8A%D8%A9.mp4,metadata_only_not_network_verified,False,missing,not_reviewed,public_use_permission_not_verified,
197,الاضطباع,باب الدين,,0,0,25,https://sshi.sa,الاضطباع.mp4,https://sshi.sa/api/file/%D8%A7%D9%84%D8%A7%D8%B6%D8%B7%D8%A8%D8%A7%D8%B9.mp4,metadata_only_not_network_verified,False,missing,not_reviewed,public_use_permission_not_verified,
198,الله الأعلى,باب الدين,الله الاعلى,0,0,25,https://sshi.sa,الأعلى.mp4,https://sshi.sa/api/file/%D8%A7%D9%84%D8%A3%D8%B9%D9%84%D9%89.mp4,metadata_only_not_network_verified,False,missing,not_reviewed,public_use_permission_not_verified,
199,الاغتصاب,باب الدين,,0,0,25,https://sshi.sa,الاغتصاب.mp4,https://sshi.sa/api/file/%D8%A7%D9%84%D8%A7%D8%BA%D8%AA%D8%B5%D8%A7%D8%A8.mp4,metadata_only_not_network_verified,False,missing,not_reviewed,public_use_permission_not_verified,
200,الله الأكرم,باب الدين,الله الاكرم,0,0,25,https://sshi.sa,الأكرم.mp4,https://sshi.sa/api/file/%D8%A7%D9%84%D8%A3%D9%83%D8%B1%D9%85.mp4,metadata_only_not_network_verified,False,missing,not_reviewed,public_use_permission_not_verified,
201,الله الإله,باب الدين,الله الاله,0,0,25,https://sshi.sa,الاله.mp4,https://sshi.sa/api/file/%D8%A7%D9%84%D8%A7%D9%84%D9%87.mp4,metadata_only_not_network_verified,False,missing,not_reviewed,public_use_permission_not_verified,
202,الامام ابن تيمية,باب الدين,,0,0,25,https://sshi.sa,الامام ابن تيمية.mp4,https://sshi.sa/api/file/%D8%A7%D9%84%D8%A7%D9%85%D8%A7%D9%85%20%D8%A7%D8%A8%D9%86%20%D8%AA%D9%8A%D9%85%D9%8A%D8%A9.mp4,metadata_only_not_network_verified,False,missing,not_reviewed,public_use_permission_not_verified,
203,الامام ابن القيم الجوزية,باب الدين,,0,0,25,https://sshi.sa,الامام ابن قيم الجوزية.mp4,https://sshi.sa/api/file/%D8%A7%D9%84%D8%A7%D9%85%D8%A7%D9%85%20%D8%A7%D8%A8%D9%86%20%D9%82%D9%8A%D9%85%20%D8%A7%D9%84%D8%AC%D9%88%D8%B2%D9%8A%D8%A9.mp4,metadata_only_not_network_verified,False,missing,not_reviewed,public_use_permission_not_verified,
204,الامام ابن ماجة,باب الدين,,0,0,25,https://sshi.sa,الامام ابن ماجة.mp4,https://sshi.sa/api/file/%D8%A7%D9%84%D8%A7%D9%85%D8%A7%D9%85%20%D8%A7%D8%A8%D9%86%20%D9%85%D8%A7%D8%AC%D8%A9.mp4,metadata_only_not_network_verified,False,missing,not_reviewed,public_use_permission_not_verified,
205,الامام ابو داود,باب الدين,أبو داود:أبي داؤود:داوود,0,0,25,https://sshi.sa,الامام أبي داوود.mp4,https://sshi.sa/api/file/%D8%A7%D9%84%D8%A7%D9%85%D8%A7%D9%85%20%D8%A3%D8%A8%D9%8A%20%D8%AF%D8%A7%D9%88%D9%88%D8%AF.mp4,metadata_only_not_network_verified,False,missing,not_reviewed,public_use_permission_not_verified,
206,الامام البخاري,باب الدين,,0,0,25,https://sshi.sa,الامام البخاري.mp4,https://sshi.sa/api/file/%D8%A7%D9%84%D8%A7%D9%85%D8%A7%D9%85%20%D8%A7%D9%84%D8%A8%D8%AE%D8%A7%D8%B1%D9%8A.mp4,metadata_only_not_network_verified,False,missing,not_reviewed,public_use_permission_not_verified,
207,الامام الترمذي,باب الدين,,0,0,25,https://sshi.sa,الامام الترمذي.mp4,https://sshi.sa/api/file/%D8%A7%D9%84%D8%A7%D9%85%D8%A7%D9%85%20%D8%A7%D9%84%D8%AA%D8%B1%D9%85%D8%B0%D9%8A.mp4,metadata_only_not_network_verified,False,missing,not_reviewed,public_use_permission_not_verified,
208,الامام النسائي,باب الدين,,0,0,25,https://sshi.sa,الامام النسائي.mp4,https://sshi.sa/api/file/%D8%A7%D9%84%D8%A7%D9%85%D8%A7%D9%85%20%D8%A7%D9%84%D9%86%D8%B3%D8%A7%D8%A6%D9%8A.mp4,metadata_only_not_network_verified,False,missing,not_reviewed,public_use_permission_not_verified,
210,الامام مسلم,باب الدين,,0,0,25,https://sshi.sa,الامام مسلم.mp4,https://sshi.sa/api/file/%D8%A7%D9%84%D8%A7%D9%85%D8%A7%D9%85%20%D9%85%D8%B3%D9%84%D9%85.mp4,metadata_only_not_network_verified,False,missing,not_reviewed,public_use_permission_not_verified,
211,الأمر بالمعروف والنهي عن المنكر,باب الدين,,0,0,25,https://sshi.sa,الأمر بالمعروف والنهي عن المنكر 2.mp4,https://sshi.sa/api/file/%D8%A7%D9%84%D8%A3%D9%85%D8%B1%20%D8%A8%D8%A7%D9%84%D9%85%D8%B9%D8%B1%D9%88%D9%81%20%D9%88%D8%A7%D9%84%D9%86%D9%87%D9%8A%20%D8%B9%D9%86%20%D8%A7%D9%84%D9%85%D9%86%D9%83%D8%B1%202.mp4,metadata_only_not_network_verified,False,missing,not_reviewed,public_use_permission_not_verified,
212,الانجيل - عيسى,باب الدين,,0,0,25,https://sshi.sa,الانجيل - عيسى.mp4,https://sshi.sa/api/file/%D8%A7%D9%84%D8%A7%D9%86%D8%AC%D9%8A%D9%84%20-%20%D8%B9%D9%8A%D8%B3%D9%89.mp4,metadata_only_not_network_verified,False,missing,not_reviewed,public_use_permission_not_verified,
213,الله الأول,باب الدين,الله الاول,0,0,25,https://sshi.sa,الأول.mp4.video.mp4,https://sshi.sa/api/file/%D8%A7%D9%84%D8%A3%D9%88%D9%84.mp4.video.mp4,metadata_only_not_network_verified,False,missing,not_reviewed,public_use_permission_not_verified,
214,الإيلاء,باب الدين,الايلاء,0,0,25,https://sshi.sa,الايلاء.mp4,https://sshi.sa/api/file/%D8%A7%D9%84%D8%A7%D9%8A%D9%84%D8%A7%D8%A1.mp4,metadata_only_not_network_verified,False,missing,not_reviewed,public_use_permission_not_verified,
215,الإيمان بالرسل,باب الدين,الايمان بالرسل,0,0,25,https://sshi.sa,الايمان بالرسل.mp4,https://sshi.sa/api/file/%D8%A7%D9%84%D8%A7%D9%8A%D9%85%D8%A7%D9%86%20%D8%A8%D8%A7%D9%84%D8%B1%D8%B3%D9%84.mp4,metadata_only_not_network_verified,False,missing,not_reviewed,public_use_permission_not_verified,
216,الله البارئ,باب الدين,الله البارى,0,0,25,https://sshi.sa,البارئ.mp4,https://sshi.sa/api/file/%D8%A7%D9%84%D8%A8%D8%A7%D8%B1%D8%A6.mp4,metadata_only_not_network_verified,False,missing,not_reviewed,public_use_permission_not_verified,
217,الله الباسط,باب الدين,,0,0,25,https://sshi.sa,الباسط.mp4,https://sshi.sa/api/file/%D8%A7%D9%84%D8%A8%D8%A7%D8%B3%D8%B7.mp4,metadata_only_not_network_verified,False,missing,not_reviewed,public_use_permission_not_verified,
218,الله البصير,باب الدين,,0,0,25,https://sshi.sa,البصير.mp4,https://sshi.sa/api/file/%D8%A7%D9%84%D8%A8%D8%B5%D9%8A%D8%B1.mp4,metadata_only_not_network_verified,False,missing,not_reviewed,public_use_permission_not_verified,
219,البعث,باب الدين,,0,0,25,https://sshi.sa,البعث.mp4,https://sshi.sa/api/file/%D8%A7%D9%84%D8%A8%D8%B9%D8%AB.mp4,metadata_only_not_network_verified,False,missing,not_reviewed,public_use_permission_not_verified,
220,البول,باب الدين,,0,0,25,https://sshi.sa,البول.mp4,https://sshi.sa/api/file/%D8%A7%D9%84%D8%A8%D9%88%D9%84.mp4,metadata_only_not_network_verified,False,missing,not_reviewed,public_use_permission_not_verified,
221,التابعي,باب الدين,,0,0,25,https://sshi.sa,التابعي.mp4,https://sshi.sa/api/file/%D8%A7%D9%84%D8%AA%D8%A7%D8%A8%D8%B9%D9%8A.mp4,metadata_only_not_network_verified,False,missing,not_reviewed,public_use_permission_not_verified,
222,التعاون على الاثم والعدوان,باب الدين,,0,0,25,https://sshi.sa,التعاون على الاثم والعدوان.mp4,https://sshi.sa/api/file/%D8%A7%D9%84%D8%AA%D8%B9%D8%A7%D9%88%D9%86%20%D8%B9%D9%84%D9%89%20%D8%A7%D9%84%D8%A7%D8%AB%D9%85%20%D9%88%D8%A7%D9%84%D8%B9%D8%AF%D9%88%D8%A7%D9%86.mp4,metadata_only_not_network_verified,False,missing,not_reviewed,public_use_permission_not_verified,
223,التقاعس عن حماية الدين,باب الدين,,0,0,25,https://sshi.sa,التقاعس عن حماية الدين.mp4,https://sshi.sa/api/file/%D8%A7%D9%84%D8%AA%D9%82%D8%A7%D8%B9%D8%B3%20%D8%B9%D9%86%20%D8%AD%D9%85%D8%A7%D9%8A%D8%A9%20%D8%A7%D9%84%D8%AF%D9%8A%D9%86.mp4,metadata_only_not_network_verified,False,missing,not_reviewed,public_use_permission_not_verified,
225,التكبير,باب الدين,,0,0,25,https://sshi.sa,التكبير.mp4,https://sshi.sa/api/file/%D8%A7%D9%84%D8%AA%D9%83%D8%A8%D9%8A%D8%B1.mp4,metadata_only_not_network_verified,False,missing,not_reviewed,public_use_permission_not_verified,
226,التلبية,باب الدين,,0,0,25,https://sshi.sa,التلبية.mp4,https://sshi.sa/api/file/%D8%A7%D9%84%D8%AA%D9%84%D8%A8%D9%8A%D8%A9.mp4,metadata_only_not_network_verified,False,missing,not_reviewed,public_use_permission_not_verified,
227,التهليل,باب الدين,,0,0,25,https://sshi.sa,التهليل.mp4,https://sshi.sa/api/file/%D8%A7%D9%84%D8%AA%D9%87%D9%84%D9%8A%D9%84.mp4,metadata_only_not_network_verified,False,missing,not_reviewed,public_use_permission_not_verified,
228,الله التواب,باب الدين,,0,0,25,https://sshi.sa,التواب.mp4,https://sshi.sa/api/file/%D8%A7%D9%84%D8%AA%D9%88%D8%A7%D8%A8.mp4,metadata_only_not_network_verified,False,missing,not_reviewed,public_use_permission_not_verified,
231,الجاهلية,باب الدين,,0,0,25,https://sshi.sa,الجاهلية.mp4,https://sshi.sa/api/file/%D8%A7%D9%84%D8%AC%D8%A7%D9%87%D9%84%D9%8A%D8%A9.mp4,metadata_only_not_network_verified,False,missing,not_reviewed,public_use_permission_not_verified,
232,الله الجبار,باب الدين,,0,0,25,https://sshi.sa,الجبار.mp4,https://sshi.sa/api/file/%D8%A7%D9%84%D8%AC%D8%A8%D8%A7%D8%B1.mp4,metadata_only_not_network_verified,False,missing,not_reviewed,public_use_permission_not_verified,
233,الجبل,باب الدين,,0,0,25,https://sshi.sa,الجبل.mp4,https://sshi.sa/api/file/%D8%A7%D9%84%D8%AC%D8%A8%D9%84.mp4,metadata_only_not_network_verified,False,missing,not_reviewed,public_use_permission_not_verified,
234,الجلد,باب الدين,,0,0,25,https://sshi.sa,الجلد.mp4,https://sshi.sa/api/file/%D8%A7%D9%84%D8%AC%D9%84%D8%AF.mp4,metadata_only_not_network_verified,False,missing,not_reviewed,public_use_permission_not_verified,
235,الجمرة العقبة - الكبري,باب الدين,,0,0,25,https://sshi.sa,الجمرة العقبة - الكبري.mp4,https://sshi.sa/api/file/%D8%A7%D9%84%D8%AC%D9%85%D8%B1%D8%A9%20%D8%A7%D9%84%D8%B9%D9%82%D8%A8%D8%A9%20-%20%D8%A7%D9%84%D9%83%D8%A8%D8%B1%D9%8A.mp4,metadata_only_not_network_verified,False,missing,not_reviewed,public_use_permission_not_verified,
236,الله الجميل,باب الدين,,0,0,25,https://sshi.sa,الجميل.mp4,https://sshi.sa/api/file/%D8%A7%D9%84%D8%AC%D9%85%D9%8A%D9%84.mp4,metadata_only_not_network_verified,False,missing,not_reviewed,public_use_permission_not_verified,
239,الله الجواد,باب الدين,,0,0,25,https://sshi.sa,الجواد.mp4,https://sshi.sa/api/file/%D8%A7%D9%84%D8%AC%D9%88%D8%A7%D8%AF.mp4,metadata_only_not_network_verified,False,missing,not_reviewed,public_use_permission_not_verified,
240,الله الحافظ,باب الدين,,0,0,25,https://sshi.sa,الحافظ.mp4,https://sshi.sa/api/file/%D8%A7%D9%84%D8%AD%D8%A7%D9%81%D8%B8.mp4,metadata_only_not_network_verified,False,missing,not_reviewed,public_use_permission_not_verified,
241,الحداد,باب الدين,,0,0,25,https://sshi.sa,الحداد.mp4,https://sshi.sa/api/file/%D8%A7%D9%84%D8%AD%D8%AF%D8%A7%D8%AF.mp4,metadata_only_not_network_verified,False,missing,not_reviewed,public_use_permission_not_verified,
242,الحسن بن علي بن أبي طالب,باب الدين,,0,0,25,https://sshi.sa,الحسن بن علي بن أبي طالب.mp4,https://sshi.sa/api/file/%D8%A7%D9%84%D8%AD%D8%B3%D9%86%20%D8%A8%D9%86%20%D8%B9%D9%84%D9%8A%20%D8%A8%D9%86%20%D8%A3%D8%A8%D9%8A%20%D8%B7%D8%A7%D9%84%D8%A8.mp4,metadata_only_not_network_verified,False,missing,not_reviewed,public_use_permission_not_verified,
243,الله الحسيب,باب الدين,,0,0,25,https://sshi.sa,الحسيب.mp4,https://sshi.sa/api/file/%D8%A7%D9%84%D8%AD%D8%B3%D9%8A%D8%A8.mp4,metadata_only_not_network_verified,False,missing,not_reviewed,public_use_permission_not_verified,
244,الحسين بن علي بن أبي طالب,باب الدين,,0,0,25,https://sshi.sa,الحسين بن علي بن أبي طالب.mp4,https://sshi.sa/api/file/%D8%A7%D9%84%D8%AD%D8%B3%D9%8A%D9%86%20%D8%A8%D9%86%20%D8%B9%D9%84%D9%8A%20%D8%A8%D9%86%20%D8%A3%D8%A8%D9%8A%20%D8%B7%D8%A7%D9%84%D8%A8.mp4,metadata_only_not_network_verified,False,missing,not_reviewed,public_use_permission_not_verified,
245,الله الحفيظ,باب الدين,,0,0,25,https://sshi.sa,الحفيظ.mp4,https://sshi.sa/api/file/%D8%A7%D9%84%D8%AD%D9%81%D9%8A%D8%B8.mp4,metadata_only_not_network_verified,False,missing,not_reviewed,public_use_permission_not_verified,
246,الله الحق,باب الدين,,0,0,25,https://sshi.sa,الحق~1.mp4,https://sshi.sa/api/file/%D8%A7%D9%84%D8%AD%D9%82~1.mp4,metadata_only_not_network_verified,False,missing,not_reviewed,public_use_permission_not_verified,
247,الحكم بغير ما أنزل الله,باب الدين,,0,0,25,https://sshi.sa,الحكم بغير ما أنزل الله.mp4,https://sshi.sa/api/file/%D8%A7%D9%84%D8%AD%D9%83%D9%85%20%D8%A8%D8%BA%D9%8A%D8%B1%20%D9%85%D8%A7%20%D8%A3%D9%86%D8%B2%D9%84%20%D8%A7%D9%84%D9%84%D9%87.mp4,metadata_only_not_network_verified,False,missing,not_reviewed,public_use_permission_not_verified,
248,الله الحكم,باب الدين,,0,0,25,https://sshi.sa,الحكم.mp4,https://sshi.sa/api/file/%D8%A7%D9%84%D8%AD%D9%83%D9%85.mp4,metadata_only_not_network_verified,False,missing,not_reviewed,public_use_permission_not_verified,
249,الله الحكيم,باب الدين,,0,0,25,https://sshi.sa,الحكيم.mp4,https://sshi.sa/api/file/%D8%A7%D9%84%D8%AD%D9%83%D9%8A%D9%85.mp4,metadata_only_not_network_verified,False,missing,not_reviewed,public_use_permission_not_verified,
250,الحلق أو التقصير,باب الدين,,0,0,25,https://sshi.sa,الحلق أو التقصير.mp4,https://sshi.sa/api/file/%D8%A7%D9%84%D8%AD%D9%84%D9%82%20%D8%A3%D9%88%20%D8%A7%D9%84%D8%AA%D9%82%D8%B5%D9%8A%D8%B1.mp4,metadata_only_not_network_verified,False,missing,not_reviewed,public_use_permission_not_verified,
251,الحلق,باب الدين,,0,0,25,https://sshi.sa,الحلق.mp4,https://sshi.sa/api/file/%D8%A7%D9%84%D8%AD%D9%84%D9%82.mp4,metadata_only_not_network_verified,False,missing,not_reviewed,public_use_permission_not_verified,
252,الله الحليم,باب الدين,,0,0,25,https://sshi.sa,الحليم.mp4,https://sshi.sa/api/file/%D8%A7%D9%84%D8%AD%D9%84%D9%8A%D9%85.mp4,metadata_only_not_network_verified,False,missing,not_reviewed,public_use_permission_not_verified,
253,الحمدلله التحميد,باب الدين,,0,0,25,https://sshi.sa,الحمدلله.mp4,https://sshi.sa/api/file/%D8%A7%D9%84%D8%AD%D9%85%D8%AF%D9%84%D9%84%D9%87.mp4,metadata_only_not_network_verified,False,missing,not_reviewed,public_use_permission_not_verified,
254,الله الحميد,باب الدين,,0,0,25,https://sshi.sa,الحميد.mp4,https://sshi.sa/api/file/%D8%A7%D9%84%D8%AD%D9%85%D9%8A%D8%AF.mp4,metadata_only_not_network_verified,False,missing,not_reviewed,public_use_permission_not_verified,
255,الله الحي,باب الدين,,0,0,25,https://sshi.sa,الحي.mp4,https://sshi.sa/api/file/%D8%A7%D9%84%D8%AD%D9%8A.mp4,metadata_only_not_network_verified,False,missing,not_reviewed,public_use_permission_not_verified,
256,الحيض,باب الدين,,0,0,25,https://sshi.sa,الحيض.mp4,https://sshi.sa/api/file/%D8%A7%D9%84%D8%AD%D9%8A%D8%B6.mp4,metadata_only_not_network_verified,False,missing,not_reviewed,public_use_permission_not_verified,
257,الله الحيي,باب الدين,,0,0,25,https://sshi.sa,الحيي.mp4,https://sshi.sa/api/file/%D8%A7%D9%84%D8%AD%D9%8A%D9%8A.mp4,metadata_only_not_network_verified,False,missing,not_reviewed,public_use_permission_not_verified,
258,الخارج,باب الدين,,0,0,25,https://sshi.sa,الخارج.mp4,https://sshi.sa/api/file/%D8%A7%D9%84%D8%AE%D8%A7%D8%B1%D8%AC.mp4,metadata_only_not_network_verified,False,missing,not_reviewed,public_use_permission_not_verified,
259,الله الخافض,باب الدين,,0,0,25,https://sshi.sa,الخافض.mp4,https://sshi.sa/api/file/%D8%A7%D9%84%D8%AE%D8%A7%D9%81%D8%B6.mp4,metadata_only_not_network_verified,False,missing,not_reviewed,public_use_permission_not_verified,
260,الله الخالق,باب الدين,,0,0,25,https://sshi.sa,الخالق.mp4,https://sshi.sa/api/file/%D8%A7%D9%84%D8%AE%D8%A7%D9%84%D9%82.mp4,metadata_only_not_network_verified,False,missing,not_reviewed,public_use_permission_not_verified,
261,الله الخبير,باب الدين,,0,0,25,https://sshi.sa,الخبير.mp4,https://sshi.sa/api/file/%D8%A7%D9%84%D8%AE%D8%A8%D9%8A%D8%B1.mp4,metadata_only_not_network_verified,False,missing,not_reviewed,public_use_permission_not_verified,
262,الخضر عليه السلام,باب الدين,,0,0,25,https://sshi.sa,الخضر.mp4,https://sshi.sa/api/file/%D8%A7%D9%84%D8%AE%D8%B6%D8%B1.mp4,metadata_only_not_network_verified,False,missing,not_reviewed,public_use_permission_not_verified,
263,الله الخلاق,باب الدين,,0,0,25,https://sshi.sa,الخلاق.mp4,https://sshi.sa/api/file/%D8%A7%D9%84%D8%AE%D9%84%D8%A7%D9%82.mp4,metadata_only_not_network_verified,False,missing,not_reviewed,public_use_permission_not_verified,
264,الخلع,باب الدين,,0,0,25,https://sshi.sa,الخلع.mp4,https://sshi.sa/api/file/%D8%A7%D9%84%D8%AE%D9%84%D8%B9.mp4,metadata_only_not_network_verified,False,missing,not_reviewed,public_use_permission_not_verified,
265,الخلفاء الراشدون,باب الدين,,0,0,25,https://sshi.sa,الخلفاء الراشدون.mp4,https://sshi.sa/api/file/%D8%A7%D9%84%D8%AE%D9%84%D9%81%D8%A7%D8%A1%20%D8%A7%D9%84%D8%B1%D8%A7%D8%B4%D8%AF%D9%88%D9%86.mp4,metadata_only_not_network_verified,False,missing,not_reviewed,public_use_permission_not_verified,
266,الخندق - الاحزاب,باب الدين,,0,0,25,https://sshi.sa,الخندق - الاحزاب.mp4,https://sshi.sa/api/file/%D8%A7%D9%84%D8%AE%D9%86%D8%AF%D9%82%20-%20%D8%A7%D9%84%D8%A7%D8%AD%D8%B2%D8%A7%D8%A8.mp4,metadata_only_not_network_verified,False,missing,not_reviewed,public_use_permission_not_verified,
267,الداخل,باب الدين,,0,0,25,https://sshi.sa,الداخل.mp4,https://sshi.sa/api/file/%D8%A7%D9%84%D8%AF%D8%A7%D8%AE%D9%84.mp4,metadata_only_not_network_verified,False,missing,not_reviewed,public_use_permission_not_verified,
268,الدليل من الحديث,باب الدين,,0,0,25,https://sshi.sa,الدليل من الحديث.mp4,https://sshi.sa/api/file/%D8%A7%D9%84%D8%AF%D9%84%D9%8A%D9%84%20%D9%85%D9%86%20%D8%A7%D9%84%D8%AD%D8%AF%D9%8A%D8%AB.mp4,metadata_only_not_network_verified,False,missing,not_reviewed,public_use_permission_not_verified,
269,الدليل من القرآن,باب الدين,,0,0,25,https://sshi.sa,الدليل من القرآن.mp4,https://sshi.sa/api/file/%D8%A7%D9%84%D8%AF%D9%84%D9%8A%D9%84%20%D9%85%D9%86%20%D8%A7%D9%84%D9%82%D8%B1%D8%A2%D9%86.mp4,metadata_only_not_network_verified,False,missing,not_reviewed,public_use_permission_not_verified,
271,الله الديان,باب الدين,,0,0,25,https://sshi.sa,الديان.mp4,https://sshi.sa/api/file/%D8%A7%D9%84%D8%AF%D9%8A%D8%A7%D9%86.mp4,metadata_only_not_network_verified,False,missing,not_reviewed,public_use_permission_not_verified,
272,الذبح,باب الدين,,0,0,25,https://sshi.sa,الذبح.mp4,https://sshi.sa/api/file/%D8%A7%D9%84%D8%B0%D8%A8%D8%AD.mp4,metadata_only_not_network_verified,False,missing,not_reviewed,public_use_permission_not_verified,
274,الله الرافع,باب الدين,,0,0,25,https://sshi.sa,الرافع.mp4,https://sshi.sa/api/file/%D8%A7%D9%84%D8%B1%D8%A7%D9%81%D8%B9.mp4,metadata_only_not_network_verified,False,missing,not_reviewed,public_use_permission_not_verified,
275,الله الرب,باب الدين,,0,0,25,https://sshi.sa,الرب.mp4,https://sshi.sa/api/file/%D8%A7%D9%84%D8%B1%D8%A8.mp4,metadata_only_not_network_verified,False,missing,not_reviewed,public_use_permission_not_verified,
276,الرجوع إلى الله,باب الدين,,0,0,25,https://sshi.sa,الرجوع إلى الله.mp4,https://sshi.sa/api/file/%D8%A7%D9%84%D8%B1%D8%AC%D9%88%D8%B9%20%D8%A5%D9%84%D9%89%20%D8%A7%D9%84%D9%84%D9%87.mp4,metadata_only_not_network_verified,False,missing,not_reviewed,public_use_permission_not_verified,
277,الله الرحمن,باب الدين,,0,0,25,https://sshi.sa,الرحمن.mp4,https://sshi.sa/api/file/%D8%A7%D9%84%D8%B1%D8%AD%D9%85%D9%86.mp4,metadata_only_not_network_verified,False,missing,not_reviewed,public_use_permission_not_verified,
278,الرحيق المختوم,باب الدين,,0,0,25,https://sshi.sa,الرحيق المختوم.mp4,https://sshi.sa/api/file/%D8%A7%D9%84%D8%B1%D8%AD%D9%8A%D9%82%20%D8%A7%D9%84%D9%85%D8%AE%D8%AA%D9%88%D9%85.mp4,metadata_only_not_network_verified,False,missing,not_reviewed,public_use_permission_not_verified,
279,الله الرحيم,باب الدين,,0,0,25,https://sshi.sa,الرحيم.mp4,https://sshi.sa/api/file/%D8%A7%D9%84%D8%B1%D8%AD%D9%8A%D9%85.mp4,metadata_only_not_network_verified,False,missing,not_reviewed,public_use_permission_not_verified,
280,الردة,باب الدين,,0,0,25,https://sshi.sa,الردة~1.mp4,https://sshi.sa/api/file/%D8%A7%D9%84%D8%B1%D8%AF%D8%A9~1.mp4,metadata_only_not_network_verified,False,missing,not_reviewed,public_use_permission_not_verified,
281,الله الرزاق,باب الدين,,0,0,25,https://sshi.sa,الرزاق.mp4,https://sshi.sa/api/file/%D8%A7%D9%84%D8%B1%D8%B2%D8%A7%D9%82.mp4,metadata_only_not_network_verified,False,missing,not_reviewed,public_use_permission_not_verified,
282,الله الرفيق,باب الدين,,0,0,25,https://sshi.sa,الرفيق.mp4,https://sshi.sa/api/file/%D8%A7%D9%84%D8%B1%D9%81%D9%8A%D9%82.mp4,metadata_only_not_network_verified,False,missing,not_reviewed,public_use_permission_not_verified,
283,الله الرقيب,باب الدين,,0,0,25,https://sshi.sa,الرقيب.mp4,https://sshi.sa/api/file/%D8%A7%D9%84%D8%B1%D9%82%D9%8A%D8%A8.mp4,metadata_only_not_network_verified,False,missing,not_reviewed,public_use_permission_not_verified,
284,الركن اليماني,باب الدين,,0,0,25,https://sshi.sa,الركن اليماني.mp4,https://sshi.sa/api/file/%D8%A7%D9%84%D8%B1%D9%83%D9%86%20%D8%A7%D9%84%D9%8A%D9%85%D8%A7%D9%86%D9%8A.mp4,metadata_only_not_network_verified,False,missing,not_reviewed,public_use_permission_not_verified,
285,الرمل,باب الدين,,0,0,25,https://sshi.sa,الرمل.mp4,https://sshi.sa/api/file/%D8%A7%D9%84%D8%B1%D9%85%D9%84.mp4,metadata_only_not_network_verified,False,missing,not_reviewed,public_use_permission_not_verified,
286,الله الرؤوف,باب الدين,الله الروؤف:الله الرووف,0,0,25,https://sshi.sa,الرؤوف.mp4,https://sshi.sa/api/file/%D8%A7%D9%84%D8%B1%D8%A4%D9%88%D9%81.mp4,metadata_only_not_network_verified,False,missing,not_reviewed,public_use_permission_not_verified,
287,الريح,باب الدين,,0,0,25,https://sshi.sa,الريح.mp4,https://sshi.sa/api/file/%D8%A7%D9%84%D8%B1%D9%8A%D8%AD.mp4,metadata_only_not_network_verified,False,missing,not_reviewed,public_use_permission_not_verified,
290,الله السَبوح,باب الدين,الله السبوح,0,0,25,https://sshi.sa,السبوح.mp4,https://sshi.sa/api/file/%D8%A7%D9%84%D8%B3%D8%A8%D9%88%D8%AD.mp4,metadata_only_not_network_verified,False,missing,not_reviewed,public_use_permission_not_verified,
291,الله الستير,باب الدين,,0,0,25,https://sshi.sa,الستير.mp4,https://sshi.sa/api/file/%D8%A7%D9%84%D8%B3%D8%AA%D9%8A%D8%B1.mp4,metadata_only_not_network_verified,False,missing,not_reviewed,public_use_permission_not_verified,
294,الله السلام,باب الدين,,0,0,25,https://sshi.sa,السلام.mp4,https://sshi.sa/api/file/%D8%A7%D9%84%D8%B3%D9%84%D8%A7%D9%85.mp4,metadata_only_not_network_verified,False,missing,not_reviewed,public_use_permission_not_verified,
295,السلوى,باب الدين,,0,0,25,https://sshi.sa,السلوى.mp4,https://sshi.sa/api/file/%D8%A7%D9%84%D8%B3%D9%84%D9%88%D9%89.mp4,metadata_only_not_network_verified,False,missing,not_reviewed,public_use_permission_not_verified,
297,الله السميع,باب الدين,,0,0,25,https://sshi.sa,السميع.mp4,https://sshi.sa/api/file/%D8%A7%D9%84%D8%B3%D9%85%D9%8A%D8%B9.mp4,metadata_only_not_network_verified,False,missing,not_reviewed,public_use_permission_not_verified,
298,السواك,باب الدين,,0,0,25,https://sshi.sa,السواك.mp4,https://sshi.sa/api/file/%D8%A7%D9%84%D8%B3%D9%88%D8%A7%D9%83.mp4,metadata_only_not_network_verified,False,missing,not_reviewed,public_use_permission_not_verified,
299,الله السيد,باب الدين,,0,0,25,https://sshi.sa,السيد.mp4,https://sshi.sa/api/file/%D8%A7%D9%84%D8%B3%D9%8A%D8%AF.mp4,metadata_only_not_network_verified,False,missing,not_reviewed,public_use_permission_not_verified,
300,محمد بن إدريس المذهب الشافعي,باب الدين,محمد بن ادريس المذهب الشافعي,0,0,25,https://sshi.sa,الشافعي.mp4,https://sshi.sa/api/file/%D8%A7%D9%84%D8%B4%D8%A7%D9%81%D8%B9%D9%8A.mp4,metadata_only_not_network_verified,False,missing,not_reviewed,public_use_permission_not_verified,
301,الله الشافي,باب الدين,,0,0,25,https://sshi.sa,الشافي.mp4,https://sshi.sa/api/file/%D8%A7%D9%84%D8%B4%D8%A7%D9%81%D9%8A.mp4,metadata_only_not_network_verified,False,missing,not_reviewed,public_use_permission_not_verified,
302,الله الشاكر,باب الدين,,0,0,25,https://sshi.sa,الشاكر.mp4,https://sshi.sa/api/file/%D8%A7%D9%84%D8%B4%D8%A7%D9%83%D8%B1.mp4,metadata_only_not_network_verified,False,missing,not_reviewed,public_use_permission_not_verified,
303,الشكر لله,باب الدين,,0,0,25,https://sshi.sa,الشكر لله.mp4,https://sshi.sa/api/file/%D8%A7%D9%84%D8%B4%D9%83%D8%B1%20%D9%84%D9%84%D9%87.mp4,metadata_only_not_network_verified,False,missing,not_reviewed,public_use_permission_not_verified,
304,الله الشكور,باب الدين,,0,0,25,https://sshi.sa,الشكور.mp4,https://sshi.sa/api/file/%D8%A7%D9%84%D8%B4%D9%83%D9%88%D8%B1.mp4,metadata_only_not_network_verified,False,missing,not_reviewed,public_use_permission_not_verified,
306,الشهادتان,باب الدين,,0,0,25,https://sshi.sa,الشهادتان.mp4,https://sshi.sa/api/file/%D8%A7%D9%84%D8%B4%D9%87%D8%A7%D8%AF%D8%AA%D8%A7%D9%86.mp4,metadata_only_not_network_verified,False,missing,not_reviewed,public_use_permission_not_verified,
307,الله الشهيد,باب الدين,,0,0,25,https://sshi.sa,الشهيد.mp4,https://sshi.sa/api/file/%D8%A7%D9%84%D8%B4%D9%87%D9%8A%D8%AF.mp4,metadata_only_not_network_verified,False,missing,not_reviewed,public_use_permission_not_verified,
308,الشيخ أحمد بن يحيى النجمي,باب الدين,,0,0,25,https://sshi.sa,الشيخ أحمد بن يحيى النجمي.mp4,https://sshi.sa/api/file/%D8%A7%D9%84%D8%B4%D9%8A%D8%AE%20%D8%A3%D8%AD%D9%85%D8%AF%20%D8%A8%D9%86%20%D9%8A%D8%AD%D9%8A%D9%89%20%D8%A7%D9%84%D9%86%D8%AC%D9%85%D9%8A.mp4,metadata_only_not_network_verified,False,missing,not_reviewed,public_use_permission_not_verified,
309,الشيخ صالح الفوزان,باب الدين,,0,0,25,https://sshi.sa,الشيخ صالح الفوزان.mp4,https://sshi.sa/api/file/%D8%A7%D9%84%D8%B4%D9%8A%D8%AE%20%D8%B5%D8%A7%D9%84%D8%AD%20%D8%A7%D9%84%D9%81%D9%88%D8%B2%D8%A7%D9%86.mp4,metadata_only_not_network_verified,False,missing,not_reviewed,public_use_permission_not_verified,
310,الشيخ عبدالعزيز ال الشيخ,باب الدين,,0,0,25,https://sshi.sa,الشيخ عبدالعزيز الشيخ.mp4,https://sshi.sa/api/file/%D8%A7%D9%84%D8%B4%D9%8A%D8%AE%20%D8%B9%D8%A8%D8%AF%D8%A7%D9%84%D8%B9%D8%B2%D9%8A%D8%B2%20%D8%A7%D9%84%D8%B4%D9%8A%D8%AE.mp4,metadata_only_not_network_verified,False,missing,not_reviewed,public_use_permission_not_verified,
311,الشيخ عبدالعزيز بن باز,باب الدين,,0,0,25,https://sshi.sa,الشيخ عبدالعزيز بن باز.mp4,https://sshi.sa/api/file/%D8%A7%D9%84%D8%B4%D9%8A%D8%AE%20%D8%B9%D8%A8%D8%AF%D8%A7%D9%84%D8%B9%D8%B2%D9%8A%D8%B2%20%D8%A8%D9%86%20%D8%A8%D8%A7%D8%B2.mp4,metadata_only_not_network_verified,False,missing,not_reviewed,public_use_permission_not_verified,
312,الشيخ عبدالله بن الجبرين,باب الدين,,0,0,25,https://sshi.sa,الشيخ عبدالله بن الجبرين.mp4,https://sshi.sa/api/file/%D8%A7%D9%84%D8%B4%D9%8A%D8%AE%20%D8%B9%D8%A8%D8%AF%D8%A7%D9%84%D9%84%D9%87%20%D8%A8%D9%86%20%D8%A7%D9%84%D8%AC%D8%A8%D8%B1%D9%8A%D9%86.mp4,metadata_only_not_network_verified,False,missing,not_reviewed,public_use_permission_not_verified,
313,الشيخ محمد بن العثيمين,باب الدين,,0,0,25,https://sshi.sa,الشيخ محمد بن العثيمين.mp4,https://sshi.sa/api/file/%D8%A7%D9%84%D8%B4%D9%8A%D8%AE%20%D9%85%D8%AD%D9%85%D8%AF%20%D8%A8%D9%86%20%D8%A7%D9%84%D8%B9%D8%AB%D9%8A%D9%85%D9%8A%D9%86.mp4,metadata_only_not_network_verified,False,missing,not_reviewed,public_use_permission_not_verified,
314,الشيخ محمد بن عبدالوهاب,باب الدين,,0,0,25,https://sshi.sa,الشيخ محمد بن عبدالوهاب.mp4,https://sshi.sa/api/file/%D8%A7%D9%84%D8%B4%D9%8A%D8%AE%20%D9%85%D8%AD%D9%85%D8%AF%20%D8%A8%D9%86%20%D8%B9%D8%A8%D8%AF%D8%A7%D9%84%D9%88%D9%87%D8%A7%D8%A8.mp4,metadata_only_not_network_verified,False,missing,not_reviewed,public_use_permission_not_verified,
315,الشيخ محمد بن ناصر الألباني,باب الدين,,0,0,25,https://sshi.sa,الشيخ محمد بن ناصر الألباني.mp4,https://sshi.sa/api/file/%D8%A7%D9%84%D8%B4%D9%8A%D8%AE%20%D9%85%D8%AD%D9%85%D8%AF%20%D8%A8%D9%86%20%D9%86%D8%A7%D8%B5%D8%B1%20%D8%A7%D9%84%D8%A3%D9%84%D8%A8%D8%A7%D9%86%D9%8A.mp4,metadata_only_not_network_verified,False,missing,not_reviewed,public_use_permission_not_verified,
319,الصلاة خير من النوم,باب الدين,,0,0,25,https://sshi.sa,الصلاة خير من النوم.mp4,https://sshi.sa/api/file/%D8%A7%D9%84%D8%B5%D9%84%D8%A7%D8%A9%20%D8%AE%D9%8A%D8%B1%20%D9%85%D9%86%20%D8%A7%D9%84%D9%86%D9%88%D9%85.mp4,metadata_only_not_network_verified,False,missing,not_reviewed,public_use_permission_not_verified,
321,الله الصمد,باب الدين,,0,0,25,https://sshi.sa,الصمد.mp4,https://sshi.sa/api/file/%D8%A7%D9%84%D8%B5%D9%85%D8%AF.mp4,metadata_only_not_network_verified,False,missing,not_reviewed,public_use_permission_not_verified,
322,الطلاق البائن,باب الدين,,0,0,25,https://sshi.sa,الطلاق البائن.mp4,https://sshi.sa/api/file/%D8%A7%D9%84%D8%B7%D9%84%D8%A7%D9%82%20%D8%A7%D9%84%D8%A8%D8%A7%D8%A6%D9%86.mp4,metadata_only_not_network_verified,False,missing,not_reviewed,public_use_permission_not_verified,
323,الطلاق الرجعي,باب الدين,,0,0,25,https://sshi.sa,الطلاق الرجعي.mp4,https://sshi.sa/api/file/%D8%A7%D9%84%D8%B7%D9%84%D8%A7%D9%82%20%D8%A7%D9%84%D8%B1%D8%AC%D8%B9%D9%8A.mp4,metadata_only_not_network_verified,False,missing,not_reviewed,public_use_permission_not_verified,
324,الطلاق,باب الدين,,0,0,25,https://sshi.sa,الطلاق.mp4,https://sshi.sa/api/file/%D8%A7%D9%84%D8%B7%D9%84%D8%A7%D9%82.mp4,metadata_only_not_network_verified,False,missing,not_reviewed,public_use_permission_not_verified,
325,الله الطيب,باب الدين,,0,0,25,https://sshi.sa,الطيب.mp4,https://sshi.sa/api/file/%D8%A7%D9%84%D8%B7%D9%8A%D8%A8.mp4,metadata_only_not_network_verified,False,missing,not_reviewed,public_use_permission_not_verified,
326,الله الظاهر,باب الدين,,0,0,25,https://sshi.sa,الظاهر.mp4,https://sshi.sa/api/file/%D8%A7%D9%84%D8%B8%D8%A7%D9%87%D8%B1.mp4,metadata_only_not_network_verified,False,missing,not_reviewed,public_use_permission_not_verified,
327,الظهار,باب الدين,,0,0,25,https://sshi.sa,الظهار.mp4,https://sshi.sa/api/file/%D8%A7%D9%84%D8%B8%D9%87%D8%A7%D8%B1.mp4,metadata_only_not_network_verified,False,missing,not_reviewed,public_use_permission_not_verified,
328,الله العالم,باب الدين,,0,0,25,https://sshi.sa,العالم.mp4,https://sshi.sa/api/file/%D8%A7%D9%84%D8%B9%D8%A7%D9%84%D9%85.mp4,metadata_only_not_network_verified,False,missing,not_reviewed,public_use_permission_not_verified,
330,العرش,باب الدين,,0,0,25,https://sshi.sa,العرش.mp4,https://sshi.sa/api/file/%D8%A7%D9%84%D8%B9%D8%B1%D8%B4.mp4,metadata_only_not_network_verified,False,missing,not_reviewed,public_use_permission_not_verified,
331,الله العزيز,باب الدين,,0,0,25,https://sshi.sa,العزيز.mp4,https://sshi.sa/api/file/%D8%A7%D9%84%D8%B9%D8%B2%D9%8A%D8%B2.mp4,metadata_only_not_network_verified,False,missing,not_reviewed,public_use_permission_not_verified,
332,العشرة المبشرون بالجنة,باب الدين,,0,0,25,https://sshi.sa,العشرة المبشرون بالجنة.mp4,https://sshi.sa/api/file/%D8%A7%D9%84%D8%B9%D8%B4%D8%B1%D8%A9%20%D8%A7%D9%84%D9%85%D8%A8%D8%B4%D8%B1%D9%88%D9%86%20%D8%A8%D8%A7%D9%84%D8%AC%D9%86%D8%A9.mp4,metadata_only_not_network_verified,False,missing,not_reviewed,public_use_permission_not_verified,
334,الله العفو,باب الدين,,0,0,25,https://sshi.sa,العفو.mp4,https://sshi.sa/api/file/%D8%A7%D9%84%D8%B9%D9%81%D9%88.mp4,metadata_only_not_network_verified,False,missing,not_reviewed,public_use_permission_not_verified,
335,الله العلي,باب الدين,,0,0,25,https://sshi.sa,العلي.mp4,https://sshi.sa/api/file/%D8%A7%D9%84%D8%B9%D9%84%D9%8A.mp4,metadata_only_not_network_verified,False,missing,not_reviewed,public_use_permission_not_verified,
336,الله العليم,باب الدين,,0,0,25,https://sshi.sa,العليم.mp4,https://sshi.sa/api/file/%D8%A7%D9%84%D8%B9%D9%84%D9%8A%D9%85.mp4,metadata_only_not_network_verified,False,missing,not_reviewed,public_use_permission_not_verified,
337,العمرة,باب الدين,,0,0,25,https://sshi.sa,العمرة.mp4,https://sshi.sa/api/file/%D8%A7%D9%84%D8%B9%D9%85%D8%B1%D8%A9.mp4,metadata_only_not_network_verified,False,missing,not_reviewed,public_use_permission_not_verified,
338,العمل الصالح,باب الدين,,0,0,25,https://sshi.sa,العمل الصالح.mp4,https://sshi.sa/api/file/%D8%A7%D9%84%D8%B9%D9%85%D9%84%20%D8%A7%D9%84%D8%B5%D8%A7%D9%84%D8%AD.mp4,metadata_only_not_network_verified,False,missing,not_reviewed,public_use_permission_not_verified,
339,الغائط,باب الدين,,0,0,25,https://sshi.sa,الغائط.mp4,https://sshi.sa/api/file/%D8%A7%D9%84%D8%BA%D8%A7%D8%A6%D8%B7.mp4,metadata_only_not_network_verified,False,missing,not_reviewed,public_use_permission_not_verified,
340,الغصب,باب الدين,,0,0,25,https://sshi.sa,الغصب.mp4,https://sshi.sa/api/file/%D8%A7%D9%84%D8%BA%D8%B5%D8%A8.mp4,metadata_only_not_network_verified,False,missing,not_reviewed,public_use_permission_not_verified,
341,الله الغفار,باب الدين,,0,0,25,https://sshi.sa,الغفار.mp4,https://sshi.sa/api/file/%D8%A7%D9%84%D8%BA%D9%81%D8%A7%D8%B1.mp4,metadata_only_not_network_verified,False,missing,not_reviewed,public_use_permission_not_verified,
342,الله الغفور,باب الدين,,0,0,25,https://sshi.sa,الغفور.mp4,https://sshi.sa/api/file/%D8%A7%D9%84%D8%BA%D9%81%D9%88%D8%B1.mp4,metadata_only_not_network_verified,False,missing,not_reviewed,public_use_permission_not_verified,
343,الله الغني,باب الدين,,0,0,25,https://sshi.sa,الغني.mp4,https://sshi.sa/api/file/%D8%A7%D9%84%D8%BA%D9%86%D9%8A.mp4,metadata_only_not_network_verified,False,missing,not_reviewed,public_use_permission_not_verified,
344,الله الفتاح,باب الدين,,0,0,25,https://sshi.sa,الفتاح.mp4,https://sshi.sa/api/file/%D8%A7%D9%84%D9%81%D8%AA%D8%A7%D8%AD.mp4,metadata_only_not_network_verified,False,missing,not_reviewed,public_use_permission_not_verified,
345,الفرار إلى الله - اللجوء إلى الله,باب الدين,,0,0,25,https://sshi.sa,الفرار إلى الله - اللجوء إلى الله.mp4,https://sshi.sa/api/file/%D8%A7%D9%84%D9%81%D8%B1%D8%A7%D8%B1%20%D8%A5%D9%84%D9%89%20%D8%A7%D9%84%D9%84%D9%87%20-%20%D8%A7%D9%84%D9%84%D8%AC%D9%88%D8%A1%20%D8%A5%D9%84%D9%89%20%D8%A7%D9%84%D9%84%D9%87.mp4,metadata_only_not_network_verified,False,missing,not_reviewed,public_use_permission_not_verified,
346,الفردوس,باب الدين,,0,0,25,https://sshi.sa,الفردوس.mp4,https://sshi.sa/api/file/%D8%A7%D9%84%D9%81%D8%B1%D8%AF%D9%88%D8%B3.mp4,metadata_only_not_network_verified,False,missing,not_reviewed,public_use_permission_not_verified,
348,الله القابض,باب الدين,,0,0,25,https://sshi.sa,القابض.mp4,https://sshi.sa/api/file/%D8%A7%D9%84%D9%82%D8%A7%D8%A8%D8%B6.mp4,metadata_only_not_network_verified,False,missing,not_reviewed,public_use_permission_not_verified,
349,الله القادر,باب الدين,,0,0,25,https://sshi.sa,القادر.mp4,https://sshi.sa/api/file/%D8%A7%D9%84%D9%82%D8%A7%D8%AF%D8%B1.mp4,metadata_only_not_network_verified,False,missing,not_reviewed,public_use_permission_not_verified,
350,القانتون,باب الدين,,0,0,25,https://sshi.sa,القانتون.mp4,https://sshi.sa/api/file/%D8%A7%D9%84%D9%82%D8%A7%D9%86%D8%AA%D9%88%D9%86.mp4,metadata_only_not_network_verified,False,missing,not_reviewed,public_use_permission_not_verified,
351,الله القاهر,باب الدين,,0,0,25,https://sshi.sa,القاهر.mp4,https://sshi.sa/api/file/%D8%A7%D9%84%D9%82%D8%A7%D9%87%D8%B1.mp4,metadata_only_not_network_verified,False,missing,not_reviewed,public_use_permission_not_verified,
354,الله القدوس,باب الدين,,0,0,25,https://sshi.sa,القدوس.mp4,https://sshi.sa/api/file/%D8%A7%D9%84%D9%82%D8%AF%D9%88%D8%B3.mp4,metadata_only_not_network_verified,False,missing,not_reviewed,public_use_permission_not_verified,
355,الله القدير,باب الدين,,0,0,25,https://sshi.sa,القدير.mp4,https://sshi.sa/api/file/%D8%A7%D9%84%D9%82%D8%AF%D9%8A%D8%B1.mp4,metadata_only_not_network_verified,False,missing,not_reviewed,public_use_permission_not_verified,
356,القذف,باب الدين,,0,0,25,https://sshi.sa,القذف.mp4,https://sshi.sa/api/file/%D8%A7%D9%84%D9%82%D8%B0%D9%81.mp4,metadata_only_not_network_verified,False,missing,not_reviewed,public_use_permission_not_verified,
357,القرآن الكريم,باب الدين,القران الكريم,0,0,25,https://sshi.sa,القرآن الكريم.mp4,https://sshi.sa/api/file/%D8%A7%D9%84%D9%82%D8%B1%D8%A2%D9%86%20%D8%A7%D9%84%D9%83%D8%B1%D9%8A%D9%85.mp4,metadata_only_not_network_verified,False,missing,not_reviewed,public_use_permission_not_verified,
358,الله القريب,باب الدين,,0,0,25,https://sshi.sa,القريب.mp4,https://sshi.sa/api/file/%D8%A7%D9%84%D9%82%D8%B1%D9%8A%D8%A8.mp4,metadata_only_not_network_verified,False,missing,not_reviewed,public_use_permission_not_verified,
359,القسط,باب الدين,,0,0,25,https://sshi.sa,القسط.mp4,https://sshi.sa/api/file/%D8%A7%D9%84%D9%82%D8%B3%D8%B7.mp4,metadata_only_not_network_verified,False,missing,not_reviewed,public_use_permission_not_verified,
360,القصاص,باب الدين,,0,0,25,https://sshi.sa,القصاص.mp4,https://sshi.sa/api/file/%D8%A7%D9%84%D9%82%D8%B5%D8%A7%D8%B5.mp4,metadata_only_not_network_verified,False,missing,not_reviewed,public_use_permission_not_verified,
361,القمر,باب الدين,,0,0,25,https://sshi.sa,القمر.mp4,https://sshi.sa/api/file/%D8%A7%D9%84%D9%82%D9%85%D8%B1.mp4,metadata_only_not_network_verified,False,missing,not_reviewed,public_use_permission_not_verified,
362,الله القهار,باب الدين,,0,0,25,https://sshi.sa,القهار.mp4,https://sshi.sa/api/file/%D8%A7%D9%84%D9%82%D9%87%D8%A7%D8%B1.mp4,metadata_only_not_network_verified,False,missing,not_reviewed,public_use_permission_not_verified,
363,الله القوي,باب الدين,,0,0,25,https://sshi.sa,القوي.mp4,https://sshi.sa/api/file/%D8%A7%D9%84%D9%82%D9%88%D9%8A.mp4,metadata_only_not_network_verified,False,missing,not_reviewed,public_use_permission_not_verified,
364,الله الكبير,باب الدين,,0,0,25,https://sshi.sa,الكبير.mp4,https://sshi.sa/api/file/%D8%A7%D9%84%D9%83%D8%A8%D9%8A%D8%B1.mp4,metadata_only_not_network_verified,False,missing,not_reviewed,public_use_permission_not_verified,
367,الكعبة المشرفة,باب الدين,,0,0,25,https://sshi.sa,الكعبة المشرفة.mp4,https://sshi.sa/api/file/%D8%A7%D9%84%D9%83%D8%B9%D8%A8%D8%A9%20%D8%A7%D9%84%D9%85%D8%B4%D8%B1%D9%81%D8%A9.mp4,metadata_only_not_network_verified,False,missing,not_reviewed,public_use_permission_not_verified,
368,الكوثر,باب الدين,,0,0,25,https://sshi.sa,الكوثر.mp4,https://sshi.sa/api/file/%D8%A7%D9%84%D9%83%D9%88%D8%AB%D8%B1.mp4,metadata_only_not_network_verified,False,missing,not_reviewed,public_use_permission_not_verified,
369,الله اللطيف,باب الدين,,0,0,25,https://sshi.sa,اللطيف.mp4,https://sshi.sa/api/file/%D8%A7%D9%84%D9%84%D8%B7%D9%8A%D9%81.mp4,metadata_only_not_network_verified,False,missing,not_reviewed,public_use_permission_not_verified,
370,اللعان,باب الدين,,0,0,25,https://sshi.sa,اللعان.mp4,https://sshi.sa/api/file/%D8%A7%D9%84%D9%84%D8%B9%D8%A7%D9%86.mp4,metadata_only_not_network_verified,False,missing,not_reviewed,public_use_permission_not_verified,
372,اللقيطة,باب الدين,,0,0,25,https://sshi.sa,اللقيطة.mp4,https://sshi.sa/api/file/%D8%A7%D9%84%D9%84%D9%82%D9%8A%D8%B7%D8%A9.mp4,metadata_only_not_network_verified,False,missing,not_reviewed,public_use_permission_not_verified,
374,الله على كل شي قدير,باب الدين,,0,0,25,https://sshi.sa,الله على كل شي قدير.mp4,https://sshi.sa/api/file/%D8%A7%D9%84%D9%84%D9%87%20%D8%B9%D9%84%D9%89%20%D9%83%D9%84%20%D8%B4%D9%8A%20%D9%82%D8%AF%D9%8A%D8%B1.mp4,metadata_only_not_network_verified,False,missing,not_reviewed,public_use_permission_not_verified,
375,الله يحفظك,باب الدين,,0,0,25,https://sshi.sa,الله يحفظك.mp4,https://sshi.sa/api/file/%D8%A7%D9%84%D9%84%D9%87%20%D9%8A%D8%AD%D9%81%D8%B8%D9%83.mp4,metadata_only_not_network_verified,False,missing,not_reviewed,public_use_permission_not_verified,
376,الله يوفقك,باب الدين,,0,0,25,https://sshi.sa,الله يوفقك.mp4,https://sshi.sa/api/file/%D8%A7%D9%84%D9%84%D9%87%20%D9%8A%D9%88%D9%81%D9%82%D9%83.mp4,metadata_only_not_network_verified,False,missing,not_reviewed,public_use_permission_not_verified,
378,اللوح المحفوظ,باب الدين,,0,0,25,https://sshi.sa,اللوح المحفوظ.mp4,https://sshi.sa/api/file/%D8%A7%D9%84%D9%84%D9%88%D8%AD%20%D8%A7%D9%84%D9%85%D8%AD%D9%81%D9%88%D8%B8.mp4,metadata_only_not_network_verified,False,missing,not_reviewed,public_use_permission_not_verified,
379,الليل والنهار,باب الدين,,0,0,25,https://sshi.sa,الليل والنهار.mp4,https://sshi.sa/api/file/%D8%A7%D9%84%D9%84%D9%8A%D9%84%20%D9%88%D8%A7%D9%84%D9%86%D9%87%D8%A7%D8%B1.mp4,metadata_only_not_network_verified,False,missing,not_reviewed,public_use_permission_not_verified,
380,الليل,باب الدين,,0,0,25,https://sshi.sa,الليل.mp4,https://sshi.sa/api/file/%D8%A7%D9%84%D9%84%D9%8A%D9%84.mp4,metadata_only_not_network_verified,False,missing,not_reviewed,public_use_permission_not_verified,أما إنهم إخوانكم ومن جلدتكم، ويأخذون من الليل كما تأخذون، ولكنهم أقوام إذا خَلَوا بمحارم الله انتهكوها))؛  ، هؤلاء مؤمنون مثلنا، صلُّوا وصاموا وزكَّوا، وحجُّوا واعتمروا، وجاهدوا ورابطوا، وتصدقوا، وأمروا بالمعروف، ونهَوا عن المنكر، وبرُّوا والديهم، وأحسنوا إلى
381,ال مبيت بمزدلفة,باب الدين,null,0,0,25,https://sshi.sa,المبيت المزدلفة.mp4,https://sshi.sa/api/file/%D8%A7%D9%84%D9%85%D8%A8%D9%8A%D8%AA%20%D8%A7%D9%84%D9%85%D8%B2%D8%AF%D9%84%D9%81%D8%A9.mp4,metadata_only_not_network_verified,False,missing,not_reviewed,public_use_permission_not_verified,
382,المبيت-بمزدلفة,باب الدين,null,0,0,25,https://sshi.sa,المبيت بمزدلفة.mp4,https://sshi.sa/api/file/%D8%A7%D9%84%D9%85%D8%A8%D9%8A%D8%AA%20%D8%A8%D9%85%D8%B2%D8%AF%D9%84%D9%81%D8%A9.mp4,metadata_only_not_network_verified,False,missing,not_reviewed,public_use_permission_not_verified,
383,المبيت بمنى ليالي التشريق,باب الدين,,0,0,25,https://sshi.sa,المبيت بمنى ليالي التشريق.mp4,https://sshi.sa/api/file/%D8%A7%D9%84%D9%85%D8%A8%D9%8A%D8%AA%20%D8%A8%D9%85%D9%86%D9%89%20%D9%84%D9%8A%D8%A7%D9%84%D9%8A%20%D8%A7%D9%84%D8%AA%D8%B4%D8%B1%D9%8A%D9%82.mp4,metadata_only_not_network_verified,False,missing,not_reviewed,public_use_permission_not_verified,
384,المبيت بمنى,باب الدين,,0,0,25,https://sshi.sa,المبيت بمنى.mp4,https://sshi.sa/api/file/%D8%A7%D9%84%D9%85%D8%A8%D9%8A%D8%AA%20%D8%A8%D9%85%D9%86%D9%89.mp4,metadata_only_not_network_verified,False,missing,not_reviewed,public_use_permission_not_verified,
385,الله المبين,باب الدين,,0,0,25,https://sshi.sa,المبين.mp4,https://sshi.sa/api/file/%D8%A7%D9%84%D9%85%D8%A8%D9%8A%D9%86.mp4,metadata_only_not_network_verified,False,missing,not_reviewed,public_use_permission_not_verified,
386,الله المتعالي,باب الدين,,0,0,25,https://sshi.sa,المتعالي.mp4,https://sshi.sa/api/file/%D8%A7%D9%84%D9%85%D8%AA%D8%B9%D8%A7%D9%84%D9%8A.mp4,metadata_only_not_network_verified,False,missing,not_reviewed,public_use_permission_not_verified,
387,الله المتكبر,باب الدين,,0,0,25,https://sshi.sa,المتكبر.mp4,https://sshi.sa/api/file/%D8%A7%D9%84%D9%85%D8%AA%D9%83%D8%A8%D8%B1.mp4,metadata_only_not_network_verified,False,missing,not_reviewed,public_use_permission_not_verified,
388,الله المتين,باب الدين,,0,0,25,https://sshi.sa,المتين.mp4,https://sshi.sa/api/file/%D8%A7%D9%84%D9%85%D8%AA%D9%8A%D9%86.mp4,metadata_only_not_network_verified,False,missing,not_reviewed,public_use_permission_not_verified,
389,الله المجيب,باب الدين,,0,0,25,https://sshi.sa,المجيب.mp4,https://sshi.sa/api/file/%D8%A7%D9%84%D9%85%D8%AC%D9%8A%D8%A8.mp4,metadata_only_not_network_verified,False,missing,not_reviewed,public_use_permission_not_verified,
390,الله المجيد,باب الدين,,0,0,25,https://sshi.sa,المجيد.mp4,https://sshi.sa/api/file/%D8%A7%D9%84%D9%85%D8%AC%D9%8A%D8%AF.mp4,metadata_only_not_network_verified,False,missing,not_reviewed,public_use_permission_not_verified,
391,المحسنون,باب الدين,,0,0,25,https://sshi.sa,المحسنون.mp4,https://sshi.sa/api/file/%D8%A7%D9%84%D9%85%D8%AD%D8%B3%D9%86%D9%88%D9%86.mp4,metadata_only_not_network_verified,False,missing,not_reviewed,public_use_permission_not_verified,
392,الله المحيط,باب الدين,,0,0,25,https://sshi.sa,المحيط.mp4,https://sshi.sa/api/file/%D8%A7%D9%84%D9%85%D8%AD%D9%8A%D8%B7.mp4,metadata_only_not_network_verified,False,missing,not_reviewed,public_use_permission_not_verified,
393,المذاهب,باب الدين,,0,0,25,https://sshi.sa,المذاهب.mp4,https://sshi.sa/api/file/%D8%A7%D9%84%D9%85%D8%B0%D8%A7%D9%87%D8%A8.mp4,metadata_only_not_network_verified,False,missing,not_reviewed,public_use_permission_not_verified,
394,المزدلفة,باب الدين,,0,0,25,https://sshi.sa,المزدلفة.mp4,https://sshi.sa/api/file/%D8%A7%D9%84%D9%85%D8%B2%D8%AF%D9%84%D9%81%D8%A9.mp4,metadata_only_not_network_verified,False,missing,not_reviewed,public_use_permission_not_verified,
395,المسبحة,باب الدين,,0,0,25,https://sshi.sa,المسبحة.mp4,https://sshi.sa/api/file/%D8%A7%D9%84%D9%85%D8%B3%D8%A8%D8%AD%D8%A9.mp4,metadata_only_not_network_verified,False,missing,not_reviewed,public_use_permission_not_verified,
399,المسيح الدجال,باب الدين,,0,0,25,https://sshi.sa,المسيح الدجال.mp4,https://sshi.sa/api/file/%D8%A7%D9%84%D9%85%D8%B3%D9%8A%D8%AD%20%D8%A7%D9%84%D8%AF%D8%AC%D8%A7%D9%84.mp4,metadata_only_not_network_verified,False,missing,not_reviewed,public_use_permission_not_verified,
400,المشعر الحرام,باب الدين,,0,0,25,https://sshi.sa,المشعر الحرام.mp4,https://sshi.sa/api/file/%D8%A7%D9%84%D9%85%D8%B4%D8%B9%D8%B1%20%D8%A7%D9%84%D8%AD%D8%B1%D8%A7%D9%85.mp4,metadata_only_not_network_verified,False,missing,not_reviewed,public_use_permission_not_verified,
401,الله المصور,باب الدين,,0,0,25,https://sshi.sa,المصور.mp4,https://sshi.sa/api/file/%D8%A7%D9%84%D9%85%D8%B5%D9%88%D8%B1.mp4,metadata_only_not_network_verified,False,missing,not_reviewed,public_use_permission_not_verified,
402,المعتمرون,باب الدين,,0,0,25,https://sshi.sa,المعتمرون.mp4,https://sshi.sa/api/file/%D8%A7%D9%84%D9%85%D8%B9%D8%AA%D9%85%D8%B1%D9%88%D9%86.mp4,metadata_only_not_network_verified,False,missing,not_reviewed,public_use_permission_not_verified,
403,الله المعطي,باب الدين,,0,0,25,https://sshi.sa,المعطي.mp4,https://sshi.sa/api/file/%D8%A7%D9%84%D9%85%D8%B9%D8%B7%D9%8A.mp4,metadata_only_not_network_verified,False,missing,not_reviewed,public_use_permission_not_verified,
404,الله المقتدر,باب الدين,,0,0,25,https://sshi.sa,المقتدر.mp4,https://sshi.sa/api/file/%D8%A7%D9%84%D9%85%D9%82%D8%AA%D8%AF%D8%B1.mp4,metadata_only_not_network_verified,False,missing,not_reviewed,public_use_permission_not_verified,
405,الله المقدم,باب الدين,,0,0,25,https://sshi.sa,المقدم.mp4,https://sshi.sa/api/file/%D8%A7%D9%84%D9%85%D9%82%D8%AF%D9%85.mp4,metadata_only_not_network_verified,False,missing,not_reviewed,public_use_permission_not_verified,
406,الله المقيت,باب الدين,,0,0,25,https://sshi.sa,المقيت.mp4,https://sshi.sa/api/file/%D8%A7%D9%84%D9%85%D9%82%D9%8A%D8%AA.mp4,metadata_only_not_network_verified,False,missing,not_reviewed,public_use_permission_not_verified,
408,الله الملك,باب الدين,,0,0,25,https://sshi.sa,الملك.mp4,https://sshi.sa/api/file/%D8%A7%D9%84%D9%85%D9%84%D9%83.mp4,metadata_only_not_network_verified,False,missing,not_reviewed,public_use_permission_not_verified,
409,الله المليك,باب الدين,,0,0,25,https://sshi.sa,المليك.mp4,https://sshi.sa/api/file/%D8%A7%D9%84%D9%85%D9%84%D9%8A%D9%83.mp4,metadata_only_not_network_verified,False,missing,not_reviewed,public_use_permission_not_verified,
410,المن,باب الدين,,0,0,25,https://sshi.sa,المن.mp4,https://sshi.sa/api/file/%D8%A7%D9%84%D9%85%D9%86.mp4,metadata_only_not_network_verified,False,missing,not_reviewed,public_use_permission_not_verified,
411,الله المنان,باب الدين,,0,0,25,https://sshi.sa,المنان.mp4,https://sshi.sa/api/file/%D8%A7%D9%84%D9%85%D9%86%D8%A7%D9%86.mp4,metadata_only_not_network_verified,False,missing,not_reviewed,public_use_permission_not_verified,
412,المني,باب الدين,,0,0,25,https://sshi.sa,المني.mp4,https://sshi.sa/api/file/%D8%A7%D9%84%D9%85%D9%86%D9%8A.mp4,metadata_only_not_network_verified,False,missing,not_reviewed,public_use_permission_not_verified,
413,المهتدون,باب الدين,,0,0,25,https://sshi.sa,المهتدون.mp4,https://sshi.sa/api/file/%D8%A7%D9%84%D9%85%D9%87%D8%AA%D8%AF%D9%88%D9%86.mp4,metadata_only_not_network_verified,False,missing,not_reviewed,public_use_permission_not_verified,
414,المهدي المنتظر,باب الدين,,0,0,25,https://sshi.sa,المهدي المنتظر.mp4,https://sshi.sa/api/file/%D8%A7%D9%84%D9%85%D9%87%D8%AF%D9%8A%20%D8%A7%D9%84%D9%85%D9%86%D8%AA%D8%B8%D8%B1.mp4,metadata_only_not_network_verified,False,missing,not_reviewed,public_use_permission_not_verified,
415,الله المهيمن,باب الدين,,0,0,25,https://sshi.sa,المهيمن.mp4,https://sshi.sa/api/file/%D8%A7%D9%84%D9%85%D9%87%D9%8A%D9%85%D9%86.mp4,metadata_only_not_network_verified,False,missing,not_reviewed,public_use_permission_not_verified,
416,الله المولى,باب الدين,,0,0,25,https://sshi.sa,الموالي.mp4,https://sshi.sa/api/file/%D8%A7%D9%84%D9%85%D9%88%D8%A7%D9%84%D9%8A.mp4,metadata_only_not_network_verified,False,missing,not_reviewed,public_use_permission_not_verified,
417,الله المؤخر,باب الدين,الله الموخر,0,0,25,https://sshi.sa,المؤخر.mp4,https://sshi.sa/api/file/%D8%A7%D9%84%D9%85%D8%A4%D8%AE%D8%B1.mp4,metadata_only_not_network_verified,False,missing,not_reviewed,public_use_permission_not_verified,
418,الله المؤمن,باب الدين,,0,0,25,https://sshi.sa,المؤمن.mp4,https://sshi.sa/api/file/%D8%A7%D9%84%D9%85%D8%A4%D9%85%D9%86.mp4,metadata_only_not_network_verified,False,missing,not_reviewed,public_use_permission_not_verified,
420,النجاشي - ملك الحبشة,باب الدين,,0,0,25,https://sshi.sa,النجاشي - ملك الحبشة.mp4,https://sshi.sa/api/file/%D8%A7%D9%84%D9%86%D8%AC%D8%A7%D8%B4%D9%8A%20-%20%D9%85%D9%84%D9%83%20%D8%A7%D9%84%D8%AD%D8%A8%D8%B4%D8%A9.mp4,metadata_only_not_network_verified,False,missing,not_reviewed,public_use_permission_not_verified,
421,النجوى,باب الدين,,0,0,25,https://sshi.sa,النجوى.mp4,https://sshi.sa/api/file/%D8%A7%D9%84%D9%86%D8%AC%D9%88%D9%89.mp4,metadata_only_not_network_verified,False,missing,not_reviewed,public_use_permission_not_verified,
422,الله النصير,باب الدين,,0,0,25,https://sshi.sa,النصير.mp4,https://sshi.sa/api/file/%D8%A7%D9%84%D9%86%D8%B5%D9%8A%D8%B1.mp4,metadata_only_not_network_verified,False,missing,not_reviewed,public_use_permission_not_verified,
423,النفاس,باب الدين,,0,0,25,https://sshi.sa,النفاس.mp4,https://sshi.sa/api/file/%D8%A7%D9%84%D9%86%D9%81%D8%A7%D8%B3.mp4,metadata_only_not_network_verified,False,missing,not_reviewed,public_use_permission_not_verified,
425,النوم العميق,باب الدين,,0,0,25,https://sshi.sa,النوم العميق.mp4,https://sshi.sa/api/file/%D8%A7%D9%84%D9%86%D9%88%D9%85%20%D8%A7%D9%84%D8%B9%D9%85%D9%8A%D9%82.mp4,metadata_only_not_network_verified,False,missing,not_reviewed,public_use_permission_not_verified,
426,الله الهادي,باب الدين,,0,0,25,https://sshi.sa,الهادي.mp4,https://sshi.sa/api/file/%D8%A7%D9%84%D9%87%D8%A7%D8%AF%D9%8A.mp4,metadata_only_not_network_verified,False,missing,not_reviewed,public_use_permission_not_verified,
428,الله الواحد,باب الدين,,0,0,25,https://sshi.sa,الواحد.mp4,https://sshi.sa/api/file/%D8%A7%D9%84%D9%88%D8%A7%D8%AD%D8%AF.mp4,metadata_only_not_network_verified,False,missing,not_reviewed,public_use_permission_not_verified,
429,الله الوارث,باب الدين,,0,0,25,https://sshi.sa,الوارث.mp4,https://sshi.sa/api/file/%D8%A7%D9%84%D9%88%D8%A7%D8%B1%D8%AB.mp4,metadata_only_not_network_verified,False,missing,not_reviewed,public_use_permission_not_verified,
430,الله الواسع,باب الدين,,0,0,25,https://sshi.sa,الواسع.mp4,https://sshi.sa/api/file/%D8%A7%D9%84%D9%88%D8%A7%D8%B3%D8%B9.mp4,metadata_only_not_network_verified,False,missing,not_reviewed,public_use_permission_not_verified,
431,الله الوتر,باب الدين,,0,0,25,https://sshi.sa,الوتر.mp4,https://sshi.sa/api/file/%D8%A7%D9%84%D9%88%D8%AA%D8%B1.mp4,metadata_only_not_network_verified,False,missing,not_reviewed,public_use_permission_not_verified,
432,الوحي,باب الدين,,0,0,25,https://sshi.sa,الوحي.mp4,https://sshi.sa/api/file/%D8%A7%D9%84%D9%88%D8%AD%D9%8A.mp4,metadata_only_not_network_verified,False,missing,not_reviewed,public_use_permission_not_verified,
433,الوداع,باب الدين,,0,0,25,https://sshi.sa,الوداع.mp4,https://sshi.sa/api/file/%D8%A7%D9%84%D9%88%D8%AF%D8%A7%D8%B9.mp4,metadata_only_not_network_verified,False,missing,not_reviewed,public_use_permission_not_verified,
434,الله الودود,باب الدين,,0,0,25,https://sshi.sa,الودود.mp4,https://sshi.sa/api/file/%D8%A7%D9%84%D9%88%D8%AF%D9%88%D8%AF.mp4,metadata_only_not_network_verified,False,missing,not_reviewed,public_use_permission_not_verified,
435,الودي,باب الدين,,0,0,25,https://sshi.sa,الودي.mp4,https://sshi.sa/api/file/%D8%A7%D9%84%D9%88%D8%AF%D9%8A.mp4,metadata_only_not_network_verified,False,missing,not_reviewed,public_use_permission_not_verified,
436,الوديعة,باب الدين,,0,0,25,https://sshi.sa,الوديعة.mp4,https://sshi.sa/api/file/%D8%A7%D9%84%D9%88%D8%AF%D9%8A%D8%B9%D8%A9.mp4,metadata_only_not_network_verified,False,missing,not_reviewed,public_use_permission_not_verified,
437,الوقف,باب الدين,,0,0,25,https://sshi.sa,الوقف.mp4,https://sshi.sa/api/file/%D8%A7%D9%84%D9%88%D9%82%D9%81.mp4,metadata_only_not_network_verified,False,missing,not_reviewed,public_use_permission_not_verified,
438,وقف,باب الدين,,0,0,25,https://sshi.sa,الوقف~1.mp4,https://sshi.sa/api/file/%D8%A7%D9%84%D9%88%D9%82%D9%81~1.mp4,metadata_only_not_network_verified,False,missing,not_reviewed,public_use_permission_not_verified,اللهم اغفر للمسلمين والمسلمات، والمؤمنين والمؤمنات، اللهم احفظ بلدنا وسائر بلاد المسلمين، اللهم احفظ إخواننا المجاهدين في جميع الجبهات والمواقع والمتارس والميادين، اللهم احفظهم من بين أيديهم ومن خلفهم، ومن فوقهم ومن تحتهم، اللهم سدِّد رميهم، وأصِبْ هدفهم، وارب
439,الوقوف بعرفة إلى الغروب,باب الدين,,0,0,25,https://sshi.sa,الوقوف بعرفة إلى الغروب.mp4,https://sshi.sa/api/file/%D8%A7%D9%84%D9%88%D9%82%D9%88%D9%81%20%D8%A8%D8%B9%D8%B1%D9%81%D8%A9%20%D8%A5%D9%84%D9%89%20%D8%A7%D9%84%D8%BA%D8%B1%D9%88%D8%A8.mp4,metadata_only_not_network_verified,False,missing,not_reviewed,public_use_permission_not_verified,
440,الله الوكيل,باب الدين,,0,0,25,https://sshi.sa,الوكيل.mp4,https://sshi.sa/api/file/%D8%A7%D9%84%D9%88%D9%83%D9%8A%D9%84.mp4,metadata_only_not_network_verified,False,missing,not_reviewed,public_use_permission_not_verified,
441,الله الولي,باب الدين,,0,0,25,https://sshi.sa,الولي.mp4,https://sshi.sa/api/file/%D8%A7%D9%84%D9%88%D9%84%D9%8A.mp4,metadata_only_not_network_verified,False,missing,not_reviewed,public_use_permission_not_verified,
442,الله الوهاب,باب الدين,,0,0,25,https://sshi.sa,الوهاب.mp4,https://sshi.sa/api/file/%D8%A7%D9%84%D9%88%D9%87%D8%A7%D8%A8.mp4,metadata_only_not_network_verified,False,missing,not_reviewed,public_use_permission_not_verified,
443,إلياس عليه السلام,باب الدين,الياس عليه السلام,0,0,25,https://sshi.sa,إلياس.mp4,https://sshi.sa/api/file/%D8%A5%D9%84%D9%8A%D8%A7%D8%B3.mp4,metadata_only_not_network_verified,False,missing,not_reviewed,public_use_permission_not_verified,
444,اليسع عليه السلام,باب الدين,,0,0,25,https://sshi.sa,اليسع.mp4,https://sshi.sa/api/file/%D8%A7%D9%84%D9%8A%D8%B3%D8%B9.mp4,metadata_only_not_network_verified,False,missing,not_reviewed,public_use_permission_not_verified,
445,أمير المؤمنين,باب الدين,,0,0,25,https://sshi.sa,أمير المؤمنين.mp4,https://sshi.sa/api/file/%D8%A3%D9%85%D9%8A%D8%B1%20%D8%A7%D9%84%D9%85%D8%A4%D9%85%D9%86%D9%8A%D9%86.mp4,metadata_only_not_network_verified,False,missing,not_reviewed,public_use_permission_not_verified,
446,إن شاء الله,باب الدين,,0,0,25,https://sshi.sa,إن شاء الله.mp4,https://sshi.sa/api/file/%D8%A5%D9%86%20%D8%B4%D8%A7%D8%A1%20%D8%A7%D9%84%D9%84%D9%87.mp4,metadata_only_not_network_verified,False,missing,not_reviewed,public_use_permission_not_verified,
447,إنا لله وإنا إليه راجعون,باب الدين,انا لله وانا إليه راجعون,0,0,25,https://sshi.sa,انا لله وانا إليه راجعون.mp4,https://sshi.sa/api/file/%D8%A7%D9%86%D8%A7%20%D9%84%D9%84%D9%87%20%D9%88%D8%A7%D9%86%D8%A7%20%D8%A5%D9%84%D9%8A%D9%87%20%D8%B1%D8%A7%D8%AC%D8%B9%D9%88%D9%86.mp4,metadata_only_not_network_verified,False,missing,not_reviewed,public_use_permission_not_verified,
449,أنهار  خمر لذة للشاربين,باب الدين,انهار خمر,0,0,25,https://sshi.sa,انهار  خمر لذة للشاربين.mp4,https://sshi.sa/api/file/%D8%A7%D9%86%D9%87%D8%A7%D8%B1%20%20%D8%AE%D9%85%D8%B1%20%D9%84%D8%B0%D8%A9%20%D9%84%D9%84%D8%B4%D8%A7%D8%B1%D8%A8%D9%8A%D9%86.mp4,metadata_only_not_network_verified,False,missing,not_reviewed,public_use_permission_not_verified,
450,أنهار من عسل مصفى,باب الدين,انهار من عسل مصفى,0,0,25,https://sshi.sa,انهار من عسل مصفى.mp4,https://sshi.sa/api/file/%D8%A7%D9%86%D9%87%D8%A7%D8%B1%20%D9%85%D9%86%20%D8%B9%D8%B3%D9%84%20%D9%85%D8%B5%D9%81%D9%89.mp4,metadata_only_not_network_verified,False,missing,not_reviewed,public_use_permission_not_verified,
451,أنهار من لبن لم يتغير طعمه,باب الدين,انهار من لبن,0,0,25,https://sshi.sa,انهار من لبن لم يتغير طعمه.mp4,https://sshi.sa/api/file/%D8%A7%D9%86%D9%87%D8%A7%D8%B1%20%D9%85%D9%86%20%D9%84%D8%A8%D9%86%20%D9%84%D9%85%20%D9%8A%D8%AA%D8%BA%D9%8A%D8%B1%20%D8%B7%D8%B9%D9%85%D9%87.mp4,metadata_only_not_network_verified,False,missing,not_reviewed,public_use_permission_not_verified,
452,أنهار من ماء غير آسن,باب الدين,انهار من ماء,0,0,25,https://sshi.sa,انهار من ماء غير آسن.mp4,https://sshi.sa/api/file/%D8%A7%D9%86%D9%87%D8%A7%D8%B1%20%D9%85%D9%86%20%D9%85%D8%A7%D8%A1%20%D8%BA%D9%8A%D8%B1%20%D8%A2%D8%B3%D9%86.mp4,metadata_only_not_network_verified,False,missing,not_reviewed,public_use_permission_not_verified,
453,أهل الكهف,باب الدين,اهل الكهف,0,0,25,https://sshi.sa,أهل الكهف.mp4,https://sshi.sa/api/file/%D8%A3%D9%87%D9%84%20%D8%A7%D9%84%D9%83%D9%87%D9%81.mp4,metadata_only_not_network_verified,False,missing,not_reviewed,public_use_permission_not_verified,
454,أيام التشريق,باب الدين,,0,0,25,https://sshi.sa,أيام التشريق 2.mp4,https://sshi.sa/api/file/%D8%A3%D9%8A%D8%A7%D9%85%20%D8%A7%D9%84%D8%AA%D8%B4%D8%B1%D9%8A%D9%82%202.mp4,metadata_only_not_network_verified,False,missing,not_reviewed,public_use_permission_not_verified,
455,أيام معدودات,باب الدين,,0,0,25,https://sshi.sa,أيام معدودات.mp4,https://sshi.sa/api/file/%D8%A3%D9%8A%D8%A7%D9%85%20%D9%85%D8%B9%D8%AF%D9%88%D8%AF%D8%A7%D8%AA.mp4,metadata_only_not_network_verified,False,missing,not_reviewed,public_use_permission_not_verified,
456,آية الكرسي,باب الدين,,0,0,25,https://sshi.sa,آية الكرسي.mp4,https://sshi.sa/api/file/%D8%A2%D9%8A%D8%A9%20%D8%A7%D9%84%D9%83%D8%B1%D8%B3%D9%8A.mp4,metadata_only_not_network_verified,False,missing,not_reviewed,public_use_permission_not_verified,
457,ايتاء الزكاة,باب الدين,,0,0,25,https://sshi.sa,ايتاء الزكاة.mp4,https://sshi.sa/api/file/%D8%A7%D9%8A%D8%AA%D8%A7%D8%A1%20%D8%A7%D9%84%D8%B2%D9%83%D8%A7%D8%A9.mp4,metadata_only_not_network_verified,False,missing,not_reviewed,public_use_permission_not_verified,
458,أيوب عليه السلام,باب الدين,ايوب عليه السلام,0,0,25,https://sshi.sa,أيوب.mp4,https://sshi.sa/api/file/%D8%A3%D9%8A%D9%88%D8%A8.mp4,metadata_only_not_network_verified,False,missing,not_reviewed,public_use_permission_not_verified,
459,باب الجهاد,باب الدين,,0,0,25,https://sshi.sa,باب الجهاد.mp4,https://sshi.sa/api/file/%D8%A8%D8%A7%D8%A8%20%D8%A7%D9%84%D8%AC%D9%87%D8%A7%D8%AF.mp4,metadata_only_not_network_verified,False,missing,not_reviewed,public_use_permission_not_verified,
460,باب الريان,باب الدين,,0,0,25,https://sshi.sa,باب الريان.mp4,https://sshi.sa/api/file/%D8%A8%D8%A7%D8%A8%20%D8%A7%D9%84%D8%B1%D9%8A%D8%A7%D9%86.mp4,metadata_only_not_network_verified,False,missing,not_reviewed,public_use_permission_not_verified,
463,باب الكعبة,باب الدين,,0,0,25,https://sshi.sa,باب الكعبة.mp4,https://sshi.sa/api/file/%D8%A8%D8%A7%D8%A8%20%D8%A7%D9%84%D9%83%D8%B9%D8%A8%D8%A9.mp4,metadata_only_not_network_verified,False,missing,not_reviewed,public_use_permission_not_verified,
464,بإذن الله,باب الدين,باذن الله,0,0,25,https://sshi.sa,بإذن الله.mp4,https://sshi.sa/api/file/%D8%A8%D8%A5%D8%B0%D9%86%20%D8%A7%D9%84%D9%84%D9%87.mp4,metadata_only_not_network_verified,False,missing,not_reviewed,public_use_permission_not_verified,
465,بالحق,باب الدين,,0,0,25,https://sshi.sa,بالحق.mp4,https://sshi.sa/api/file/%D8%A8%D8%A7%D9%84%D8%AD%D9%82.mp4,metadata_only_not_network_verified,False,missing,not_reviewed,public_use_permission_not_verified,
466,بسم الله الرحمن الرحيم,باب الدين,,0,0,25,https://sshi.sa,بسم الله الرحمن الرحيم.mp4,https://sshi.sa/api/file/%D8%A8%D8%B3%D9%85%20%D8%A7%D9%84%D9%84%D9%87%20%D8%A7%D9%84%D8%B1%D8%AD%D9%85%D9%86%20%D8%A7%D9%84%D8%B1%D8%AD%D9%8A%D9%85.mp4,metadata_only_not_network_verified,False,missing,not_reviewed,public_use_permission_not_verified,
467,بلال بن رباح,باب الدين,,0,0,25,https://sshi.sa,بلال بن رباح.mp4,https://sshi.sa/api/file/%D8%A8%D9%84%D8%A7%D9%84%20%D8%A8%D9%86%20%D8%B1%D8%A8%D8%A7%D8%AD.mp4,metadata_only_not_network_verified,False,missing,not_reviewed,public_use_permission_not_verified,
468,بلقيس - ملكة سبأ,باب الدين,,0,0,25,https://sshi.sa,بلقيس - ملكة سبأ.mp4,https://sshi.sa/api/file/%D8%A8%D9%84%D9%82%D9%8A%D8%B3%20-%20%D9%85%D9%84%D9%83%D8%A9%20%D8%B3%D8%A8%D8%A3.mp4,metadata_only_not_network_verified,False,missing,not_reviewed,public_use_permission_not_verified,
469,بنو اسرائيل,باب الدين,,0,0,25,https://sshi.sa,بنو اسرائيل.mp4,https://sshi.sa/api/file/%D8%A8%D9%86%D9%88%20%D8%A7%D8%B3%D8%B1%D8%A7%D8%A6%D9%8A%D9%84.mp4,metadata_only_not_network_verified,False,missing,not_reviewed,public_use_permission_not_verified,
470,تأدية فريضة,باب الدين,,0,0,25,https://sshi.sa,تأدية فريضة.mp4,https://sshi.sa/api/file/%D8%AA%D8%A3%D8%AF%D9%8A%D8%A9%20%D9%81%D8%B1%D9%8A%D8%B6%D8%A9.mp4,metadata_only_not_network_verified,False,missing,not_reviewed,public_use_permission_not_verified,
471,تأشيرة الحج,باب الدين,,0,0,25,https://sshi.sa,تأشيرة الحج.mp4,https://sshi.sa/api/file/%D8%AA%D8%A3%D8%B4%D9%8A%D8%B1%D8%A9%20%D8%A7%D9%84%D8%AD%D8%AC.mp4,metadata_only_not_network_verified,False,missing,not_reviewed,public_use_permission_not_verified,
472,تأشيرة العمرة,باب الدين,,0,0,25,https://sshi.sa,تأشيرة العمرة.mp4,https://sshi.sa/api/file/%D8%AA%D8%A3%D8%B4%D9%8A%D8%B1%D8%A9%20%D8%A7%D9%84%D8%B9%D9%85%D8%B1%D8%A9.mp4,metadata_only_not_network_verified,False,missing,not_reviewed,public_use_permission_not_verified,
473,تطعيمات (الحج),باب الدين,,0,0,25,https://sshi.sa,تطعيمات (الحج).mp4,https://sshi.sa/api/file/%D8%AA%D8%B7%D8%B9%D9%8A%D9%85%D8%A7%D8%AA%20%28%D8%A7%D9%84%D8%AD%D8%AC%29.mp4,metadata_only_not_network_verified,False,missing,not_reviewed,public_use_permission_not_verified,
474,تعظيم الحرمات,باب الدين,,0,0,25,https://sshi.sa,تعظيم الحرمات.mp4,https://sshi.sa/api/file/%D8%AA%D8%B9%D8%B8%D9%8A%D9%85%20%D8%A7%D9%84%D8%AD%D8%B1%D9%85%D8%A7%D8%AA.mp4,metadata_only_not_network_verified,False,missing,not_reviewed,public_use_permission_not_verified,
476,توحيد الأسماء الله والصفات,باب الدين,,0,0,25,https://sshi.sa,توحيد الأسماء الله والصفات.mp4,https://sshi.sa/api/file/%D8%AA%D9%88%D8%AD%D9%8A%D8%AF%20%D8%A7%D9%84%D8%A3%D8%B3%D9%85%D8%A7%D8%A1%20%D8%A7%D9%84%D9%84%D9%87%20%D9%88%D8%A7%D9%84%D8%B5%D9%81%D8%A7%D8%AA.mp4,metadata_only_not_network_verified,False,missing,not_reviewed,public_use_permission_not_verified,
477,جبريل عليه السلام,باب الدين,,0,0,25,https://sshi.sa,جبريل.mp4,https://sshi.sa/api/file/%D8%AC%D8%A8%D8%B1%D9%8A%D9%84.mp4,metadata_only_not_network_verified,False,missing,not_reviewed,public_use_permission_not_verified,
478,جسر الجمرات,باب الدين,,0,0,25,https://sshi.sa,جسر الجمرات.mp4,https://sshi.sa/api/file/%D8%AC%D8%B3%D8%B1%20%D8%A7%D9%84%D8%AC%D9%85%D8%B1%D8%A7%D8%AA.mp4,metadata_only_not_network_verified,False,missing,not_reviewed,public_use_permission_not_verified,
479,جنات تجرى من تحتها الأنهار,باب الدين,,0,0,25,https://sshi.sa,جنات تجرى من تحتها الأنهار.mp4,https://sshi.sa/api/file/%D8%AC%D9%86%D8%A7%D8%AA%20%D8%AA%D8%AC%D8%B1%D9%89%20%D9%85%D9%86%20%D8%AA%D8%AD%D8%AA%D9%87%D8%A7%20%D8%A7%D9%84%D8%A3%D9%86%D9%87%D8%A7%D8%B1.mp4,metadata_only_not_network_verified,False,missing,not_reviewed,public_use_permission_not_verified,
480,جنة الخلد,باب الدين,,0,0,25,https://sshi.sa,جنة الخلد.mp4,https://sshi.sa/api/file/%D8%AC%D9%86%D8%A9%20%D8%A7%D9%84%D8%AE%D9%84%D8%AF.mp4,metadata_only_not_network_verified,False,missing,not_reviewed,public_use_permission_not_verified,
481,جنة المأوى,باب الدين,,0,0,25,https://sshi.sa,جنة المأوى.mp4,https://sshi.sa/api/file/%D8%AC%D9%86%D8%A9%20%D8%A7%D9%84%D9%85%D8%A3%D9%88%D9%89.mp4,metadata_only_not_network_verified,False,missing,not_reviewed,public_use_permission_not_verified,
482,جنات النعيم,باب الدين,,0,0,25,https://sshi.sa,جنة النعيم.mp4,https://sshi.sa/api/file/%D8%AC%D9%86%D8%A9%20%D8%A7%D9%84%D9%86%D8%B9%D9%8A%D9%85.mp4,metadata_only_not_network_verified,False,missing,not_reviewed,public_use_permission_not_verified,
483,جنات عدن,باب الدين,,0,0,25,https://sshi.sa,جنة عدن.mp4,https://sshi.sa/api/file/%D8%AC%D9%86%D8%A9%20%D8%B9%D8%AF%D9%86.mp4,metadata_only_not_network_verified,False,missing,not_reviewed,public_use_permission_not_verified,
484,جهاد في سبيل الله,باب الدين,,0,0,25,https://sshi.sa,جهاد في سبيل الله.mp4,https://sshi.sa/api/file/%D8%AC%D9%87%D8%A7%D8%AF%20%D9%81%D9%8A%20%D8%B3%D8%A8%D9%8A%D9%84%20%D8%A7%D9%84%D9%84%D9%87.mp4,metadata_only_not_network_verified,False,missing,not_reviewed,public_use_permission_not_verified,
485,حج الإفراد,باب الدين,حج الافراد,0,0,25,https://sshi.sa,حج الإفراد.mp4,https://sshi.sa/api/file/%D8%AD%D8%AC%20%D8%A7%D9%84%D8%A5%D9%81%D8%B1%D8%A7%D8%AF.mp4,metadata_only_not_network_verified,False,missing,not_reviewed,public_use_permission_not_verified,
486,حج بيت الله الحرام,باب الدين,حج البيت,0,0,25,https://sshi.sa,حج بيت.mp4,https://sshi.sa/api/file/%D8%AD%D8%AC%20%D8%A8%D9%8A%D8%AA.mp4,metadata_only_not_network_verified,False,missing,not_reviewed,public_use_permission_not_verified,
487,حج مبرور,باب الدين,,0,0,25,https://sshi.sa,حج مبرور.mp4,https://sshi.sa/api/file/%D8%AD%D8%AC%20%D9%85%D8%A8%D8%B1%D9%88%D8%B1.mp4,metadata_only_not_network_verified,False,missing,not_reviewed,public_use_permission_not_verified,
488,حجاج,باب الدين,,0,0,25,https://sshi.sa,حجاج.mp4,https://sshi.sa/api/file/%D8%AD%D8%AC%D8%A7%D8%AC.mp4,metadata_only_not_network_verified,False,missing,not_reviewed,public_use_permission_not_verified,
489,حجر إسماعيل,باب الدين,حجر اسماعيل,0,0,25,https://sshi.sa,حجر اسماعيل.mp4,https://sshi.sa/api/file/%D8%AD%D8%AC%D8%B1%20%D8%A7%D8%B3%D9%85%D8%A7%D8%B9%D9%8A%D9%84.mp4,metadata_only_not_network_verified,False,missing,not_reviewed,public_use_permission_not_verified,
490,حد الاغتصاب,باب الدين,,0,0,25,https://sshi.sa,حد الاغتصاب.mp4,https://sshi.sa/api/file/%D8%AD%D8%AF%20%D8%A7%D9%84%D8%A7%D8%BA%D8%AA%D8%B5%D8%A7%D8%A8.mp4,metadata_only_not_network_verified,False,missing,not_reviewed,public_use_permission_not_verified,
491,حد الايلاء,باب الدين,,0,0,25,https://sshi.sa,حد الايلاء.mp4,https://sshi.sa/api/file/%D8%AD%D8%AF%20%D8%A7%D9%84%D8%A7%D9%8A%D9%84%D8%A7%D8%A1.mp4,metadata_only_not_network_verified,False,missing,not_reviewed,public_use_permission_not_verified,
492,حد الجلد,باب الدين,,0,0,25,https://sshi.sa,حد الجلد.mp4,https://sshi.sa/api/file/%D8%AD%D8%AF%20%D8%A7%D9%84%D8%AC%D9%84%D8%AF.mp4,metadata_only_not_network_verified,False,missing,not_reviewed,public_use_permission_not_verified,
493,حد الختان,باب الدين,,0,0,25,https://sshi.sa,حد الختان.mp4,https://sshi.sa/api/file/%D8%AD%D8%AF%20%D8%A7%D9%84%D8%AE%D8%AA%D8%A7%D9%86.mp4,metadata_only_not_network_verified,False,missing,not_reviewed,public_use_permission_not_verified,
494,حد الخلع,باب الدين,,0,0,25,https://sshi.sa,حد الخلع.mp4,https://sshi.sa/api/file/%D8%AD%D8%AF%20%D8%A7%D9%84%D8%AE%D9%84%D8%B9.mp4,metadata_only_not_network_verified,False,missing,not_reviewed,public_use_permission_not_verified,
495,حد الردة,باب الدين,,0,0,25,https://sshi.sa,حد الردة.mp4,https://sshi.sa/api/file/%D8%AD%D8%AF%20%D8%A7%D9%84%D8%B1%D8%AF%D8%A9.mp4,metadata_only_not_network_verified,False,missing,not_reviewed,public_use_permission_not_verified,
496,حد الزنى,باب الدين,,0,0,25,https://sshi.sa,حد الزنى.mp4,https://sshi.sa/api/file/%D8%AD%D8%AF%20%D8%A7%D9%84%D8%B2%D9%86%D9%89.mp4,metadata_only_not_network_verified,False,missing,not_reviewed,public_use_permission_not_verified,
497,حد السرقة,باب الدين,,0,0,25,https://sshi.sa,حد السرقة.mp4,https://sshi.sa/api/file/%D8%AD%D8%AF%20%D8%A7%D9%84%D8%B3%D8%B1%D9%82%D8%A9.mp4,metadata_only_not_network_verified,False,missing,not_reviewed,public_use_permission_not_verified,
498,حد الطلاق,باب الدين,,0,0,25,https://sshi.sa,حد الطلاق.mp4,https://sshi.sa/api/file/%D8%AD%D8%AF%20%D8%A7%D9%84%D8%B7%D9%84%D8%A7%D9%82.mp4,metadata_only_not_network_verified,False,missing,not_reviewed,public_use_permission_not_verified,
499,حد الظهار,باب الدين,,0,0,25,https://sshi.sa,حد الظهار.mp4,https://sshi.sa/api/file/%D8%AD%D8%AF%20%D8%A7%D9%84%D8%B8%D9%87%D8%A7%D8%B1.mp4,metadata_only_not_network_verified,False,missing,not_reviewed,public_use_permission_not_verified,
500,حد الغصب,باب الدين,,0,0,25,https://sshi.sa,حد الغصب.mp4,https://sshi.sa/api/file/%D8%AD%D8%AF%20%D8%A7%D9%84%D8%BA%D8%B5%D8%A8.mp4,metadata_only_not_network_verified,False,missing,not_reviewed,public_use_permission_not_verified,
501,حد القتل,باب الدين,,0,0,25,https://sshi.sa,حد القتل.mp4,https://sshi.sa/api/file/%D8%AD%D8%AF%20%D8%A7%D9%84%D9%82%D8%AA%D9%84.mp4,metadata_only_not_network_verified,False,missing,not_reviewed,public_use_permission_not_verified,
502,حد القذف,باب الدين,,0,0,25,https://sshi.sa,حد القذف.mp4,https://sshi.sa/api/file/%D8%AD%D8%AF%20%D8%A7%D9%84%D9%82%D8%B0%D9%81.mp4,metadata_only_not_network_verified,False,missing,not_reviewed,public_use_permission_not_verified,
503,حد القصاص,باب الدين,,0,0,25,https://sshi.sa,حد القصاص.mp4,https://sshi.sa/api/file/%D8%AD%D8%AF%20%D8%A7%D9%84%D9%82%D8%B5%D8%A7%D8%B5.mp4,metadata_only_not_network_verified,False,missing,not_reviewed,public_use_permission_not_verified,
504,حد اللعان,باب الدين,,0,0,25,https://sshi.sa,حد اللعان.mp4,https://sshi.sa/api/file/%D8%AD%D8%AF%20%D8%A7%D9%84%D9%84%D8%B9%D8%A7%D9%86.mp4,metadata_only_not_network_verified,False,missing,not_reviewed,public_use_permission_not_verified,
505,حد اللقيطة,باب الدين,,0,0,25,https://sshi.sa,حد اللقيطة.mp4,https://sshi.sa/api/file/%D8%AD%D8%AF%20%D8%A7%D9%84%D9%84%D9%82%D9%8A%D8%B7%D8%A9.mp4,metadata_only_not_network_verified,False,missing,not_reviewed,public_use_permission_not_verified,
506,حد اللواط,باب الدين,,0,0,25,https://sshi.sa,حد اللواط.mp4,https://sshi.sa/api/file/%D8%AD%D8%AF%20%D8%A7%D9%84%D9%84%D9%88%D8%A7%D8%B7.mp4,metadata_only_not_network_verified,False,missing,not_reviewed,public_use_permission_not_verified,
507,حد شرب الخمر,باب الدين,,0,0,25,https://sshi.sa,حد شرب الخمر.mp4,https://sshi.sa/api/file/%D8%AD%D8%AF%20%D8%B4%D8%B1%D8%A8%20%D8%A7%D9%84%D8%AE%D9%85%D8%B1.mp4,metadata_only_not_network_verified,False,missing,not_reviewed,public_use_permission_not_verified,
508,حديث حسن,باب الدين,,0,0,25,https://sshi.sa,حديث حسن.mp4,https://sshi.sa/api/file/%D8%AD%D8%AF%D9%8A%D8%AB%20%D8%AD%D8%B3%D9%86.mp4,metadata_only_not_network_verified,False,missing,not_reviewed,public_use_permission_not_verified,
510,حديث ضعيف,باب الدين,,0,0,25,https://sshi.sa,حديث ضعيف.mp4,https://sshi.sa/api/file/%D8%AD%D8%AF%D9%8A%D8%AB%20%D8%B6%D8%B9%D9%8A%D9%81.mp4,metadata_only_not_network_verified,False,missing,not_reviewed,public_use_permission_not_verified,
511,حديث قدسي,باب الدين,,0,0,25,https://sshi.sa,حديث قدسي.mp4,https://sshi.sa/api/file/%D8%AD%D8%AF%D9%8A%D8%AB%20%D9%82%D8%AF%D8%B3%D9%8A.mp4,metadata_only_not_network_verified,False,missing,not_reviewed,public_use_permission_not_verified,
512,حديث متفق عليه,باب الدين,,0,0,25,https://sshi.sa,حديث متفق عليه.mp4,https://sshi.sa/api/file/%D8%AD%D8%AF%D9%8A%D8%AB%20%D9%85%D8%AA%D9%81%D9%82%20%D8%B9%D9%84%D9%8A%D9%87.mp4,metadata_only_not_network_verified,False,missing,not_reviewed,public_use_permission_not_verified,
513,حديث موضوع,باب الدين,,0,0,25,https://sshi.sa,حديث موضوع.mp4,https://sshi.sa/api/file/%D8%AD%D8%AF%D9%8A%D8%AB%20%D9%85%D9%88%D8%B6%D9%88%D8%B9.mp4,metadata_only_not_network_verified,False,missing,not_reviewed,public_use_permission_not_verified,
514,حكم الوديعة,باب الدين,,0,0,25,https://sshi.sa,حكم الوديعة.mp4,https://sshi.sa/api/file/%D8%AD%D9%83%D9%85%20%D8%A7%D9%84%D9%88%D8%AF%D9%8A%D8%B9%D8%A9.mp4,metadata_only_not_network_verified,False,missing,not_reviewed,public_use_permission_not_verified,
515,حكم الوصية,باب الدين,,0,0,25,https://sshi.sa,حكم الوصية.mp4,https://sshi.sa/api/file/%D8%AD%D9%83%D9%85%20%D8%A7%D9%84%D9%88%D8%B5%D9%8A%D8%A9.mp4,metadata_only_not_network_verified,False,missing,not_reviewed,public_use_permission_not_verified,
516,حمام الرجال - دورة مياه - رجال,باب الدين,,0,0,25,https://sshi.sa,حمام الرجال - دورة مياه - رجال.mp4,https://sshi.sa/api/file/%D8%AD%D9%85%D8%A7%D9%85%20%D8%A7%D9%84%D8%B1%D8%AC%D8%A7%D9%84%20-%20%D8%AF%D9%88%D8%B1%D8%A9%20%D9%85%D9%8A%D8%A7%D9%87%20-%20%D8%B1%D8%AC%D8%A7%D9%84.mp4,metadata_only_not_network_verified,False,missing,not_reviewed,public_use_permission_not_verified,
517,حمام النساء - دورة مياه - نساء,باب الدين,,0,0,25,https://sshi.sa,حمام النساء - دورة مياه - نساء.mp4,https://sshi.sa/api/file/%D8%AD%D9%85%D8%A7%D9%85%20%D8%A7%D9%84%D9%86%D8%B3%D8%A7%D8%A1%20-%20%D8%AF%D9%88%D8%B1%D8%A9%20%D9%85%D9%8A%D8%A7%D9%87%20-%20%D9%86%D8%B3%D8%A7%D8%A1.mp4,metadata_only_not_network_verified,False,missing,not_reviewed,public_use_permission_not_verified,
518,حمدالله على السلامة,باب الدين,,0,0,25,https://sshi.sa,حمدالله على السلامة.mp4,https://sshi.sa/api/file/%D8%AD%D9%85%D8%AF%D8%A7%D9%84%D9%84%D9%87%20%D8%B9%D9%84%D9%89%20%D8%A7%D9%84%D8%B3%D9%84%D8%A7%D9%85%D8%A9.mp4,metadata_only_not_network_verified,False,missing,not_reviewed,public_use_permission_not_verified,
519,حمزه بن عبدالمطلب,باب الدين,,0,0,25,https://sshi.sa,حمزه بن عبدالمطلب.mp4,https://sshi.sa/api/file/%D8%AD%D9%85%D8%B2%D9%87%20%D8%A8%D9%86%20%D8%B9%D8%A8%D8%AF%D8%A7%D9%84%D9%85%D8%B7%D9%84%D8%A8.mp4,metadata_only_not_network_verified,False,missing,not_reviewed,public_use_permission_not_verified,
520,حملة العمرة والحج,باب الدين,,0,0,25,https://sshi.sa,حملة العمرة والحج.mp4,https://sshi.sa/api/file/%D8%AD%D9%85%D9%84%D8%A9%20%D8%A7%D9%84%D8%B9%D9%85%D8%B1%D8%A9%20%D9%88%D8%A7%D9%84%D8%AD%D8%AC.mp4,metadata_only_not_network_verified,False,missing,not_reviewed,public_use_permission_not_verified,
521,حور العين,باب الدين,,0,0,25,https://sshi.sa,حور العين.mp4,https://sshi.sa/api/file/%D8%AD%D9%88%D8%B1%20%D8%A7%D9%84%D8%B9%D9%8A%D9%86.mp4,metadata_only_not_network_verified,False,missing,not_reviewed,public_use_permission_not_verified,
524,خالد بن الوليد,باب الدين,,0,0,25,https://sshi.sa,خالد بن الوليد.mp4,https://sshi.sa/api/file/%D8%AE%D8%A7%D9%84%D8%AF%20%D8%A8%D9%86%20%D8%A7%D9%84%D9%88%D9%84%D9%8A%D8%AF.mp4,metadata_only_not_network_verified,False,missing,not_reviewed,public_use_permission_not_verified,
525,خالدون,باب الدين,,0,0,25,https://sshi.sa,خالدون.mp4,https://sshi.sa/api/file/%D8%AE%D8%A7%D9%84%D8%AF%D9%88%D9%86.mp4,metadata_only_not_network_verified,False,missing,not_reviewed,public_use_permission_not_verified,
526,خديجة بنت خويلد,باب الدين,,0,0,25,https://sshi.sa,خديجة بنت خويلد.mp4,https://sshi.sa/api/file/%D8%AE%D8%AF%D9%8A%D8%AC%D8%A9%20%D8%A8%D9%86%D8%AA%20%D8%AE%D9%88%D9%8A%D9%84%D8%AF.mp4,metadata_only_not_network_verified,False,missing,not_reviewed,public_use_permission_not_verified,
527,خزنة الجنة,باب الدين,,0,0,25,https://sshi.sa,خزانة الجنة.mp4,https://sshi.sa/api/file/%D8%AE%D8%B2%D8%A7%D9%86%D8%A9%20%D8%A7%D9%84%D8%AC%D9%86%D8%A9.mp4,metadata_only_not_network_verified,False,missing,not_reviewed,public_use_permission_not_verified,
528,خلق الله الأرض والسماوات,باب الدين,,0,0,25,https://sshi.sa,خلق الله الأرض والسماوات.mp4,https://sshi.sa/api/file/%D8%AE%D9%84%D9%82%20%D8%A7%D9%84%D9%84%D9%87%20%D8%A7%D9%84%D8%A3%D8%B1%D8%B6%20%D9%88%D8%A7%D9%84%D8%B3%D9%85%D8%A7%D9%88%D8%A7%D8%AA.mp4,metadata_only_not_network_verified,False,missing,not_reviewed,public_use_permission_not_verified,
530,دار السلام,باب الدين,,0,0,25,https://sshi.sa,دار السلام.mp4,https://sshi.sa/api/file/%D8%AF%D8%A7%D8%B1%20%D8%A7%D9%84%D8%B3%D9%84%D8%A7%D9%85.mp4,metadata_only_not_network_verified,False,missing,not_reviewed,public_use_permission_not_verified,
531,داود عليه السلام,باب الدين,,0,0,25,https://sshi.sa,داود.mp4,https://sshi.sa/api/file/%D8%AF%D8%A7%D9%88%D8%AF.mp4,metadata_only_not_network_verified,False,missing,not_reviewed,public_use_permission_not_verified,
532,ذات عرق,باب الدين,,0,0,25,https://sshi.sa,ذات عرق.mp4,https://sshi.sa/api/file/%D8%B0%D8%A7%D8%AA%20%D8%B9%D8%B1%D9%82.mp4,metadata_only_not_network_verified,False,missing,not_reviewed,public_use_permission_not_verified,
533,ذو الحليفة,باب الدين,,0,0,25,https://sshi.sa,ذو الحليفة.mp4,https://sshi.sa/api/file/%D8%B0%D9%88%20%D8%A7%D9%84%D8%AD%D9%84%D9%8A%D9%81%D8%A9.mp4,metadata_only_not_network_verified,False,missing,not_reviewed,public_use_permission_not_verified,
534,ذو القرنين,باب الدين,,0,0,25,https://sshi.sa,ذو القرنين.mp4,https://sshi.sa/api/file/%D8%B0%D9%88%20%D8%A7%D9%84%D9%82%D8%B1%D9%86%D9%8A%D9%86.mp4,metadata_only_not_network_verified,False,missing,not_reviewed,public_use_permission_not_verified,
535,ذو الكفل عليه السلام,باب الدين,,0,0,25,https://sshi.sa,ذو الكفل.mp4,https://sshi.sa/api/file/%D8%B0%D9%88%20%D8%A7%D9%84%D9%83%D9%81%D9%84.mp4,metadata_only_not_network_verified,False,missing,not_reviewed,public_use_permission_not_verified,
539,ركن الاحسان,باب الدين,,0,0,25,https://sshi.sa,ركن الاحسان.mp4,https://sshi.sa/api/file/%D8%B1%D9%83%D9%86%20%D8%A7%D9%84%D8%A7%D8%AD%D8%B3%D8%A7%D9%86.mp4,metadata_only_not_network_verified,False,missing,not_reviewed,public_use_permission_not_verified,
540,رمى الجمرات الثلاث أيام التشريق,باب الدين,,0,0,25,https://sshi.sa,رمى الجمرات الثلاث أيام التشريق.mp4,https://sshi.sa/api/file/%D8%B1%D9%85%D9%89%20%D8%A7%D9%84%D8%AC%D9%85%D8%B1%D8%A7%D8%AA%20%D8%A7%D9%84%D8%AB%D9%84%D8%A7%D8%AB%20%D8%A3%D9%8A%D8%A7%D9%85%20%D8%A7%D9%84%D8%AA%D8%B4%D8%B1%D9%8A%D9%82.mp4,metadata_only_not_network_verified,False,missing,not_reviewed,public_use_permission_not_verified,
541,زكريا عليه السلام,باب الدين,,0,0,25,https://sshi.sa,زكريا.mp4,https://sshi.sa/api/file/%D8%B2%D9%83%D8%B1%D9%8A%D8%A7.mp4,metadata_only_not_network_verified,False,missing,not_reviewed,public_use_permission_not_verified,
542,ساعة مكة المكرمة,باب الدين,,0,0,25,https://sshi.sa,ساعة مكة المكرمة.mp4,https://sshi.sa/api/file/%D8%B3%D8%A7%D8%B9%D8%A9%20%D9%85%D9%83%D8%A9%20%D8%A7%D9%84%D9%85%D9%83%D8%B1%D9%85%D8%A9.mp4,metadata_only_not_network_verified,False,missing,not_reviewed,public_use_permission_not_verified,
543,سبحان الله,باب الدين,,0,0,25,https://sshi.sa,سبحان الله.mp4,https://sshi.sa/api/file/%D8%B3%D8%A8%D8%AD%D8%A7%D9%86%20%D8%A7%D9%84%D9%84%D9%87.mp4,metadata_only_not_network_verified,False,missing,not_reviewed,public_use_permission_not_verified,
544,سجادة الصلاة,باب الدين,,0,0,25,https://sshi.sa,سجادة الصلاة.mp4,https://sshi.sa/api/file/%D8%B3%D8%AC%D8%A7%D8%AF%D8%A9%20%D8%A7%D9%84%D8%B5%D9%84%D8%A7%D8%A9.mp4,metadata_only_not_network_verified,False,missing,not_reviewed,public_use_permission_not_verified,
545,سعد بن أبي وقاص,باب الدين,,0,0,25,https://sshi.sa,سعد بن أبي وقاص.mp4,https://sshi.sa/api/file/%D8%B3%D8%B9%D8%AF%20%D8%A8%D9%86%20%D8%A3%D8%A8%D9%8A%20%D9%88%D9%82%D8%A7%D8%B5.mp4,metadata_only_not_network_verified,False,missing,not_reviewed,public_use_permission_not_verified,
546,سقاية,باب الدين,,0,0,25,https://sshi.sa,سقاية.mp4,https://sshi.sa/api/file/%D8%B3%D9%82%D8%A7%D9%8A%D8%A9.mp4,metadata_only_not_network_verified,False,missing,not_reviewed,public_use_permission_not_verified,
547,سليمان عليه السلام,باب الدين,,0,0,25,https://sshi.sa,سليمان.mp4,https://sshi.sa/api/file/%D8%B3%D9%84%D9%8A%D9%85%D8%A7%D9%86.mp4,metadata_only_not_network_verified,False,missing,not_reviewed,public_use_permission_not_verified,
548,سواء,باب الدين,,0,0,25,https://sshi.sa,سواء.mp4,https://sshi.sa/api/file/%D8%B3%D9%88%D8%A7%D8%A1.mp4,metadata_only_not_network_verified,False,missing,not_reviewed,public_use_permission_not_verified,
549,سورة إبراهيم,باب الدين,سورة ابراهيم,0,0,25,https://sshi.sa,سورة ابراهيم.mp4,https://sshi.sa/api/file/%D8%B3%D9%88%D8%B1%D8%A9%20%D8%A7%D8%A8%D8%B1%D8%A7%D9%87%D9%8A%D9%85.mp4,metadata_only_not_network_verified,False,missing,not_reviewed,public_use_permission_not_verified,
550,سورة ال عمران,باب الدين,,0,0,25,https://sshi.sa,سورة ال عمران.mp4,https://sshi.sa/api/file/%D8%B3%D9%88%D8%B1%D8%A9%20%D8%A7%D9%84%20%D8%B9%D9%85%D8%B1%D8%A7%D9%86.mp4,metadata_only_not_network_verified,False,missing,not_reviewed,public_use_permission_not_verified,
551,سورة الأحزاب,باب الدين,,0,0,25,https://sshi.sa,سورة الاحزاب.mp4,https://sshi.sa/api/file/%D8%B3%D9%88%D8%B1%D8%A9%20%D8%A7%D9%84%D8%A7%D8%AD%D8%B2%D8%A7%D8%A8.mp4,metadata_only_not_network_verified,False,missing,not_reviewed,public_use_permission_not_verified,
552,سورة الأحقاف,باب الدين,سورة الاحقاف,0,0,25,https://sshi.sa,سورة الاحقاف.mp4,https://sshi.sa/api/file/%D8%B3%D9%88%D8%B1%D8%A9%20%D8%A7%D9%84%D8%A7%D8%AD%D9%82%D8%A7%D9%81.mp4,metadata_only_not_network_verified,False,missing,not_reviewed,public_use_permission_not_verified,
553,سورة الاخلاص,باب الدين,سورة الإخلاص سورة الأخلاص,0,0,25,https://sshi.sa,سورة الاخلاص.mp4,https://sshi.sa/api/file/%D8%B3%D9%88%D8%B1%D8%A9%20%D8%A7%D9%84%D8%A7%D8%AE%D9%84%D8%A7%D8%B5.mp4,metadata_only_not_network_verified,False,missing,not_reviewed,public_use_permission_not_verified,
554,سورة الإسراء,باب الدين,سورة الاسراء,0,0,25,https://sshi.sa,سورة الاسراء.mp4,https://sshi.sa/api/file/%D8%B3%D9%88%D8%B1%D8%A9%20%D8%A7%D9%84%D8%A7%D8%B3%D8%B1%D8%A7%D8%A1.mp4,metadata_only_not_network_verified,False,missing,not_reviewed,public_use_permission_not_verified,
555,سورة الأعراف,باب الدين,سورة الاعراف,0,0,25,https://sshi.sa,سورة الاعراف.mp4,https://sshi.sa/api/file/%D8%B3%D9%88%D8%B1%D8%A9%20%D8%A7%D9%84%D8%A7%D8%B9%D8%B1%D8%A7%D9%81.mp4,metadata_only_not_network_verified,False,missing,not_reviewed,public_use_permission_not_verified,
556,سورة الأعلى,باب الدين,سورة الاعلى,0,0,25,https://sshi.sa,سورة الأعلى.mp4,https://sshi.sa/api/file/%D8%B3%D9%88%D8%B1%D8%A9%20%D8%A7%D9%84%D8%A3%D8%B9%D9%84%D9%89.mp4,metadata_only_not_network_verified,False,missing,not_reviewed,public_use_permission_not_verified,
557,سورة الأنبياء,باب الدين,سورة الانبياء,0,0,25,https://sshi.sa,سورة الانبياء.mp4,https://sshi.sa/api/file/%D8%B3%D9%88%D8%B1%D8%A9%20%D8%A7%D9%84%D8%A7%D9%86%D8%A8%D9%8A%D8%A7%D8%A1.mp4,metadata_only_not_network_verified,False,missing,not_reviewed,public_use_permission_not_verified,
558,سورة الإنسان,باب الدين,سورة الانسان,0,0,25,https://sshi.sa,سورة الانسان.mp4,https://sshi.sa/api/file/%D8%B3%D9%88%D8%B1%D8%A9%20%D8%A7%D9%84%D8%A7%D9%86%D8%B3%D8%A7%D9%86.mp4,metadata_only_not_network_verified,False,missing,not_reviewed,public_use_permission_not_verified,
559,سورة الانشقاق,باب الدين,,0,0,25,https://sshi.sa,سورة الانشقاق.mp4,https://sshi.sa/api/file/%D8%B3%D9%88%D8%B1%D8%A9%20%D8%A7%D9%84%D8%A7%D9%86%D8%B4%D9%82%D8%A7%D9%82.mp4,metadata_only_not_network_verified,False,missing,not_reviewed,public_use_permission_not_verified,
560,سورة الأنعام,باب الدين,سورة الانعام,0,0,25,https://sshi.sa,سورة الانعام.mp4,https://sshi.sa/api/file/%D8%B3%D9%88%D8%B1%D8%A9%20%D8%A7%D9%84%D8%A7%D9%86%D8%B9%D8%A7%D9%85.mp4,metadata_only_not_network_verified,False,missing,not_reviewed,public_use_permission_not_verified,
561,سورة الأنفال,باب الدين,سورة الانفال,0,0,25,https://sshi.sa,سورة الانفال.mp4,https://sshi.sa/api/file/%D8%B3%D9%88%D8%B1%D8%A9%20%D8%A7%D9%84%D8%A7%D9%86%D9%81%D8%A7%D9%84.mp4,metadata_only_not_network_verified,False,missing,not_reviewed,public_use_permission_not_verified,
562,سورة الانفطار,باب الدين,,0,0,25,https://sshi.sa,سورة الانفطار.mp4,https://sshi.sa/api/file/%D8%B3%D9%88%D8%B1%D8%A9%20%D8%A7%D9%84%D8%A7%D9%86%D9%81%D8%B7%D8%A7%D8%B1.mp4,metadata_only_not_network_verified,False,missing,not_reviewed,public_use_permission_not_verified,
563,سورة البروج,باب الدين,,0,0,25,https://sshi.sa,سورة البروج.mp4,https://sshi.sa/api/file/%D8%B3%D9%88%D8%B1%D8%A9%20%D8%A7%D9%84%D8%A8%D8%B1%D9%88%D8%AC.mp4,metadata_only_not_network_verified,False,missing,not_reviewed,public_use_permission_not_verified,
564,سورة البقرة,باب الدين,,0,0,25,https://sshi.sa,سورة البقرة.mp4,https://sshi.sa/api/file/%D8%B3%D9%88%D8%B1%D8%A9%20%D8%A7%D9%84%D8%A8%D9%82%D8%B1%D8%A9.mp4,metadata_only_not_network_verified,False,missing,not_reviewed,public_use_permission_not_verified,
565,سورة البلد,باب الدين,,0,0,25,https://sshi.sa,سورة البلد.mp4,https://sshi.sa/api/file/%D8%B3%D9%88%D8%B1%D8%A9%20%D8%A7%D9%84%D8%A8%D9%84%D8%AF.mp4,metadata_only_not_network_verified,False,missing,not_reviewed,public_use_permission_not_verified,
566,سورة البينة,باب الدين,,0,0,25,https://sshi.sa,سورة البينة.mp4,https://sshi.sa/api/file/%D8%B3%D9%88%D8%B1%D8%A9%20%D8%A7%D9%84%D8%A8%D9%8A%D9%86%D8%A9.mp4,metadata_only_not_network_verified,False,missing,not_reviewed,public_use_permission_not_verified,
567,سورة التحريم,باب الدين,,0,0,25,https://sshi.sa,سورة التحريم.mp4,https://sshi.sa/api/file/%D8%B3%D9%88%D8%B1%D8%A9%20%D8%A7%D9%84%D8%AA%D8%AD%D8%B1%D9%8A%D9%85.mp4,metadata_only_not_network_verified,False,missing,not_reviewed,public_use_permission_not_verified,
568,سورة التغابن,باب الدين,,0,0,25,https://sshi.sa,سورة التغابن.mp4,https://sshi.sa/api/file/%D8%B3%D9%88%D8%B1%D8%A9%20%D8%A7%D9%84%D8%AA%D8%BA%D8%A7%D8%A8%D9%86.mp4,metadata_only_not_network_verified,False,missing,not_reviewed,public_use_permission_not_verified,
569,سورة التكاثر,باب الدين,,0,0,25,https://sshi.sa,سورة التكاثر.mp4,https://sshi.sa/api/file/%D8%B3%D9%88%D8%B1%D8%A9%20%D8%A7%D9%84%D8%AA%D9%83%D8%A7%D8%AB%D8%B1.mp4,metadata_only_not_network_verified,False,missing,not_reviewed,public_use_permission_not_verified,
570,سورة التكوير,باب الدين,,0,0,25,https://sshi.sa,سورة التكوير.mp4,https://sshi.sa/api/file/%D8%B3%D9%88%D8%B1%D8%A9%20%D8%A7%D9%84%D8%AA%D9%83%D9%88%D9%8A%D8%B1.mp4,metadata_only_not_network_verified,False,missing,not_reviewed,public_use_permission_not_verified,
571,سورة التوبة,باب الدين,,0,0,25,https://sshi.sa,سورة التوبة.mp4,https://sshi.sa/api/file/%D8%B3%D9%88%D8%B1%D8%A9%20%D8%A7%D9%84%D8%AA%D9%88%D8%A8%D8%A9.mp4,metadata_only_not_network_verified,False,missing,not_reviewed,public_use_permission_not_verified,
572,سورة التين,باب الدين,,0,0,25,https://sshi.sa,سورة التين.mp4,https://sshi.sa/api/file/%D8%B3%D9%88%D8%B1%D8%A9%20%D8%A7%D9%84%D8%AA%D9%8A%D9%86.mp4,metadata_only_not_network_verified,False,missing,not_reviewed,public_use_permission_not_verified,
573,سورة الجاثية,باب الدين,,0,0,25,https://sshi.sa,سورة الجاثية.mp4,https://sshi.sa/api/file/%D8%B3%D9%88%D8%B1%D8%A9%20%D8%A7%D9%84%D8%AC%D8%A7%D8%AB%D9%8A%D8%A9.mp4,metadata_only_not_network_verified,False,missing,not_reviewed,public_use_permission_not_verified,
575,سورة الجن,باب الدين,,0,0,25,https://sshi.sa,سورة الجن.mp4,https://sshi.sa/api/file/%D8%B3%D9%88%D8%B1%D8%A9%20%D8%A7%D9%84%D8%AC%D9%86.mp4,metadata_only_not_network_verified,False,missing,not_reviewed,public_use_permission_not_verified,
576,سورة الحاقة,باب الدين,,0,0,25,https://sshi.sa,سورة الحاقة.mp4,https://sshi.sa/api/file/%D8%B3%D9%88%D8%B1%D8%A9%20%D8%A7%D9%84%D8%AD%D8%A7%D9%82%D8%A9.mp4,metadata_only_not_network_verified,False,missing,not_reviewed,public_use_permission_not_verified,
577,سورة الحج,باب الدين,,0,0,25,https://sshi.sa,سورة الحج.mp4,https://sshi.sa/api/file/%D8%B3%D9%88%D8%B1%D8%A9%20%D8%A7%D9%84%D8%AD%D8%AC.mp4,metadata_only_not_network_verified,False,missing,not_reviewed,public_use_permission_not_verified,
578,سورة الحجر,باب الدين,,0,0,25,https://sshi.sa,سورة الحجر.mp4,https://sshi.sa/api/file/%D8%B3%D9%88%D8%B1%D8%A9%20%D8%A7%D9%84%D8%AD%D8%AC%D8%B1.mp4,metadata_only_not_network_verified,False,missing,not_reviewed,public_use_permission_not_verified,
579,سورة الحجرات,باب الدين,,0,0,25,https://sshi.sa,سورة الحجرات.mp4,https://sshi.sa/api/file/%D8%B3%D9%88%D8%B1%D8%A9%20%D8%A7%D9%84%D8%AD%D8%AC%D8%B1%D8%A7%D8%AA.mp4,metadata_only_not_network_verified,False,missing,not_reviewed,public_use_permission_not_verified,
580,سورة الحديد,باب الدين,,0,0,25,https://sshi.sa,سورة الحديد.mp4,https://sshi.sa/api/file/%D8%B3%D9%88%D8%B1%D8%A9%20%D8%A7%D9%84%D8%AD%D8%AF%D9%8A%D8%AF.mp4,metadata_only_not_network_verified,False,missing,not_reviewed,public_use_permission_not_verified,
581,سورة الحشر,باب الدين,,0,0,25,https://sshi.sa,سورة الحشر.mp4,https://sshi.sa/api/file/%D8%B3%D9%88%D8%B1%D8%A9%20%D8%A7%D9%84%D8%AD%D8%B4%D8%B1.mp4,metadata_only_not_network_verified,False,missing,not_reviewed,public_use_permission_not_verified,
582,سورة الدخان,باب الدين,,0,0,25,https://sshi.sa,سورة الدخان.mp4,https://sshi.sa/api/file/%D8%B3%D9%88%D8%B1%D8%A9%20%D8%A7%D9%84%D8%AF%D8%AE%D8%A7%D9%86.mp4,metadata_only_not_network_verified,False,missing,not_reviewed,public_use_permission_not_verified,
583,سورة الذاريات,باب الدين,,0,0,25,https://sshi.sa,سورة الذاريات.mp4,https://sshi.sa/api/file/%D8%B3%D9%88%D8%B1%D8%A9%20%D8%A7%D9%84%D8%B0%D8%A7%D8%B1%D9%8A%D8%A7%D8%AA.mp4,metadata_only_not_network_verified,False,missing,not_reviewed,public_use_permission_not_verified,
584,سورة الرحمن,باب الدين,,0,0,25,https://sshi.sa,سورة الرحمن.mp4,https://sshi.sa/api/file/%D8%B3%D9%88%D8%B1%D8%A9%20%D8%A7%D9%84%D8%B1%D8%AD%D9%85%D9%86.mp4,metadata_only_not_network_verified,False,missing,not_reviewed,public_use_permission_not_verified,
585,سورة الرعد,باب الدين,,0,0,25,https://sshi.sa,سورة الرعد.mp4,https://sshi.sa/api/file/%D8%B3%D9%88%D8%B1%D8%A9%20%D8%A7%D9%84%D8%B1%D8%B9%D8%AF.mp4,metadata_only_not_network_verified,False,missing,not_reviewed,public_use_permission_not_verified,
586,سورة الروم,باب الدين,,0,0,25,https://sshi.sa,سورة الروم.mp4,https://sshi.sa/api/file/%D8%B3%D9%88%D8%B1%D8%A9%20%D8%A7%D9%84%D8%B1%D9%88%D9%85.mp4,metadata_only_not_network_verified,False,missing,not_reviewed,public_use_permission_not_verified,
587,سورة الزخرف,باب الدين,,0,0,25,https://sshi.sa,سورة الزخرف.mp4,https://sshi.sa/api/file/%D8%B3%D9%88%D8%B1%D8%A9%20%D8%A7%D9%84%D8%B2%D8%AE%D8%B1%D9%81.mp4,metadata_only_not_network_verified,False,missing,not_reviewed,public_use_permission_not_verified,
588,سورة الزلزلة,باب الدين,,0,0,25,https://sshi.sa,سورة الزلزلة.mp4,https://sshi.sa/api/file/%D8%B3%D9%88%D8%B1%D8%A9%20%D8%A7%D9%84%D8%B2%D9%84%D8%B2%D9%84%D8%A9.mp4,metadata_only_not_network_verified,False,missing,not_reviewed,public_use_permission_not_verified,
589,سورة الزمر,باب الدين,,0,0,25,https://sshi.sa,سورة الزمر.mp4,https://sshi.sa/api/file/%D8%B3%D9%88%D8%B1%D8%A9%20%D8%A7%D9%84%D8%B2%D9%85%D8%B1.mp4,metadata_only_not_network_verified,False,missing,not_reviewed,public_use_permission_not_verified,
590,سورة السجدة,باب الدين,,0,0,25,https://sshi.sa,سورة السجدة.mp4,https://sshi.sa/api/file/%D8%B3%D9%88%D8%B1%D8%A9%20%D8%A7%D9%84%D8%B3%D8%AC%D8%AF%D8%A9.mp4,metadata_only_not_network_verified,False,missing,not_reviewed,public_use_permission_not_verified,
591,سورة الشرح,باب الدين,,0,0,25,https://sshi.sa,سورة الشرح.mp4,https://sshi.sa/api/file/%D8%B3%D9%88%D8%B1%D8%A9%20%D8%A7%D9%84%D8%B4%D8%B1%D8%AD.mp4,metadata_only_not_network_verified,False,missing,not_reviewed,public_use_permission_not_verified,
592,سورة الشعراء,باب الدين,,0,0,25,https://sshi.sa,سورة الشعراء.mp4,https://sshi.sa/api/file/%D8%B3%D9%88%D8%B1%D8%A9%20%D8%A7%D9%84%D8%B4%D8%B9%D8%B1%D8%A7%D8%A1.mp4,metadata_only_not_network_verified,False,missing,not_reviewed,public_use_permission_not_verified,
593,سورة الشمس,باب الدين,,0,0,25,https://sshi.sa,سورة الشمس.mp4,https://sshi.sa/api/file/%D8%B3%D9%88%D8%B1%D8%A9%20%D8%A7%D9%84%D8%B4%D9%85%D8%B3.mp4,metadata_only_not_network_verified,False,missing,not_reviewed,public_use_permission_not_verified,
594,سورة الشورى,باب الدين,,0,0,25,https://sshi.sa,سورة الشورى.mp4,https://sshi.sa/api/file/%D8%B3%D9%88%D8%B1%D8%A9%20%D8%A7%D9%84%D8%B4%D9%88%D8%B1%D9%89.mp4,metadata_only_not_network_verified,False,missing,not_reviewed,public_use_permission_not_verified,
595,سورة الصافات,باب الدين,,0,0,25,https://sshi.sa,سورة الصافات.mp4,https://sshi.sa/api/file/%D8%B3%D9%88%D8%B1%D8%A9%20%D8%A7%D9%84%D8%B5%D8%A7%D9%81%D8%A7%D8%AA.mp4,metadata_only_not_network_verified,False,missing,not_reviewed,public_use_permission_not_verified,
596,سورة الصف,باب الدين,,0,0,25,https://sshi.sa,سورة الصف.mp4,https://sshi.sa/api/file/%D8%B3%D9%88%D8%B1%D8%A9%20%D8%A7%D9%84%D8%B5%D9%81.mp4,metadata_only_not_network_verified,False,missing,not_reviewed,public_use_permission_not_verified,
597,سورة الضحى,باب الدين,,0,0,25,https://sshi.sa,سورة الضحى.mp4,https://sshi.sa/api/file/%D8%B3%D9%88%D8%B1%D8%A9%20%D8%A7%D9%84%D8%B6%D8%AD%D9%89.mp4,metadata_only_not_network_verified,False,missing,not_reviewed,public_use_permission_not_verified,
598,سورة الطارق,باب الدين,,0,0,25,https://sshi.sa,سورة الطارق.mp4,https://sshi.sa/api/file/%D8%B3%D9%88%D8%B1%D8%A9%20%D8%A7%D9%84%D8%B7%D8%A7%D8%B1%D9%82.mp4,metadata_only_not_network_verified,False,missing,not_reviewed,public_use_permission_not_verified,
599,سورة الطلاق,باب الدين,,0,0,25,https://sshi.sa,سورة الطلاق.mp4,https://sshi.sa/api/file/%D8%B3%D9%88%D8%B1%D8%A9%20%D8%A7%D9%84%D8%B7%D9%84%D8%A7%D9%82.mp4,metadata_only_not_network_verified,False,missing,not_reviewed,public_use_permission_not_verified,
600,سورة الطور,باب الدين,,0,0,25,https://sshi.sa,سورة الطور.mp4,https://sshi.sa/api/file/%D8%B3%D9%88%D8%B1%D8%A9%20%D8%A7%D9%84%D8%B7%D9%88%D8%B1.mp4,metadata_only_not_network_verified,False,missing,not_reviewed,public_use_permission_not_verified,
601,سورة العاديات,باب الدين,,0,0,25,https://sshi.sa,سورة العاديات.mp4,https://sshi.sa/api/file/%D8%B3%D9%88%D8%B1%D8%A9%20%D8%A7%D9%84%D8%B9%D8%A7%D8%AF%D9%8A%D8%A7%D8%AA.mp4,metadata_only_not_network_verified,False,missing,not_reviewed,public_use_permission_not_verified,
602,سورة العصر,باب الدين,,0,0,25,https://sshi.sa,سورة العصر.mp4,https://sshi.sa/api/file/%D8%B3%D9%88%D8%B1%D8%A9%20%D8%A7%D9%84%D8%B9%D8%B5%D8%B1.mp4,metadata_only_not_network_verified,False,missing,not_reviewed,public_use_permission_not_verified,
603,سورة العلق,باب الدين,,0,0,25,https://sshi.sa,سورة العلق.mp4,https://sshi.sa/api/file/%D8%B3%D9%88%D8%B1%D8%A9%20%D8%A7%D9%84%D8%B9%D9%84%D9%82.mp4,metadata_only_not_network_verified,False,missing,not_reviewed,public_use_permission_not_verified,
604,سورة العنكبوت,باب الدين,,0,0,25,https://sshi.sa,سورة العنكبوت.mp4,https://sshi.sa/api/file/%D8%B3%D9%88%D8%B1%D8%A9%20%D8%A7%D9%84%D8%B9%D9%86%D9%83%D8%A8%D9%88%D8%AA.mp4,metadata_only_not_network_verified,False,missing,not_reviewed,public_use_permission_not_verified,
605,سورة الغاشية,باب الدين,,0,0,25,https://sshi.sa,سورة الغاشية.mp4,https://sshi.sa/api/file/%D8%B3%D9%88%D8%B1%D8%A9%20%D8%A7%D9%84%D8%BA%D8%A7%D8%B4%D9%8A%D8%A9.mp4,metadata_only_not_network_verified,False,missing,not_reviewed,public_use_permission_not_verified,
606,سورة الفاتحة,باب الدين,,0,0,25,https://sshi.sa,سورة الفاتحة.mp4,https://sshi.sa/api/file/%D8%B3%D9%88%D8%B1%D8%A9%20%D8%A7%D9%84%D9%81%D8%A7%D8%AA%D8%AD%D8%A9.mp4,metadata_only_not_network_verified,False,missing,not_reviewed,public_use_permission_not_verified,
607,سورة الفتح,باب الدين,,0,0,25,https://sshi.sa,سورة الفتح.mp4,https://sshi.sa/api/file/%D8%B3%D9%88%D8%B1%D8%A9%20%D8%A7%D9%84%D9%81%D8%AA%D8%AD.mp4,metadata_only_not_network_verified,False,missing,not_reviewed,public_use_permission_not_verified,
608,سورة الفجر,باب الدين,,0,0,25,https://sshi.sa,سورة الفجر.mp4,https://sshi.sa/api/file/%D8%B3%D9%88%D8%B1%D8%A9%20%D8%A7%D9%84%D9%81%D8%AC%D8%B1.mp4,metadata_only_not_network_verified,False,missing,not_reviewed,public_use_permission_not_verified,
609,سورة الفرقان,باب الدين,,0,0,25,https://sshi.sa,سورة الفرقان.mp4,https://sshi.sa/api/file/%D8%B3%D9%88%D8%B1%D8%A9%20%D8%A7%D9%84%D9%81%D8%B1%D9%82%D8%A7%D9%86.mp4,metadata_only_not_network_verified,False,missing,not_reviewed,public_use_permission_not_verified,
610,سورة الفلق,باب الدين,,0,0,25,https://sshi.sa,سورة الفلق.mp4,https://sshi.sa/api/file/%D8%B3%D9%88%D8%B1%D8%A9%20%D8%A7%D9%84%D9%81%D9%84%D9%82.mp4,metadata_only_not_network_verified,False,missing,not_reviewed,public_use_permission_not_verified,
611,سورة الفيل,باب الدين,,0,0,25,https://sshi.sa,سورة الفيل.mp4,https://sshi.sa/api/file/%D8%B3%D9%88%D8%B1%D8%A9%20%D8%A7%D9%84%D9%81%D9%8A%D9%84.mp4,metadata_only_not_network_verified,False,missing,not_reviewed,public_use_permission_not_verified,
612,سورة القارعة,باب الدين,,0,0,25,https://sshi.sa,سورة القارعة.mp4,https://sshi.sa/api/file/%D8%B3%D9%88%D8%B1%D8%A9%20%D8%A7%D9%84%D9%82%D8%A7%D8%B1%D8%B9%D8%A9.mp4,metadata_only_not_network_verified,False,missing,not_reviewed,public_use_permission_not_verified,
613,سورة القدر,باب الدين,,0,0,25,https://sshi.sa,سورة القدر.mp4,https://sshi.sa/api/file/%D8%B3%D9%88%D8%B1%D8%A9%20%D8%A7%D9%84%D9%82%D8%AF%D8%B1.mp4,metadata_only_not_network_verified,False,missing,not_reviewed,public_use_permission_not_verified,
614,سورة القصص,باب الدين,,0,0,25,https://sshi.sa,سورة القصص.mp4,https://sshi.sa/api/file/%D8%B3%D9%88%D8%B1%D8%A9%20%D8%A7%D9%84%D9%82%D8%B5%D8%B5.mp4,metadata_only_not_network_verified,False,missing,not_reviewed,public_use_permission_not_verified,
615,سورة القلم,باب الدين,,0,0,25,https://sshi.sa,سورة القلم.mp4,https://sshi.sa/api/file/%D8%B3%D9%88%D8%B1%D8%A9%20%D8%A7%D9%84%D9%82%D9%84%D9%85.mp4,metadata_only_not_network_verified,False,missing,not_reviewed,public_use_permission_not_verified,
616,سورة القمر,باب الدين,,0,0,25,https://sshi.sa,سورة القمر.mp4,https://sshi.sa/api/file/%D8%B3%D9%88%D8%B1%D8%A9%20%D8%A7%D9%84%D9%82%D9%85%D8%B1.mp4,metadata_only_not_network_verified,False,missing,not_reviewed,public_use_permission_not_verified,
617,سورة القيامة,باب الدين,,0,0,25,https://sshi.sa,سورة القيامة.mp4,https://sshi.sa/api/file/%D8%B3%D9%88%D8%B1%D8%A9%20%D8%A7%D9%84%D9%82%D9%8A%D8%A7%D9%85%D8%A9.mp4,metadata_only_not_network_verified,False,missing,not_reviewed,public_use_permission_not_verified,
618,سورة الكافرون,باب الدين,,0,0,25,https://sshi.sa,سورة الكافرون.mp4,https://sshi.sa/api/file/%D8%B3%D9%88%D8%B1%D8%A9%20%D8%A7%D9%84%D9%83%D8%A7%D9%81%D8%B1%D9%88%D9%86.mp4,metadata_only_not_network_verified,False,missing,not_reviewed,public_use_permission_not_verified,
620,سورة الكوثر,باب الدين,,0,0,25,https://sshi.sa,سورة الكوثر.mp4,https://sshi.sa/api/file/%D8%B3%D9%88%D8%B1%D8%A9%20%D8%A7%D9%84%D9%83%D9%88%D8%AB%D8%B1.mp4,metadata_only_not_network_verified,False,missing,not_reviewed,public_use_permission_not_verified,
621,سورة الليل,باب الدين,,0,0,25,https://sshi.sa,سورة الليل.mp4,https://sshi.sa/api/file/%D8%B3%D9%88%D8%B1%D8%A9%20%D8%A7%D9%84%D9%84%D9%8A%D9%84.mp4,metadata_only_not_network_verified,False,missing,not_reviewed,public_use_permission_not_verified,
622,سورة الماعون,باب الدين,,0,0,25,https://sshi.sa,سورة الماعون.mp4,https://sshi.sa/api/file/%D8%B3%D9%88%D8%B1%D8%A9%20%D8%A7%D9%84%D9%85%D8%A7%D8%B9%D9%88%D9%86.mp4,metadata_only_not_network_verified,False,missing,not_reviewed,public_use_permission_not_verified,
623,سورة المائدة,باب الدين,,0,0,25,https://sshi.sa,سورة المائدة.mp4,https://sshi.sa/api/file/%D8%B3%D9%88%D8%B1%D8%A9%20%D8%A7%D9%84%D9%85%D8%A7%D8%A6%D8%AF%D8%A9.mp4,metadata_only_not_network_verified,False,missing,not_reviewed,public_use_permission_not_verified,
624,سورة المجادلة,باب الدين,,0,0,25,https://sshi.sa,سورة المجادلة.mp4,https://sshi.sa/api/file/%D8%B3%D9%88%D8%B1%D8%A9%20%D8%A7%D9%84%D9%85%D8%AC%D8%A7%D8%AF%D9%84%D8%A9.mp4,metadata_only_not_network_verified,False,missing,not_reviewed,public_use_permission_not_verified,
625,سورة المدثر,باب الدين,,0,0,25,https://sshi.sa,سورة المدثر.mp4,https://sshi.sa/api/file/%D8%B3%D9%88%D8%B1%D8%A9%20%D8%A7%D9%84%D9%85%D8%AF%D8%AB%D8%B1.mp4,metadata_only_not_network_verified,False,missing,not_reviewed,public_use_permission_not_verified,
626,سورة المرسلات,باب الدين,,0,0,25,https://sshi.sa,سورة المرسلات.mp4,https://sshi.sa/api/file/%D8%B3%D9%88%D8%B1%D8%A9%20%D8%A7%D9%84%D9%85%D8%B1%D8%B3%D9%84%D8%A7%D8%AA.mp4,metadata_only_not_network_verified,False,missing,not_reviewed,public_use_permission_not_verified,
627,سورة المزمل,باب الدين,,0,0,25,https://sshi.sa,سورة المزمل.mp4,https://sshi.sa/api/file/%D8%B3%D9%88%D8%B1%D8%A9%20%D8%A7%D9%84%D9%85%D8%B2%D9%85%D9%84.mp4,metadata_only_not_network_verified,False,missing,not_reviewed,public_use_permission_not_verified,
628,سورة المسد,باب الدين,,0,0,25,https://sshi.sa,سورة المسد.mp4,https://sshi.sa/api/file/%D8%B3%D9%88%D8%B1%D8%A9%20%D8%A7%D9%84%D9%85%D8%B3%D8%AF.mp4,metadata_only_not_network_verified,False,missing,not_reviewed,public_use_permission_not_verified,
629,سورة المطففين,باب الدين,,0,0,25,https://sshi.sa,سورة المطففين.mp4,https://sshi.sa/api/file/%D8%B3%D9%88%D8%B1%D8%A9%20%D8%A7%D9%84%D9%85%D8%B7%D9%81%D9%81%D9%8A%D9%86.mp4,metadata_only_not_network_verified,False,missing,not_reviewed,public_use_permission_not_verified,
630,سورة المعارج,باب الدين,,0,0,25,https://sshi.sa,سورة المعارج.mp4,https://sshi.sa/api/file/%D8%B3%D9%88%D8%B1%D8%A9%20%D8%A7%D9%84%D9%85%D8%B9%D8%A7%D8%B1%D8%AC.mp4,metadata_only_not_network_verified,False,missing,not_reviewed,public_use_permission_not_verified,
631,سورة الملك,باب الدين,,0,0,25,https://sshi.sa,سورة الملك.mp4,https://sshi.sa/api/file/%D8%B3%D9%88%D8%B1%D8%A9%20%D8%A7%D9%84%D9%85%D9%84%D9%83.mp4,metadata_only_not_network_verified,False,missing,not_reviewed,public_use_permission_not_verified,
632,سورة الممتحنة,باب الدين,,0,0,25,https://sshi.sa,سورة الممتحنة.mp4,https://sshi.sa/api/file/%D8%B3%D9%88%D8%B1%D8%A9%20%D8%A7%D9%84%D9%85%D9%85%D8%AA%D8%AD%D9%86%D8%A9.mp4,metadata_only_not_network_verified,False,missing,not_reviewed,public_use_permission_not_verified,
633,سورة المنافقون,باب الدين,,0,0,25,https://sshi.sa,سورة المنافقون.mp4,https://sshi.sa/api/file/%D8%B3%D9%88%D8%B1%D8%A9%20%D8%A7%D9%84%D9%85%D9%86%D8%A7%D9%81%D9%82%D9%88%D9%86.mp4,metadata_only_not_network_verified,False,missing,not_reviewed,public_use_permission_not_verified,
634,سورة المؤمنون,باب الدين,سورة المومنون,0,0,25,https://sshi.sa,سورة المؤمنون.mp4,https://sshi.sa/api/file/%D8%B3%D9%88%D8%B1%D8%A9%20%D8%A7%D9%84%D9%85%D8%A4%D9%85%D9%86%D9%88%D9%86.mp4,metadata_only_not_network_verified,False,missing,not_reviewed,public_use_permission_not_verified,
635,سورة النازعات,باب الدين,,0,0,25,https://sshi.sa,سورة النازعات.mp4,https://sshi.sa/api/file/%D8%B3%D9%88%D8%B1%D8%A9%20%D8%A7%D9%84%D9%86%D8%A7%D8%B2%D8%B9%D8%A7%D8%AA.mp4,metadata_only_not_network_verified,False,missing,not_reviewed,public_use_permission_not_verified,
636,سورة الناس,باب الدين,,0,0,25,https://sshi.sa,سورة الناس.mp4,https://sshi.sa/api/file/%D8%B3%D9%88%D8%B1%D8%A9%20%D8%A7%D9%84%D9%86%D8%A7%D8%B3.mp4,metadata_only_not_network_verified,False,missing,not_reviewed,public_use_permission_not_verified,
637,سورة النبأ,باب الدين,سورة النبا,0,0,25,https://sshi.sa,سورة النبأ.mp4,https://sshi.sa/api/file/%D8%B3%D9%88%D8%B1%D8%A9%20%D8%A7%D9%84%D9%86%D8%A8%D8%A3.mp4,metadata_only_not_network_verified,False,missing,not_reviewed,public_use_permission_not_verified,
638,سورة النجم,باب الدين,,0,0,25,https://sshi.sa,سورة النجم.mp4,https://sshi.sa/api/file/%D8%B3%D9%88%D8%B1%D8%A9%20%D8%A7%D9%84%D9%86%D8%AC%D9%85.mp4,metadata_only_not_network_verified,False,missing,not_reviewed,public_use_permission_not_verified,
639,سورة النحل,باب الدين,,0,0,25,https://sshi.sa,سورة النحل.mp4,https://sshi.sa/api/file/%D8%B3%D9%88%D8%B1%D8%A9%20%D8%A7%D9%84%D9%86%D8%AD%D9%84.mp4,metadata_only_not_network_verified,False,missing,not_reviewed,public_use_permission_not_verified,
640,سورة النساء,باب الدين,,0,0,25,https://sshi.sa,سورة النساء.mp4,https://sshi.sa/api/file/%D8%B3%D9%88%D8%B1%D8%A9%20%D8%A7%D9%84%D9%86%D8%B3%D8%A7%D8%A1.mp4,metadata_only_not_network_verified,False,missing,not_reviewed,public_use_permission_not_verified,
641,سورة النصر,باب الدين,,0,0,25,https://sshi.sa,سورة النصر.mp4,https://sshi.sa/api/file/%D8%B3%D9%88%D8%B1%D8%A9%20%D8%A7%D9%84%D9%86%D8%B5%D8%B1.mp4,metadata_only_not_network_verified,False,missing,not_reviewed,public_use_permission_not_verified,
642,سورة النمل,باب الدين,,0,0,25,https://sshi.sa,سورة النمل.mp4,https://sshi.sa/api/file/%D8%B3%D9%88%D8%B1%D8%A9%20%D8%A7%D9%84%D9%86%D9%85%D9%84.mp4,metadata_only_not_network_verified,False,missing,not_reviewed,public_use_permission_not_verified,
643,سورة النور,باب الدين,,0,0,25,https://sshi.sa,سورة النور.mp4,https://sshi.sa/api/file/%D8%B3%D9%88%D8%B1%D8%A9%20%D8%A7%D9%84%D9%86%D9%88%D8%B1.mp4,metadata_only_not_network_verified,False,missing,not_reviewed,public_use_permission_not_verified,
644,سورة الهمزة,باب الدين,,0,0,25,https://sshi.sa,سورة الهمزة.mp4,https://sshi.sa/api/file/%D8%B3%D9%88%D8%B1%D8%A9%20%D8%A7%D9%84%D9%87%D9%85%D8%B2%D8%A9.mp4,metadata_only_not_network_verified,False,missing,not_reviewed,public_use_permission_not_verified,
645,سورة الواقعة,باب الدين,,0,0,25,https://sshi.sa,سورة الواقعة.mp4,https://sshi.sa/api/file/%D8%B3%D9%88%D8%B1%D8%A9%20%D8%A7%D9%84%D9%88%D8%A7%D9%82%D8%B9%D8%A9.mp4,metadata_only_not_network_verified,False,missing,not_reviewed,public_use_permission_not_verified,
646,سورة سبأ,باب الدين,,0,0,25,https://sshi.sa,سورة سبأ.mp4,https://sshi.sa/api/file/%D8%B3%D9%88%D8%B1%D8%A9%20%D8%B3%D8%A8%D8%A3.mp4,metadata_only_not_network_verified,False,missing,not_reviewed,public_use_permission_not_verified,
647,سورة ص (صاد),باب الدين,,0,0,25,https://sshi.sa,سورة ص.mp4,https://sshi.sa/api/file/%D8%B3%D9%88%D8%B1%D8%A9%20%D8%B5.mp4,metadata_only_not_network_verified,False,missing,not_reviewed,public_use_permission_not_verified,
648,سورة طه,باب الدين,طاها,0,0,25,https://sshi.sa,سورة طه.mp4,https://sshi.sa/api/file/%D8%B3%D9%88%D8%B1%D8%A9%20%D8%B7%D9%87.mp4,metadata_only_not_network_verified,False,missing,not_reviewed,public_use_permission_not_verified,
649,سورة عبس,باب الدين,,0,0,25,https://sshi.sa,سورة عبس.mp4,https://sshi.sa/api/file/%D8%B3%D9%88%D8%B1%D8%A9%20%D8%B9%D8%A8%D8%B3.mp4,metadata_only_not_network_verified,False,missing,not_reviewed,public_use_permission_not_verified,
650,سورة غافر,باب الدين,,0,0,25,https://sshi.sa,سورة غافر.mp4,https://sshi.sa/api/file/%D8%B3%D9%88%D8%B1%D8%A9%20%D8%BA%D8%A7%D9%81%D8%B1.mp4,metadata_only_not_network_verified,False,missing,not_reviewed,public_use_permission_not_verified,
651,سورة فاطر,باب الدين,,0,0,25,https://sshi.sa,سورة فاطر.mp4,https://sshi.sa/api/file/%D8%B3%D9%88%D8%B1%D8%A9%20%D9%81%D8%A7%D8%B7%D8%B1.mp4,metadata_only_not_network_verified,False,missing,not_reviewed,public_use_permission_not_verified,
652,سورة فصلت,باب الدين,,0,0,25,https://sshi.sa,سورة فصلت.mp4,https://sshi.sa/api/file/%D8%B3%D9%88%D8%B1%D8%A9%20%D9%81%D8%B5%D9%84%D8%AA.mp4,metadata_only_not_network_verified,False,missing,not_reviewed,public_use_permission_not_verified,
653,سورة ق ( قاف ),باب الدين,,0,0,25,https://sshi.sa,سورة ق.mp4,https://sshi.sa/api/file/%D8%B3%D9%88%D8%B1%D8%A9%20%D9%82.mp4,metadata_only_not_network_verified,False,missing,not_reviewed,public_use_permission_not_verified,
654,سورة قريش,باب الدين,,0,0,25,https://sshi.sa,سورة قريش.mp4,https://sshi.sa/api/file/%D8%B3%D9%88%D8%B1%D8%A9%20%D9%82%D8%B1%D9%8A%D8%B4.mp4,metadata_only_not_network_verified,False,missing,not_reviewed,public_use_permission_not_verified,
655,سورة لقمان,باب الدين,,0,0,25,https://sshi.sa,سورة لقمان.mp4,https://sshi.sa/api/file/%D8%B3%D9%88%D8%B1%D8%A9%20%D9%84%D9%82%D9%85%D8%A7%D9%86.mp4,metadata_only_not_network_verified,False,missing,not_reviewed,public_use_permission_not_verified,
656,سورة محمد,باب الدين,,0,0,25,https://sshi.sa,سورة محمد.mp4,https://sshi.sa/api/file/%D8%B3%D9%88%D8%B1%D8%A9%20%D9%85%D8%AD%D9%85%D8%AF.mp4,metadata_only_not_network_verified,False,missing,not_reviewed,public_use_permission_not_verified,
657,سورة مريم,باب الدين,,0,0,25,https://sshi.sa,سورة مريم.mp4,https://sshi.sa/api/file/%D8%B3%D9%88%D8%B1%D8%A9%20%D9%85%D8%B1%D9%8A%D9%85.mp4,metadata_only_not_network_verified,False,missing,not_reviewed,public_use_permission_not_verified,
658,سورة نوح,باب الدين,,0,0,25,https://sshi.sa,سورة نوح.mp4,https://sshi.sa/api/file/%D8%B3%D9%88%D8%B1%D8%A9%20%D9%86%D9%88%D8%AD.mp4,metadata_only_not_network_verified,False,missing,not_reviewed,public_use_permission_not_verified,
659,سورة هود,باب الدين,,0,0,25,https://sshi.sa,سورة هود.mp4,https://sshi.sa/api/file/%D8%B3%D9%88%D8%B1%D8%A9%20%D9%87%D9%88%D8%AF.mp4,metadata_only_not_network_verified,False,missing,not_reviewed,public_use_permission_not_verified,
660,سورة ياسين - يس,باب الدين,,0,0,25,https://sshi.sa,سورة ياسين - يس.mp4,https://sshi.sa/api/file/%D8%B3%D9%88%D8%B1%D8%A9%20%D9%8A%D8%A7%D8%B3%D9%8A%D9%86%20-%20%D9%8A%D8%B3.mp4,metadata_only_not_network_verified,False,missing,not_reviewed,public_use_permission_not_verified,
661,سورة يوسف,باب الدين,,0,0,25,https://sshi.sa,سورة يوسف.mp4,https://sshi.sa/api/file/%D8%B3%D9%88%D8%B1%D8%A9%20%D9%8A%D9%88%D8%B3%D9%81.mp4,metadata_only_not_network_verified,False,missing,not_reviewed,public_use_permission_not_verified,
662,سورة يونس,باب الدين,,0,0,25,https://sshi.sa,سورة يونس.mp4,https://sshi.sa/api/file/%D8%B3%D9%88%D8%B1%D8%A9%20%D9%8A%D9%88%D9%86%D8%B3.mp4,metadata_only_not_network_verified,False,missing,not_reviewed,public_use_permission_not_verified,
663,شجرة الطوبي,باب الدين,,0,0,25,https://sshi.sa,شجرة الطوبي.mp4,https://sshi.sa/api/file/%D8%B4%D8%AC%D8%B1%D8%A9%20%D8%A7%D9%84%D8%B7%D9%88%D8%A8%D9%8A.mp4,metadata_only_not_network_verified,False,missing,not_reviewed,public_use_permission_not_verified,
664,شرب الخمر,باب الدين,,0,0,25,https://sshi.sa,شرب الخمر.mp4,https://sshi.sa/api/file/%D8%B4%D8%B1%D8%A8%20%D8%A7%D9%84%D8%AE%D9%85%D8%B1.mp4,metadata_only_not_network_verified,False,missing,not_reviewed,public_use_permission_not_verified,
665,شرك أصغر,باب الدين,شرك اصغر,0,0,25,https://sshi.sa,شرك أصغر.mp4,https://sshi.sa/api/file/%D8%B4%D8%B1%D9%83%20%D8%A3%D8%B5%D8%BA%D8%B1.mp4,metadata_only_not_network_verified,False,missing,not_reviewed,public_use_permission_not_verified,
666,شرك أكبر,باب الدين,شرك اكبر,0,0,25,https://sshi.sa,شرك أكبر.mp4,https://sshi.sa/api/file/%D8%B4%D8%B1%D9%83%20%D8%A3%D9%83%D8%A8%D8%B1.mp4,metadata_only_not_network_verified,False,missing,not_reviewed,public_use_permission_not_verified,
667,شرك خفي,باب الدين,,0,0,25,https://sshi.sa,شرك خفي.mp4,https://sshi.sa/api/file/%D8%B4%D8%B1%D9%83%20%D8%AE%D9%81%D9%8A.mp4,metadata_only_not_network_verified,False,missing,not_reviewed,public_use_permission_not_verified,
668,شروط الحج,باب الدين,,0,0,25,https://sshi.sa,شروط الحج.mp4,https://sshi.sa/api/file/%D8%B4%D8%B1%D9%88%D8%B7%20%D8%A7%D9%84%D8%AD%D8%AC.mp4,metadata_only_not_network_verified,False,missing,not_reviewed,public_use_permission_not_verified,
669,شروط الصلاة,باب الدين,,0,0,25,https://sshi.sa,شروط الصلاة.mp4,https://sshi.sa/api/file/%D8%B4%D8%B1%D9%88%D8%B7%20%D8%A7%D9%84%D8%B5%D9%84%D8%A7%D8%A9.mp4,metadata_only_not_network_verified,False,missing,not_reviewed,public_use_permission_not_verified,
670,شعيب عليه السلام,باب الدين,,0,0,25,https://sshi.sa,شعيب.mp4,https://sshi.sa/api/file/%D8%B4%D8%B9%D9%8A%D8%A8.mp4,metadata_only_not_network_verified,False,missing,not_reviewed,public_use_permission_not_verified,
671,شهر رمضان,باب الدين,,0,0,25,https://sshi.sa,شهر رمضان.mp4,https://sshi.sa/api/file/%D8%B4%D9%87%D8%B1%20%D8%B1%D9%85%D8%B6%D8%A7%D9%86.mp4,metadata_only_not_network_verified,False,missing,not_reviewed,public_use_permission_not_verified,
673,صالح عليه السلام,باب الدين,,0,0,25,https://sshi.sa,صالح.mp4,https://sshi.sa/api/file/%D8%B5%D8%A7%D9%84%D8%AD.mp4,metadata_only_not_network_verified,False,missing,not_reviewed,public_use_permission_not_verified,
674,صحف ابراهيم,باب الدين,,0,0,25,https://sshi.sa,صحف ابراهيم.mp4,https://sshi.sa/api/file/%D8%B5%D8%AD%D9%81%20%D8%A7%D8%A8%D8%B1%D8%A7%D9%87%D9%8A%D9%85.mp4,metadata_only_not_network_verified,False,missing,not_reviewed,public_use_permission_not_verified,
678,طواف الإفاضة,باب الدين,,0,0,25,https://sshi.sa,طواف الإفاضة.mp4,https://sshi.sa/api/file/%D8%B7%D9%88%D8%A7%D9%81%20%D8%A7%D9%84%D8%A5%D9%81%D8%A7%D8%B6%D8%A9.mp4,metadata_only_not_network_verified,False,missing,not_reviewed,public_use_permission_not_verified,
679,طواف القدوم,باب الدين,,0,0,25,https://sshi.sa,طواف القدوم.mp4,https://sshi.sa/api/file/%D8%B7%D9%88%D8%A7%D9%81%20%D8%A7%D9%84%D9%82%D8%AF%D9%88%D9%85.mp4,metadata_only_not_network_verified,False,missing,not_reviewed,public_use_permission_not_verified,
680,عالم الغيب,باب الدين,,0,0,25,https://sshi.sa,عالم الغيب.mp4,https://sshi.sa/api/file/%D8%B9%D8%A7%D9%84%D9%85%20%D8%A7%D9%84%D8%BA%D9%8A%D8%A8.mp4,metadata_only_not_network_verified,False,missing,not_reviewed,public_use_permission_not_verified,
681,عائشة بنت ابوبكر الصديق,باب الدين,,0,0,25,https://sshi.sa,عائشة بنت ابوبكر الصديق.mp4,https://sshi.sa/api/file/%D8%B9%D8%A7%D8%A6%D8%B4%D8%A9%20%D8%A8%D9%86%D8%AA%20%D8%A7%D8%A8%D9%88%D8%A8%D9%83%D8%B1%20%D8%A7%D9%84%D8%B5%D8%AF%D9%8A%D9%82.mp4,metadata_only_not_network_verified,False,missing,not_reviewed,public_use_permission_not_verified,
682,عبدالمطلب,باب الدين,,0,0,25,https://sshi.sa,عبدالمطلب.mp4,https://sshi.sa/api/file/%D8%B9%D8%A8%D8%AF%D8%A7%D9%84%D9%85%D8%B7%D9%84%D8%A8.mp4,metadata_only_not_network_verified,False,missing,not_reviewed,public_use_permission_not_verified,
684,عدة المطلقة,باب الدين,,0,0,25,https://sshi.sa,عدة المطلقة.mp4,https://sshi.sa/api/file/%D8%B9%D8%AF%D8%A9%20%D8%A7%D9%84%D9%85%D8%B7%D9%84%D9%82%D8%A9.mp4,metadata_only_not_network_verified,False,missing,not_reviewed,public_use_permission_not_verified,
685,عدة الوفاة,باب الدين,,0,0,25,https://sshi.sa,عدة الوفاة.mp4,https://sshi.sa/api/file/%D8%B9%D8%AF%D8%A9%20%D8%A7%D9%84%D9%88%D9%81%D8%A7%D8%A9.mp4,metadata_only_not_network_verified,False,missing,not_reviewed,public_use_permission_not_verified,
686,عظم الله اجرك,باب الدين,,0,0,25,https://sshi.sa,عظم الله اجرك.mp4,https://sshi.sa/api/file/%D8%B9%D8%B8%D9%85%20%D8%A7%D9%84%D9%84%D9%87%20%D8%A7%D8%AC%D8%B1%D9%83.mp4,metadata_only_not_network_verified,False,missing,not_reviewed,public_use_permission_not_verified,
687,على بركة الله,باب الدين,,0,0,25,https://sshi.sa,على بركة الله.mp4,https://sshi.sa/api/file/%D8%B9%D9%84%D9%89%20%D8%A8%D8%B1%D9%83%D8%A9%20%D8%A7%D9%84%D9%84%D9%87.mp4,metadata_only_not_network_verified,False,missing,not_reviewed,public_use_permission_not_verified,
688,علي بن أبي طالب,باب الدين,,0,0,25,https://sshi.sa,علي بن أبي طالب.mp4,https://sshi.sa/api/file/%D8%B9%D9%84%D9%8A%20%D8%A8%D9%86%20%D8%A3%D8%A8%D9%8A%20%D8%B7%D8%A7%D9%84%D8%A8.mp4,metadata_only_not_network_verified,False,missing,not_reviewed,public_use_permission_not_verified,
