id,ar,extraction_status,metadata_verified,review_status,also_in_active_library,schema_errors,frames,tracked_ratio,left_ratio,right_ratio,seconds,motion_sha256,reference_present,reference_sha256,visual_review,linguistic_review,technical_preflight,technical_notes
737,‏‏مسجد النمرة,download_failed,True,not_reviewed,False,['no_staged_motion'],0,0,0,0,0,,False,,pending,pending,pending,
4267,البرك,staged_needs_visual_and_linguistic_review,True,not_reviewed,False,[],28,0.5,0.107,0.429,2.24,311cae350fe80b4bef52c98f84ccca23238cc6f5d76c2c99142ca9791fadfc9e,True,9889a8aced875d0b7c123b9d4b6d3b35ed4f9b0cddb51e06136bb93231b0195e,pending,pending,pending,
835,خيانة الأمانة,staged_needs_visual_and_linguistic_review,True,not_reviewed,False,[],44,0.523,0.477,0.477,3.52,8a4f686c48de2a754d2455152aef5367721671ad2784ea850f27e20b66582957,True,ac677abdc5934a470a3b376893e25ffb582ebc486ee6f965b8aea929a0082784,pending,pending,pending,
4762,دش -الحمام,staged_needs_visual_and_linguistic_review,True,not_reviewed,False,[],30,0.567,0.0,0.567,2.4,ad48819916ac41f67548b0d2fb0db6d40ce53f42e2117c5ea421b700b1a3c063,True,cf31b29952d6bdba6c10738ddf041dd1c65463a8733125485fa2a9dc6ae3e6fc,pending,pending,pending,
197,الاضطباع,staged_needs_visual_and_linguistic_review,True,not_reviewed,False,[],40,0.625,0.275,0.6,3.2,1922b07ef6c06b49064ffd3cd45136b0ce292d41b2d717e859ed0f90a89017fc,True,080186a8921cb620a49da93209cafdba3458b7b899a2621dbae7fd8420f76ce8,pending,pending,pending,
5427,درجة,staged_needs_visual_and_linguistic_review,True,not_reviewed,False,[],27,0.63,0.0,0.63,2.16,f9a6bd1da7e7491cf6725fa498758f5d0ec98e739fbd8ebe3ce9790384dac57b,True,f62b11666095586185460b7807ff9710462ef8eed0656cc32697f5c329ed44a0,pending,pending,pending,
921,قتل العمد,staged_needs_visual_and_linguistic_review,True,not_reviewed,False,[],40,0.65,0.45,0.275,3.2,0457df334cb6c310d59a7bf88e7d35a52f9c3761c36a1bbdb434c554a9afb947,True,d95102a344ee662d782e9689528def08309638e4f742c082996e1c0b599de7dd,pending,pending,pending,
10804,حجاب,staged_needs_visual_and_linguistic_review,True,not_reviewed,False,[],20,0.65,0.0,0.65,1.6,0a3df0ea7ad9a209efdbd3b0fff0050fc85417b1213c95c44b3411e2e8a4bd4c,True,ea9b03b05439c23784e814016a94f09e66e2092bc739c51a747461ac70eab1ae,pending,pending,pending,
5007,حسناً,staged_needs_visual_and_linguistic_review,True,not_reviewed,False,[],26,0.654,0.0,0.654,2.08,0da2a77520424a4097f9aad244e9b27b72660fae3327ee58a0e067e977bd9734,True,7f1dd5b80ad1203fde77039d11674e8867394e1ded01904417887c1440939be3,pending,pending,pending,
6089,أول مرة,staged_needs_visual_and_linguistic_review,True,not_reviewed,False,[],26,0.654,0.615,0.5,2.08,7db9bc2f2cccee1ebf071dd3f779f90619caa15b398d258b81b8c8a0d49b58ae,True,a2a050276b16cd15e01871a7a0c3c8c7ea271d35f71e42b2e7b2c064957c8dfa,pending,pending,pending,
4775,سلالم,staged_needs_visual_and_linguistic_review,True,not_reviewed,False,[],41,0.659,0.0,0.659,3.28,8bec353e2329221a7bfde07d259228205370e44634a4aad3b8ad82f1fb8d9aa6,True,09b5fe6f76aceaf03e144019d33b301a8f9e42b87bcb58a6e640d2442b5fd768,pending,pending,pending,
272,الذبح,staged_needs_visual_and_linguistic_review,True,not_reviewed,False,[],33,0.667,0.667,0.576,2.64,bd63de379e4a57982f493c7a8a0441d47093e2bc883c005893dfb03cccc067cd,True,e1091042be1c5da152bd5d3b8d043503e778617de72c9caf805fbb09e034a1bd,pending,pending,pending,
810,جذابة,staged_needs_visual_and_linguistic_review,True,not_reviewed,False,[],39,0.667,0.154,0.615,3.12,dffb9a2bf09dc2bb8c4086039791fb902deeeb59ad74850e1a18e130552c0fe6,True,7f28b37ed938f894ea29edf6f2c5522187f779b8b267a5f4818d452ac1446a46,pending,pending,pending,
4450,صبيا,staged_needs_visual_and_linguistic_review,True,not_reviewed,False,[],24,0.667,0.0,0.667,1.92,cf57bf98da1a336147b5b4aa8a2d8d0233fbcc9a03798ac3202c8e0b4813392e,True,626347f402723ae870e43c74b827a54ffa1186c6fe894be83bf36764a74e260a,pending,pending,pending,
11306,يجلس,staged_needs_visual_and_linguistic_review,True,not_reviewed,False,[],18,0.667,0.667,0.667,1.44,3d41f17486c69c570501de3e9cc9b9398e48f1d7e3c40c6aec2641d2f3152c80,True,4acbcb5486ac6a5003d4267f3cd9604440f8ca712ecdb73e5d5d4161cfd31789,pending,pending,pending,
1000,استلام,staged_needs_visual_and_linguistic_review,True,not_reviewed,False,[],40,0.675,0.625,0.625,3.2,34971d782caeda108498b704ed0362e4f2527f91f0497a06d02007c6456ff0ac,True,27bf482d7dc20806f2124388651baaccd793d3fd01610335bf20ea327ec3ee02,pending,pending,pending,
549,سورة إبراهيم,staged_needs_visual_and_linguistic_review,True,not_reviewed,False,[],71,0.676,0.62,0.62,5.68,91d534a41afc683a37dbabb4deeffc2fda43f1bfb1f823e884beaa867d03fe16,True,33e2e3c2dd8eca60b581f028f58dc7c3a121b59964a0273f4f331d63ff366c52,pending,pending,pending,
189,اكل لحم الإبل,staged_needs_visual_and_linguistic_review,True,not_reviewed,False,[],56,0.679,0.446,0.232,4.48,ff5ab6d8525a32d47238153fdcda02ed3518d9212a0ff24b8aecd1d5ccb28fa6,True,8c3ac42230fd62bed938a8cc17ccd0cdccdcbdd8bf6df2d0a93b5d93aa07acf9,pending,pending,pending,
670,شعيب عليه السلام,staged_needs_visual_and_linguistic_review,True,not_reviewed,False,[],56,0.679,0.375,0.661,4.48,ab6965f278f22f659af776604faf97bf0cdabf03cd05e51d562d3b1b743a0afe,True,52c3e41233dbaca804c74612da8f5292de46b7c792f199a8d2048f3959e251d9,pending,pending,pending,
297,الله السميع,staged_needs_visual_and_linguistic_review,True,not_reviewed,False,[],50,0.68,0.02,0.68,4.0,f098096a8d65fb916002fa9f4ea4e71e533cea672bad887ecc1d275a4256588b,True,9c27da157209d99f6b0ed7553063c78259f0e75a012181d12920f85819b55c18,pending,pending,pending,
10377,تحديد,staged_needs_visual_and_linguistic_review,True,not_reviewed,False,[],22,0.682,0.0,0.682,1.76,984b8a04fd25d0a8dccff70a37e26230fd0621c11a01e68a90d800902c4765b5,True,e3a0bc123ea6f14541a44ddc7043b76e5ac248baf5b14b9852a5adb61328921b,pending,pending,pending,
1589,إلغاء,staged_needs_visual_and_linguistic_review,True,not_reviewed,False,[],19,0.684,0.632,0.632,1.52,ef71a233ccfb5630d88e67bc5759dba3c95a9860744109756c04f5261370802f,True,6cb6044be9be203d9497e991416397965bf78b741f2dded0e87caf386719d6f8,pending,pending,pending,
852,سلفة,staged_needs_visual_and_linguistic_review,True,not_reviewed,False,[],35,0.686,0.629,0.686,2.8,86466404a3877f8b0cbef8e8e3c4281d7631b946f530a68f38f1a38892a5d134,True,5a4278858c88136dde45349f090305e409929d58573b43406c9bf763cd22b7f9,pending,pending,pending,
967,موالاة الكفار,staged_needs_visual_and_linguistic_review,True,not_reviewed,False,[],48,0.688,0.312,0.396,3.84,1dc2c530c1d22817947a5651e4a575e0c632fccd1102435f122fb11de16952f2,True,b9d3e2ceda6552612f20de8f9fdc6f302e58824a0091ebb3f7f061deff9e47b7,pending,pending,pending,
399,المسيح الدجال,staged_needs_visual_and_linguistic_review,True,not_reviewed,False,[],42,0.69,0.0,0.69,3.36,daa7b8023f039bbe61c0a6b2f24e390bea4a038c4e5efc8f3834e67c148da06c,True,2dcf940733564e6c0b1b60aacaf5a9f8912546c88af46965e5819e579f64f4b5,pending,pending,pending,
889,طلاقة الوجه,staged_needs_visual_and_linguistic_review,True,not_reviewed,False,[],42,0.69,0.0,0.69,3.36,9f44e839f7940f0a3020130b881a21266a34d14d277cf36a0dfdeea0ac65ba89,True,d4fce23208c71b2a0081a7914da58169d3e39c2f85adda96be8f599c5a2ccb9f,pending,pending,pending,
633,سورة المنافقون,staged_needs_visual_and_linguistic_review,True,not_reviewed,False,[],52,0.692,0.346,0.692,4.16,695552fb054437a8857731e743b615e5a6ba2ce33255abbc857d2df2198749ee,True,a5d6d2c9b3930a8e932b75d3d3cf5453449bc3eacb0ee44e5f18fff6b22844bc,pending,pending,pending,
910,غسل الكفين اليدين,staged_needs_visual_and_linguistic_review,True,not_reviewed,False,[],49,0.694,0.184,0.531,3.92,5a58c6175dd405463d70bc95263ad481e6ccc44a35651685f17ac8bdcb2cdfa9,True,c9101b2044a591144e501e31aac1614d2a1e009c48879212b25c21a46bdf60cd,pending,pending,pending,
1173,الذكاء,staged_needs_visual_and_linguistic_review,True,not_reviewed,False,[],36,0.694,0.028,0.667,2.88,df1592cb82ee0279df145a07850409b44dd13fb6a821b86d406ecea7a90e9fef,True,22228e99f6ab7c00865743d188ed4d2bb1334ec7afc49f9e7a4936426bddb1de,pending,pending,sampled_presentation_checks_passed,
4840,الجبن,staged_needs_visual_and_linguistic_review,True,not_reviewed,False,[],36,0.694,0.417,0.556,2.88,f738661ddf20c71c80c553bdb5d8785c11ac1f6e83cc179771ec550da10e5f5e,True,1b594d7446d4da9c2d75381304f3046f1aa1712bb7d0586df6ff41085145f588,pending,pending,pending,
158,أبو حنيفة النعمان المذهب الحنفي,staged_needs_visual_and_linguistic_review,True,not_reviewed,False,[],46,0.696,0.348,0.674,3.68,eeafdc5044db9870a633bb7c84f8bf6711fa23d5da089df09c946510a514bb06,True,45eef2b731aeda76bda7d139d6258f3a273210003e447a94ae83ca22da361dd8,pending,pending,pending,
886,صنيعة,staged_needs_visual_and_linguistic_review,True,not_reviewed,False,[],43,0.698,0.698,0.698,3.44,96184cdda2b74ad222b5806dabcfe77434225afe7be8df2b193e07bce42de10d,True,2995cd5d0617c700ced5558dc6a923d9034618cc0cc7a17c7b6a53d559c584c5,pending,pending,pending,
9504,يجوز,staged_needs_visual_and_linguistic_review,True,not_reviewed,False,[],20,0.7,0.7,0.7,1.6,3237d9caa89fc93faff8b3dbdfe52ecfdfac70a1039ca3439e555494cae116e8,True,28a067b174bd1552dfc71c515b302bc9a47f64c860f43433e5f2ff3ed7ab14ba,pending,pending,pending,
1099,التعارف,staged_needs_visual_and_linguistic_review,True,not_reviewed,False,[],61,0.705,0.492,0.525,4.88,f8b7cb6fd5e0e58caf95d7e20b2b6125fb3d4dde6701190dc4b39abdaaef125b,True,582df1ef20e2da86899af94093a609e1ac869dcae7ae40aa964e410844c42209,pending,pending,pending,
1233,الصوم,staged_needs_visual_and_linguistic_review,True,not_reviewed,False,[],31,0.71,0.0,0.71,2.48,43ebaa57635bbea5544f2725dc2e07bbbe36881800dcd17e7f2109505030d3da,True,f0e3ab5a9229b5a1345cd39bc572e4f1c924939bf36496e1f04e8d696b8e0ef7,pending,pending,pending,
799,تكفير الخطايا,staged_needs_visual_and_linguistic_review,True,not_reviewed,False,[],45,0.711,0.089,0.644,3.6,06d49d086a65d050937c31c064a8bed6d8ea95a8312f5935e90cc743c86e1bd6,True,4c51105d549b2b7777b5e734fa5f78407f766c652a5762af6544e8cc58073e68,pending,pending,pending,
771,يوم التروية,staged_needs_visual_and_linguistic_review,True,not_reviewed,False,[],56,0.714,0.018,0.696,4.48,9e8d87cb13d66754ad0c2a0875640390169c798e19b15349244e9b069e668b1b,True,8f884c15edf33be6884238ddbe8a041d07b5d0ef6d4210a8a0136a137e878c1b,pending,pending,pending,
827,حوار,staged_needs_visual_and_linguistic_review,True,not_reviewed,False,[],35,0.714,0.686,0.714,2.8,cff250feca7943856647fc935cd7f04b542e526cb26a55898ae8a7d877da89f5,True,b9c235faa98372de49c8011404496923a02aec37db334a0955cd887ad8b59b80,pending,pending,pending,
3894,تهامة,staged_needs_visual_and_linguistic_review,True,not_reviewed,False,[],21,0.714,0.0,0.714,1.68,b4fb76a9a7368d701a4706758422b0e3fe2bbdf41a2d5268d8bbae49419585ba,True,ac3df813f5c1137b48a7a018cec20af62371a985e3147baa416854631968da54,pending,pending,pending,
12512,فئة,staged_needs_visual_and_linguistic_review,True,not_reviewed,False,[],21,0.714,0.714,0.667,1.4,198d23283df9acc695583f16fba2b250e1ce4b7442301c8ab95b23ca5affc110,True,d2f417153f583bcba6940ce4c2ae0a37792ccde1a7a109f391d13c5e0ec7c669,pending,pending,pending,
169,إدريس,staged_needs_visual_and_linguistic_review,True,not_reviewed,False,[],53,0.717,0.566,0.623,4.24,65fce67a1aa6063cb039e50cfab71a3483a69e9639d9646ba481c469794f4008,True,600d781ad1fe1c0ba391c590c4a557280c8259fcf238d7ad4219d9898bb0fe09,pending,pending,pending,
188,إقام الصلاة,staged_needs_visual_and_linguistic_review,True,not_reviewed,False,[],25,0.72,0.0,0.72,2.0,72e62247ec657f245f9b6265b6bf5e79f305229bfb69bf4acb5b7adae2ab0c5c,True,9d095497817878aaff9898eaa5281a29b5abf4bf705fa07c1092fbd539c4d6f3,pending,pending,pending,
797,تقليم الأظافر,staged_needs_visual_and_linguistic_review,True,not_reviewed,False,[],47,0.723,0.723,0.681,3.76,c009bcb39e5c7c3b5b056d6a4ffad86d8f90ac55f4ecee0cb91a5be2bc523ad1,True,4a3532d158fb80d13ce31602cf9e3eddde2c5c80c06e2ad8037070f93bd4722e,pending,pending,pending,
145,رداء,staged_needs_visual_and_linguistic_review,True,not_reviewed,False,[],29,0.724,0.0,0.724,2.32,322a983d736c88b2df69218e977437c61bd3977ec090ee35dd3a2d0b4b430d4d,True,1c1640ac11194fcf8254c563f76c6e30f0d18197b1e30cab7ec0d14e8da205c1,pending,pending,pending,
1001,إسماعيلي,staged_needs_visual_and_linguistic_review,True,not_reviewed,False,[],58,0.724,0.466,0.69,4.64,bf9909917ca188d5fb21f0ffca2aaa5cea3a40760cb3d1f89f1326bed3fc8ddf,True,392476b04e6f03f24330465f3588a449f3085ba2c831e7b08965e799e8323f09,pending,pending,pending,
324,الطلاق,staged_needs_visual_and_linguistic_review,True,not_reviewed,False,[],40,0.725,0.425,0.525,3.2,38bd74505c89b0fcda9f4f2d7d262233c74e2276a248b91c36d4cb5b989aa7ed,True,2ba4c510289921f2738d08667e98ca282a7f31beae040cddf51484fd163f252f,pending,pending,pending,
393,المذاهب,staged_needs_visual_and_linguistic_review,True,not_reviewed,False,[],40,0.725,0.625,0.65,3.2,11bcaa18f8b8974b9577008218b7c7b8c61f58d73fd8a8ce488ac371f7977ec6,True,67098015db620d82c93be701fdb68e097c7bc32ed4b71f8598a43ffa8cce1903,pending,pending,pending,
178,إسحاق عليه السلام,staged_needs_visual_and_linguistic_review,True,not_reviewed,False,[],55,0.727,0.0,0.727,4.4,690979e1b926c90b2211e450c6b9877be96ca67f61a7b778a0942568547c8e3d,True,983ad2e28047be7bc40be357e27200fd1cf344dcab6ce95fc889fc03765dbf00,pending,pending,pending,
3973,ركن,staged_needs_visual_and_linguistic_review,True,not_reviewed,False,[],22,0.727,0.682,0.682,1.76,a10c3a84eb8e90f37d468b6d90423146d82259af8d82d34f8367aa8e2ea5ee4e,True,9502a760b4f55a7b1606e4e77ab3c655e60a67d42e7c707ded987b9c574295f2,pending,pending,pending,
11127,دخل,staged_needs_visual_and_linguistic_review,True,not_reviewed,False,[],22,0.727,0.636,0.727,1.76,50037f22a026493a3d9054d529bdc6cfee64682bd5d904152b931173f7eb6ff7,True,6fa531a56c23c4e38a25f3400c74f4caec5e6e7c24ec1c9adc4956f43726951b,pending,pending,pending,
11299,وصفة,staged_needs_visual_and_linguistic_review,True,not_reviewed,False,[],22,0.727,0.5,0.727,1.76,886d4fad2672233e37d3ad3d19c95238eac88f21eb6fe8f7ea4fec23dfeb671d,True,c2fb0acab0ef9951c541d1ee69a9d2ec3b29536e3d6dd6d81ee8465f408884ec,pending,pending,pending,
157,أبو جهل,staged_needs_visual_and_linguistic_review,True,not_reviewed,False,[],48,0.729,0.0,0.729,3.84,b3761076ed56631161c1c7357c268aa4beb646b182fe803e0217e0e2dc7839dd,True,82ff3b89caf05a22cb8771c81f88e124c76f5178e7d4fdfbef7dddfeb24417c2,pending,pending,pending,
550,سورة ال عمران,staged_needs_visual_and_linguistic_review,True,not_reviewed,False,[],63,0.73,0.222,0.698,5.04,2acb342ce472bd76027fe2616c24aa89f1f5a01b4662ed2c17aa35950ac19770,True,fa654e4855a3d4701120d3c4df6715b614ef8a9bf37b7d703f50d6484b704973,pending,pending,pending,
830,خصام الشقاق,staged_needs_visual_and_linguistic_review,True,not_reviewed,False,[],37,0.73,0.676,0.73,2.96,8b8833dba21c39954157e3e208d4bcb9ff0a7e4852fbb9df745c866f497a0f33,True,ad7ce2788190770641196fd2b38eb287062bbc7614338f2a42c41e7428802b05,pending,pending,pending,
8947,عضو,staged_needs_visual_and_linguistic_review,True,not_reviewed,False,[],26,0.731,0.077,0.731,2.08,a71d6fb479f56dbda71ca78acb84f9808d34dffff9dec0dc4f8995ce9f78e58a,True,69455632ff47cd007ca11b6e48ebd96e52444391d9892be7836c5daa8e488a1f,pending,pending,pending,
10973,قتل,staged_needs_visual_and_linguistic_review,True,not_reviewed,False,[],26,0.731,0.0,0.731,2.08,f77741cd926c895c6cdc4a71ae23e3fdf6332c65acaa415af413a1c6527867d7,True,66e799ffa61604da9157df261d8d55dc8e6232010a23ca21b673af82e7b2f4d7,pending,pending,pending,
11025,مباركة,staged_needs_visual_and_linguistic_review,True,not_reviewed,False,[],26,0.731,0.731,0.731,2.08,f171c21a725affe2ddb5abcf1471cf2a088767fcd489eeaa357b558c9c98f685,True,15c0c7668fd2e6e1588172061771b08783d02329a90bfbcaabd2235841ec8996,pending,pending,pending,
689,عليه السلام,staged_needs_visual_and_linguistic_review,True,not_reviewed,False,[],41,0.732,0.537,0.683,3.28,3618ed7fca4fffe561d22130e7ce2c65a6a75afeefe1b9d84bf5c3d8ae4a5487,True,829364b1c60e921d169b3aa1ecd62b37fbad6034abc9dc6a3fc620b9f23da3ca,pending,pending,pending,
483,جنات عدن,staged_needs_visual_and_linguistic_review,True,not_reviewed,False,[],45,0.733,0.333,0.733,3.6,fc8b621e3de87474d1be3aa16d43a45dede233b04c59f9d71d833052c30e8841,True,e95722e2cddd5a6e354ef8e8c18053a063e3f49055960ad1b263d82ed04de194,pending,pending,pending,
1041,الإسلام / إسلام,staged_needs_visual_and_linguistic_review,True,not_reviewed,False,[],30,0.733,0.0,0.733,2.4,45f8f9eda975b1dba638646d43b17de055a59ed380c2b27708093504fe425e09,True,12cfaa3e7ca1ca61c760b8aad2cc2f02e2fe929aab1ac076d3c2ac7930a98849,pending,pending,pending,
862,شارب,staged_needs_visual_and_linguistic_review,True,not_reviewed,False,[],34,0.735,0.176,0.618,2.72,7b0342a411eb21b44af69e129c8558a8b1d5e91ec6af034920d3075fd9d85a9c,True,583392cac19ab3d807cf14a1778f1fd4327ed17f5ec6e5f56bd95e74f4d22d12,pending,pending,pending,
826,حواء,staged_needs_visual_and_linguistic_review,True,not_reviewed,False,[],57,0.737,0.228,0.614,4.56,c6c3720f04c65f895b5b131d94a19f4ecccf9ea49e200fa58744669da6885205,True,6f4b87b461e126eb0039273ee0e73c70f0382c8bca823d25a0a8a0af62ed770e,pending,pending,pending,
444,اليسع عليه السلام,staged_needs_visual_and_linguistic_review,True,not_reviewed,False,[],42,0.738,0.119,0.667,3.36,7d6c420570ca6275c6862b644523b4b6447819a6d1f2b0ddddd1dbc5eea27a0b,True,617947ad64ee1a7c7aaf22f32171e1b194b04bfca8db54dd1ae7e49a3fe90da8,pending,pending,pending,
544,سجادة الصلاة,staged_needs_visual_and_linguistic_review,True,not_reviewed,False,[],46,0.739,0.391,0.717,3.68,0dbbe0f21bd981292a0f64847e61ab33ebdd1fe0cbeeddfd5fc74af4a4719b6a,True,5e3f17e8457181dc58127014af91c27705860bd5dd3307704aa8c149d0e949c3,pending,pending,pending,
3934,حملة,staged_needs_visual_and_linguistic_review,True,not_reviewed,False,[],23,0.739,0.652,0.696,1.84,0fcfe23e3fbd33f749dc40755e8e8e4134ea1d5e89e82ce7e627abda0ae769a3,True,17b668001eec962c7f8d883d1b7e7df88f6a77b9393513123a9b6c78434bccfc,pending,pending,pending,
5159,ظلم,staged_needs_visual_and_linguistic_review,True,not_reviewed,False,[],23,0.739,0.565,0.739,1.84,5712622dba46745637b568cef3d4c17b4c04bddd89e3d0abb472194962e745a0,True,e21215aa6532285b89eaa32c6ab311c0c6b6194e715a3680f6d2ace2ff0fb544,pending,pending,pending,
8559,ثم,staged_needs_visual_and_linguistic_review,True,not_reviewed,False,[],23,0.739,0.0,0.739,1.84,07a7d204efef56a7cde6daacebf2591eb5b6305855e2c11cc545fa685517d8b9,True,0c37c8a5e6cd68159e65c5aeaf0e34ae4f539ca87d1ceebadfef0fa9847f5eb1,pending,pending,pending,
8990,غش,staged_needs_visual_and_linguistic_review,True,not_reviewed,False,[],23,0.739,0.696,0.696,1.84,521148441e91dace0da041fddc76692ab8aad546dbe92fb93b4b354e64163d3b,True,0452ebdae3f4bc2726d5accfac1faca92a1b5d97cdfa8941843739dd3bf417e8,pending,pending,pending,
9105,كرة,staged_needs_visual_and_linguistic_review,True,not_reviewed,False,[],23,0.739,0.739,0.739,1.84,742965f6101e5af87a9a74d28e2c9cccaf7878bd74a042e3a1211661a720dd75,True,e29c87e012fd1d238a7de1a08ffc853bb96fe0a1deb965fd4b3e46de95296b3a,pending,pending,pending,
9160,لن,staged_needs_visual_and_linguistic_review,True,not_reviewed,False,[],23,0.739,0.087,0.739,1.84,d8a1a63cf6a85840a8faaafb437e512e90f7b2b28ee286c6cbd103f9e45548a5,True,64ff7ba36d791c025c2abe91cb03358527153fe683269b8f0b8a7dba3644335c,pending,pending,pending,
10603,إحكام,staged_needs_visual_and_linguistic_review,True,not_reviewed,False,[],23,0.739,0.696,0.696,1.84,8ee1714d590fbaa949fbab555d61d21f19b98de8ab0566dab291766faf583321,True,3a13b49f7ec2153cc49948a9009b138187ad65cab8eab4864fbaa10e482cc3ce,pending,pending,pending,
11139,ذات,staged_needs_visual_and_linguistic_review,True,not_reviewed,False,[],23,0.739,0.0,0.739,1.84,41b2277268870734d5ee308a51593e7d3e3b088ed32495a85f737a1a214d3836,True,1419d33ffbe2cec929b86194cdb3575cfd14ebd6353e4bdb49f1b2d6ba183c40,pending,pending,pending,
776,يونس عليه السلام,staged_needs_visual_and_linguistic_review,True,not_reviewed,False,[],50,0.74,0.44,0.34,4.0,eead128c7c363964089ba600745f95e9e72a78ed213e8bfee55c8f3a124d6286,True,35deefbd8a32f47dc134b3c0c9b91cec216eb5e0342abba8ffb75fd25040680e,pending,pending,pending,
1328,المكر,staged_needs_visual_and_linguistic_review,True,not_reviewed,False,[],50,0.74,0.4,0.72,4.0,6329d82b7b2748932f4d32a0a07ab047d5cd48789a5500902d6a088952d0fed4,True,6d8fe83e56c887e70eb68c2745658bddffa7d56869b5f74596539a40f4047070,pending,pending,pending,
1054,إمعة,staged_needs_visual_and_linguistic_review,True,not_reviewed,False,[],62,0.742,0.097,0.694,4.96,62d6ad40a4fa8b7427ad35441949ca5c437bdb2cf3a71bfbbda812bb78f4c1c5,True,74d9da0ce2645b2ba47eb349b3bbd17eb68e531a98eee3966d5730720ff0e8b2,pending,pending,pending,
322,الطلاق البائن,staged_needs_visual_and_linguistic_review,True,not_reviewed,False,[],43,0.744,0.116,0.744,3.44,22a7b1cd3571a510156e38ebd2d66ef1a65f2ad79d7d85a5e893f46c33952a9e,True,c0d0bdd9da389f3d25319f66664f0fd45d96a98c4a8e58312c66b84cb3b9af6d,pending,pending,pending,
959,مصاب,staged_needs_visual_and_linguistic_review,True,not_reviewed,False,[],39,0.744,0.744,0.692,3.12,13b3899c8b0c72170974b9a9b1bc179d7ffafc3bb16cee1203df5052e97a7a3c,True,383b9564c8343bec31800f9505fc79908e6f6d269bca881067aedb3a28227739,pending,pending,pending,
458,أيوب عليه السلام,staged_needs_visual_and_linguistic_review,True,not_reviewed,False,[],47,0.745,0.043,0.745,3.76,1c583c1a2836ef12cbb440e5825a58c592cb98e7b44f1a648352a330b54ccb8d,True,ad4360749544c379a716f5705fd3f59407eb029574a4a0eda2921d1435da4bd4,pending,pending,pending,
760,هود عليه السلام,staged_needs_visual_and_linguistic_review,True,not_reviewed,False,[],44,0.75,0.477,0.341,3.52,b76b69fd66a00b193956ba946f9b03f3b50f48e66af970b04432dd149354d095,True,e0536568d622a5b6475653d0fa7710637bbff519114094e1cdb182470515d51f,pending,pending,pending,
858,سوء الظن,staged_needs_visual_and_linguistic_review,True,not_reviewed,False,[],48,0.75,0.0,0.75,3.84,95c55bcb3763111bc78c1ef8457e3e15eac1ace78724fe7dd8a868fc922163e3,True,ba8f06a955e3e4b57bb082e2a7d852c62180f10cf48db7b1e941d7d0f5c357b8,pending,pending,pending,
917,فاعل خير,staged_needs_visual_and_linguistic_review,True,not_reviewed,False,[],52,0.75,0.0,0.75,4.16,c1797e5da0a067171e774c8aef6d9af1d97e9520187c5dbff90dd93f0a711872,True,ff7360b9572958669d0a3eb52031fa8ef78bb1fcd91424325266905953e37189,pending,pending,pending,
1506,مضمضة,staged_needs_visual_and_linguistic_review,True,not_reviewed,False,[],24,0.75,0.0,0.75,1.92,35fcb71b36f5b1706d0ab7203acee0568d7c22eede0036642f0c45fd65fc237e,True,12b3426374e035cdfda179406d760f9a6261e41eef9842996dce666486ad683e,pending,pending,pending,
8384,إن,staged_needs_visual_and_linguistic_review,True,not_reviewed,False,[],24,0.75,0.625,0.667,1.92,dbb17e103d3ce796bf5f08482bfec5a1de49d6e7d869dd39bdec81f02a4fc6c3,True,0127bdedb5a577aff6eddb76cb1bb55aef56dde3755a27d3f428d2320f1839f0,pending,pending,pending,
8608,حتى,staged_needs_visual_and_linguistic_review,True,not_reviewed,False,[],24,0.75,0.708,0.708,1.92,212686fc9573f4e8699369c1692fd90f892a72b709361e40bb0cb225acea9514,True,ece057f5d32610e899c2a2fa87cffcbdc043ee456efe4f9e4105252ae6e2d3fc,pending,pending,pending,
164,اتجاه الصلاة,staged_needs_visual_and_linguistic_review,True,not_reviewed,False,[],61,0.754,0.0,0.754,4.88,b5fcda40e4c1f59dbf73a6922333be33a022589f018f13c044297ffef5ec9240,True,fa3a87404c9b57b210f3cfa9f8fa095f8f21922e575bbadeae492ff23d0ccbd7,pending,pending,pending,
735,مسجد الخيف,staged_needs_visual_and_linguistic_review,True,not_reviewed,False,[],49,0.755,0.735,0.755,3.92,59726c5b03d7305db4748eacaabefc1023ae76bdb2733c29e7054a440cefcfac,True,9e43e37aa3548132c79773db60e543aa28e42fb21e49df85d2c283b93b75e724,pending,pending,pending,
817,حسن الخلق,staged_needs_visual_and_linguistic_review,True,not_reviewed,False,[],41,0.756,0.0,0.756,3.28,4153b68415bbef6c066101900d12b4b2836e9bd4f109021bd6d29b68e1876695,True,8301cd0f087adb242e3a8add9e37fb2d28818d6cdd99b6453b7f94bdbc49ea3e,pending,pending,pending,
784,ترتيب,staged_needs_visual_and_linguistic_review,True,not_reviewed,False,[],37,0.757,0.0,0.757,2.96,e913564e91c1d869d6de414af996957be059c5ef39111581c4eda67fb807a889,True,2f05eaae3e4d99029d9bf9773ea5b450315f13b86dc3448427be6fc65baa496b,pending,pending,pending,
1160,الخجل,staged_needs_visual_and_linguistic_review,True,not_reviewed,False,[],29,0.759,0.138,0.655,2.32,15b196602d48f4101cc03b5453be86e71c3270a0c8314a1a722696299730e3e8,True,286cdb5fcc35b6687934796f992fbc643c54de0c4d6c99aabfbad780c805a6bb,pending,pending,pending,
425,النوم العميق,staged_needs_visual_and_linguistic_review,True,not_reviewed,False,[],50,0.76,0.68,0.56,4.0,6405ff27f22d2d0180b4923750a13afcd51961b0973f0aeb2282fe116bd31e84,True,b64be767ac3cf2a1db6fa0f5bb3f83003b803388505444553f84c1855d800f91,pending,pending,pending,
664,شرب الخمر,staged_needs_visual_and_linguistic_review,True,not_reviewed,False,[],25,0.76,0.0,0.76,2.0,04e769fd453b3ed07ca77df75e32927ff68a78775b1d6af521631bdb582b8bb7,True,07200549fc73d1a5770843b98799a8186aae0347fa1190b02f431d85dcbdebba,pending,pending,pending,
2183,هواء,staged_needs_visual_and_linguistic_review,True,not_reviewed,False,[],25,0.76,0.76,0.68,2.0,743ebd4dd125d65d1aea26599f0239e516841dd581985dd0a4b2c5a494860dc4,True,7e878e1dbbdbe8634fcf405473b0f3ac9ff139b7d7e03ee83882d0be96534d5e,pending,pending,pending,
4865,أنت كريم,staged_needs_visual_and_linguistic_review,True,not_reviewed,False,[],25,0.76,0.16,0.76,2.0,c9d342bae110f6e6845c5928084bc57ec76a91cafd68f84f6714661ecf3f2d65,True,f88b16c69dc470f37212150a1b1c1461581e632920e0e81ab8028b3347d8ffd7,pending,pending,pending,
8709,دون-ليس,staged_needs_visual_and_linguistic_review,True,not_reviewed,False,[],25,0.76,0.04,0.76,2.0,87cbe830f33f63fc5306e7b98cdbb6959fef1fd4f5d0a69b6b5811a67de2d63e,True,a98c797b1da1d1e8dca2100e9639016cc240caacbd06702e5aaa9fd76877f8e3,pending,pending,pending,
8966,عن,staged_needs_visual_and_linguistic_review,True,not_reviewed,False,[],25,0.76,0.72,0.6,2.0,d5fb6eb6ecda7315f5e02488cc288e5254c8c2832941e0a7a22165c25248a00c,True,559dae5a0938dc5c162e210da79505b7fa3d1e7e740352034d0f3207d69ef1f7,pending,pending,pending,
253,الحمدلله التحميد,staged_needs_visual_and_linguistic_review,True,not_reviewed,False,[],38,0.763,0.632,0.211,3.04,20eefa979bafa94b1d22021ea2d53474780373d81e269a69fa71d02e85d07228,True,ae801b721c92ebe20dd554c0ed3c33fb37f19e52e7876c0e5d4bd5372f5fff3a,pending,pending,pending,
860,سوء النية,staged_needs_visual_and_linguistic_review,True,not_reviewed,False,[],38,0.763,0.184,0.737,3.04,16ea5fc1e6f8459ce0ef892c178797c8ea97e08a9a42b863f7f63a488dc6f1aa,True,f82ae0cf329d5eabd013311e8f06c7916886263405afdaf4ad80b078c25b8c4a,pending,pending,pending,
1024,الاحتيال,staged_needs_visual_and_linguistic_review,True,not_reviewed,False,[],38,0.763,0.711,0.737,3.04,556bd3d1e4798ce0ffb42b5d8e36d91946b56c1a089bf5a1ffb7ccc1b6157de7,True,65134be3cf5fbe2b85736c97aa666e3dff47d0d3c0feb5bef97e5629f03f0a14,pending,pending,pending,
715,قطار المشاعر,staged_needs_visual_and_linguistic_review,True,not_reviewed,False,[],55,0.764,0.764,0.727,4.4,7a291120747a4a28efc859bad212ae7d633775bd2935deda8dde81512a84fc15,True,008bd03eb9436464be56646bfe0e76507ab5be3839fe17035a9b8773208178c2,pending,pending,pending,
864,شتائم,staged_needs_visual_and_linguistic_review,True,not_reviewed,False,[],34,0.765,0.176,0.588,2.72,fae94fdeff87748aa0075f63ba23af9cee3d48d98895f16514641b4f180247d2,True,899ee07abf3deefad89540ff8229a306d880b61fff51b03dccbb745436b8b6a0,pending,pending,pending,
181,إسماعيل عليه السلام,staged_needs_visual_and_linguistic_review,True,not_reviewed,False,[],47,0.766,0.638,0.723,3.76,306e337bcd297a3e0f65a391dc327af6877c7f294bc55bd417ea95ed2a895a67,True,76bcc60828cc878d48c0af5e6765b0cc950b49ca25f2fa18b0aa3fb24d3f1181,pending,pending,pending,
534,ذو القرنين,staged_needs_visual_and_linguistic_review,True,not_reviewed,False,[],64,0.766,0.453,0.766,5.12,fb39b90cd7b973cafdec84ac84297f6a26023766088c3453f093669cb47ad9bb,True,36422ad6119c8529045982579945072ed56a435b6ddcffa43e0d1e15f12fc5dd,pending,pending,pending,
883,صعب,staged_needs_visual_and_linguistic_review,True,not_reviewed,False,[],30,0.767,0.033,0.767,2.4,f99b9612c455829a64fe484b8c2a7baac81da058e06f5f83903381c6cbb148eb,True,a1002ffa202924f566c330c5e183ebbc955a452d4bca901863bda1c15641eaa5,pending,pending,pending,
732,محمد رسول الله,staged_needs_visual_and_linguistic_review,True,not_reviewed,False,[],69,0.768,0.058,0.725,5.52,6c07123d3dae9ef35303bfea58faab319fc3c32f225ace2b96f61d811718d82c,True,7b0c6edcbd74e859b81226e08f7d719b8c55a6871c76d807a977be6c781b3c2a,pending,pending,pending,
748,ملك الموت,staged_needs_visual_and_linguistic_review,True,not_reviewed,False,[],56,0.768,0.321,0.696,4.48,3a49c515980aa6128f6c5992c285393b453534d1a1d4f835167092c3e700a71c,True,b50db50a3e052fd9f2a3953066ba3d1a36b9021e9669b6a26e1dd27f959e3f8c,pending,pending,pending,
301,الله الشافي,staged_needs_visual_and_linguistic_review,True,not_reviewed,False,[],52,0.769,0.519,0.75,4.16,6e89d7c209bb060feec636841e1e5b03167198b1a8481624fb2e02094fcd83a7,True,fec983927d445b780247c10daf6bce6503fc0e65334e90278bae3b59251f7369,pending,pending,pending,
8447,بطريق,staged_needs_visual_and_linguistic_review,True,not_reviewed,False,[],26,0.769,0.769,0.654,2.08,df39e7f073334c157cb423434b0028dd0261a89eb9098f576e54cf1eb79b261f,True,25f793516602f672e59f050c30867ee4653ad841826d208e95789e1e64b0f3b6,pending,pending,pending,
11147,ربة,staged_needs_visual_and_linguistic_review,True,not_reviewed,False,[],26,0.769,0.692,0.731,2.08,3a031fc3d03ce94195dbca53fb500dbac8739fad6ebfddc322fd216ff5712b57,True,8308d87066c9ae2a194ffadfc4f6de5263df70232a093a78287151c9718361ff,pending,pending,pending,
11283,نيل,staged_needs_visual_and_linguistic_review,True,not_reviewed,False,[],26,0.769,0.0,0.769,2.08,6c24c183b0a965d6ea00db63855d27556611c30000e7bd558d141479b710d55d,True,0ca40fd9635f39a67469fb1af594f7a8b56332b383e426cc6103e0f464c77c41,pending,pending,pending,
501,حد القتل,staged_needs_visual_and_linguistic_review,True,not_reviewed,False,[],35,0.771,0.4,0.771,2.8,c77f44ecafcde05907a236dff62c35b0860c0f1df6291d907a9bd0ea224a0fd3,True,e507bf6f379015959ead92386a858d41e79c58b285613e74d873d3a794b388d2,pending,pending,pending,
1068,البطر,staged_needs_visual_and_linguistic_review,True,not_reviewed,False,[],57,0.772,0.228,0.561,4.56,00303fd4ad670d530ac5f51256bdadfab5d8aa25b9abc8fde1957261ee6396ad,True,674b67a031698896a7a735fc639eafd7075df5f330ffd62ae64efc74f1cc82cb,pending,pending,pending,
1376,بذاءة,staged_needs_visual_and_linguistic_review,True,not_reviewed,False,[],44,0.773,0.0,0.773,3.52,260c88fa892ed9595af012ce70f8943ad3de472a62e443de6a3c7e40e05bc234,True,4a9e89a290818b01a71da9328fa02e272c904ae8d30a22f05792817f2e820d47,pending,pending,pending,
9289,مشار,staged_needs_visual_and_linguistic_review,True,not_reviewed,False,[],31,0.774,0.0,0.774,2.48,6923e09630b80050e8488f3945764c3778f16dd3e5659fc9ee431af9c9a847ad,True,72e7e4f646104439ae0dd6a9844f2b550fea4f7291e657d62d7784d1bc66e859,pending,pending,pending,
825,حل مشكلة,staged_needs_visual_and_linguistic_review,True,not_reviewed,False,[],49,0.776,0.714,0.755,3.92,8c546bfccfb047de7242e3b79e5099fe1389aec8918ac891293749d47e7193d8,True,b5e5bd9c6a695749f1300a90700baa0ac54772246e7bbca47f9f1f8ddfc02ecc,pending,pending,pending,
221,التابعي,staged_needs_visual_and_linguistic_review,True,not_reviewed,False,[],63,0.778,0.365,0.746,5.04,88957d07a1eb7b55f1a47b4e97926196532cbf8ff5e117e0c64c730f773d2026,True,23493b5a44926eda386110d8d89f7fbf62d0e901532a0e592cdd540c2b3e7a04,pending,pending,pending,
376,الله يوفقك,staged_needs_visual_and_linguistic_review,True,not_reviewed,False,[],36,0.778,0.639,0.528,2.88,f0a66733eca5526d54522a9339840ac616bdf98edc84b4f4ec35ec8ed0023073,True,0dd639319ba8ef6d091bfadd62b84e07a61b1e5fade10e0fc87c241534d00234,pending,pending,pending,
446,إن شاء الله,staged_needs_visual_and_linguistic_review,True,not_reviewed,False,[],27,0.778,0.333,0.481,2.16,f052274c09aace99b579b910eaa69eaf9758521b53c6ffcaf894cc94a138f250,True,66563a1980ae3f1664c3acad43fce7e0dbc7212b6c524445d265855f2cc123df,pending,pending,pending,
532,ذات عرق,staged_needs_visual_and_linguistic_review,True,not_reviewed,False,[],63,0.778,0.365,0.778,5.04,e6daca8aab95816df657121251c139a994a1722a45fd9ffdb89ce85ebd83aab8,True,56a2ddb2e00a827eabe0342a9c919e02171182dd376f4c4a3624f60e6c8fbc10,pending,pending,pending,
535,ذو الكفل عليه السلام,staged_needs_visual_and_linguistic_review,True,not_reviewed,False,[],45,0.778,0.222,0.778,3.6,11fcd891e45022557d51b70364fb81165db95d617998fb58cdf1088897041b37,True,29d3f11592e7d03de38660f8cd5e60105345eb84a5d4d54a8c5b13e4854133c4,pending,pending,pending,
809,جديد حديث,staged_needs_visual_and_linguistic_review,True,not_reviewed,False,[],27,0.778,0.778,0.704,2.16,319176aa5eb223f75c7f0a56df2c4e93c95d47cc668173225aa13471e50cf7a9,True,09c590627dafb2f853d26b15b7b80817186f5fd04c74ef6b67743bf2bacfa71d,pending,pending,pending,
1009,اعتناق الإسلام,staged_needs_visual_and_linguistic_review,True,not_reviewed,False,[],45,0.778,0.311,0.711,3.6,63deb940cedde39042d39505cb4d0984dd1d8528330170b5c7bf3229e8f30853,True,23606fc7d340a6a1e90ca6917cef9bc05fa22e9b2560bf8f06a2bb7042053a14,pending,pending,pending,
1134,الجن,staged_needs_visual_and_linguistic_review,True,not_reviewed,False,[],27,0.778,0.741,0.778,2.16,b1b3b7e253cd92882a00a8f821fc5016fbdb34a7c101381721f5579c08988ec0,True,91841ddef0c0020f00d57a7d467cdfac7ee8797bc9bd232646dd647bcfc05ef9,pending,pending,pending,
9384,موصول,staged_needs_visual_and_linguistic_review,True,not_reviewed,False,[],27,0.778,0.741,0.778,2.16,74b811a2dfdbf8a9dc5ec63f3383267d59af144519ad9642c61dd944009ea4c9,True,e2d23202b85fce7e09b4edc4b9ead6955adc6166881a3528160227eec37eb4f1,pending,pending,pending,
547,سليمان عليه السلام,staged_needs_visual_and_linguistic_review,True,not_reviewed,False,[],50,0.78,0.02,0.78,4.0,241d373b1d8696418c0d97db892110de0ac966b8d4b4222d7acebe90db6e5e22,True,0fa607d2705d74741cb3f73491683a5a2504242bb830fdd45d8341d544441da3,pending,pending,pending,
752,نعمة الله,staged_needs_visual_and_linguistic_review,True,not_reviewed,False,[],41,0.78,0.415,0.78,3.28,a4dbd5bef376ec71fd2a7e0be24bfa9452bc7fc21527060e65e695f9683e8944,True,d72157b3b57c0738012e9da03ab782be7a955c7feb3b9bd41f9b9adee74c7d7e,pending,pending,pending,
882,صديق السوء,staged_needs_visual_and_linguistic_review,True,not_reviewed,False,[],41,0.78,0.439,0.78,3.28,deb0e83f8335ad091e94d9bb4511f03e0e574c84ceb42755930f6abbadc885c0,True,906e1e97c064991705f543085f78c9cfef111becd4e32732d8a0d7c68aac5bcc,pending,pending,pending,
380,الليل,staged_needs_visual_and_linguistic_review,True,not_reviewed,False,[],32,0.781,0.0,0.781,2.56,270ae74986ae36c5440ece502dcf20954b5199ee7c6335cfbad4c2e8e72982c3,True,0c622a7c25daa56fcb2a22d0ad4e4a29b5449884c622d1e0a5ab984cde6552fb,pending,pending,pending,
259,الله الخافض,staged_needs_visual_and_linguistic_review,True,not_reviewed,False,[],55,0.782,0.0,0.782,4.4,11c8d8aa35479795b913b2c1a4c9c487ee1c4d550813dfdc8c5d7fcf7454b18a,True,8b343d723f9118affe98f33d4c5a1bda6115b5cf452fdef2ab13cc0f5973f587,pending,pending,pending,
869,شهادة الزور,staged_needs_visual_and_linguistic_review,True,not_reviewed,False,[],46,0.783,0.478,0.783,3.68,368eed016ff6f3bcc48f053942d8226c9f78a23758ee33f955051be1a2d26cd4,True,72b857a5c6fb12b36c19a637569d7e8812596e2556513f9e4899a07ea543d310,pending,pending,pending,
10357,اليوم,staged_needs_visual_and_linguistic_review,True,not_reviewed,False,[],23,0.783,0.0,0.783,1.84,7ba781d1c383a092c9c95c17f1227651848b55a463bb03a3b6110972b21f741b,True,8e5c36f7efccd96034c1d83a55ba9594dd135b063d4de28c04ea9cdf2b7b921b,pending,pending,pending,
1071,البكاء,staged_needs_visual_and_linguistic_review,True,not_reviewed,False,[],37,0.784,0.0,0.784,2.96,6c4f2bcbcc4ba027a662c64dd24ac6e826a9354805b1330b092f88827b572f65,True,b3d01900af2e2c74134f11b2b88fd25bf2c9860d102ef349ab0036662884ce2b,pending,pending,pending,
896,عدم التباطؤ,staged_needs_visual_and_linguistic_review,True,not_reviewed,False,[],28,0.786,0.071,0.786,2.24,addb5f3759bec0f6415dc1f37e664a14f51bbd15f44b17dfa6aeb69d6e79186d,True,751cbcc86f06ccab56405df4915d00ee9e40f7bcc2fa8444d6efba8a9bd78f5f,pending,pending,pending,
8662,خالق,staged_needs_visual_and_linguistic_review,True,not_reviewed,False,[],28,0.786,0.536,0.75,2.24,fb54d515943c1177eeca101dd846df8bc345fe281c296b9945a9ee1ed6bba6c2,True,b9586905532ee5485c706c8ad8a10a7385592c8eec91862677a038942b03a241,pending,pending,pending,
9749,مستشعر,staged_needs_visual_and_linguistic_review,True,not_reviewed,False,[],28,0.786,0.786,0.714,2.24,41ba064009de26fbcc14709f5bd243d430cdc77723dda87401e9e060bfb4680e,True,cfdaea37972e0d342be54022b47584013be82c11812a4495dd6e4f5128eff327,pending,pending,pending,
241,الحداد,staged_needs_visual_and_linguistic_review,True,not_reviewed,False,[],47,0.787,0.404,0.638,3.76,a5512ae78ac2ba06ab2a72ef03c9310c5c4afda19e5b0925b30d81ec4b2e23fe,True,42c7195e578fee44eed99d48c4ee3fd889c72551c1dff432c4adc813dfd3d8f0,pending,pending,pending,
477,جبريل عليه السلام,staged_needs_visual_and_linguistic_review,True,not_reviewed,False,[],47,0.787,0.362,0.787,3.76,5bf55e885adbd042278053462819a3f37c9dff15f1112bbd78d8132f8d406a2f,True,e64088b1a3b8eeab465689756b2e0a75dd5ee71b86e554f58d7fd85eadc52e23,pending,pending,pending,
143,المسجد النبوي,staged_needs_visual_and_linguistic_review,True,not_reviewed,False,[],33,0.788,0.333,0.758,2.64,2eb6cf70abaea794a77fead4eaa522cb05aaf4a79834f8c13001eac157ffc9d1,True,d1fd6f544a727bcd61265dfe6922dea57905750305de29267f6ce149e4e45d15,pending,pending,pending,
168,احمد بن حنبل المذهب الحنبلي,staged_needs_visual_and_linguistic_review,True,not_reviewed,False,[],38,0.789,0.342,0.789,3.04,b008cc04e5331b30c7433040ee63a8b4d61dc9c895b153335a6dcdcd5fa953b1,True,b677e644879f8611be3ef02fd204d065f8e88dd3cfc745ef216423d851a55f4d,pending,pending,pending,
459,باب الجهاد,staged_needs_visual_and_linguistic_review,True,not_reviewed,False,[],62,0.79,0.758,0.726,4.96,d68f5a5a63353a9fa81076d78a4f517aa0b65e95105e3a207e5d3b0e34b614d4,True,e425b1069c4cc1a94202093a2dac674d284951a68fe0cb8b251ac2a7d5a1ae85,pending,pending,pending,
519,حمزه بن عبدالمطلب,staged_needs_visual_and_linguistic_review,True,not_reviewed,False,[],62,0.79,0.597,0.79,4.96,2ea9f574fca1b0218ea6903dd9641e3392ddbbcd3c2c7b51696ea94bc922ae24,True,39fcdfe14ab31afdbfe99c0923838914d34d14e71332a172a5f6b45fbbeaf642,pending,pending,pending,
681,عائشة بنت ابوبكر الصديق,staged_needs_visual_and_linguistic_review,True,not_reviewed,False,[],62,0.79,0.274,0.774,4.96,84f0338e9bba01b3d35b2cf995430c521c78eae7ff5768570f5c880c45b4f4ba,True,faec5a0bd5e623bf2e74a695c23968c924e02eae314c29f6b81cb1936535b648,pending,pending,pending,
202,الامام ابن تيمية,staged_needs_visual_and_linguistic_review,True,not_reviewed,False,[],43,0.791,0.256,0.791,3.44,d88920d04a9db3c1f408222135789984fb8bc7da86ae972157f4e52f9a761ec3,True,b3f139bc96363a1378b0da7c5dcf709683b8f33bcf05eadf3c15dc7aa9ac7de4,pending,pending,pending,
306,الشهادتان,staged_needs_visual_and_linguistic_review,True,not_reviewed,False,[],43,0.791,0.372,0.791,3.44,28ed537a4f63de6aa034551a2c8932169836e0433dc4cd46b541d369014fa742,True,a4e2bf0cb0679cd48335bffc851f622053bedab41d679ab94310667cdbd8a6ce,pending,pending,pending,
856,سوء الخلق,staged_needs_visual_and_linguistic_review,True,not_reviewed,False,[],43,0.791,0.0,0.791,3.44,6accb771a9dfd631caf2178db960b16a27db84e0930a2935a511418d333037ae,True,a76b142b52677912066c7fc569f083a035da0fb684aaccd24d8f1321bc4ece59,pending,pending,pending,
968,ميثاق,staged_needs_visual_and_linguistic_review,True,not_reviewed,False,[],43,0.791,0.791,0.721,3.44,fc4d20ed0ea456135a663a14572b9b02f632cfe1d66fddbda4bf15e477c6ccd6,True,335db1d56ad9999e5903db6fdf57ce33fa295dee4ad9ff07c63eeb152b33374c,pending,pending,pending,
423,النفاس,staged_needs_visual_and_linguistic_review,True,not_reviewed,False,[],53,0.792,0.434,0.509,4.24,a92a7243de88f61729d1f2370cc0cc9430f3c79e4f1f03c83e48081784cfcae7,True,d8b02b2301c9f4f76ad908e77e018714586c6f22c573d78487dc9ff38354d2ce,pending,pending,pending,
505,حد اللقيطة,staged_needs_visual_and_linguistic_review,True,not_reviewed,False,[],53,0.792,0.509,0.792,4.24,40279d3a397886271a5957461ae007f0d620fce313e72ffec26b1affe1c1c591,True,c0afa1da8cf95341ec8e6db00e985ec7a7141a756b04960b4d1ce4e11a289c44,pending,pending,pending,
774,يوم النحر,staged_needs_visual_and_linguistic_review,True,not_reviewed,False,[],48,0.792,0.604,0.729,3.84,9c1717c167a0e21ea99a65dcf3bf4a6a76555950f743726d4a487e4cb51a26d7,True,fa9916c9d68d8784efb0fb4efbcdf896ce85bb85714d1e4ff7b1aefb979458db,pending,pending,pending,
9686,تنزيل,staged_needs_visual_and_linguistic_review,True,not_reviewed,False,[],24,0.792,0.0,0.792,1.92,c806a6498576dae00c3413fed52603ee7d91b4efa9ab953fd750f4e8b3b73022,True,d8b8f25aaa75e99cdd43b96c2b1f96b4b193dedaf2111ca9aa30c93f9541e73d,pending,pending,pending,
898,عظام,staged_needs_visual_and_linguistic_review,True,not_reviewed,False,[],29,0.793,0.724,0.793,2.32,87e06729f2c885e68aa0c3630854b756b6f06663d26ca0e833f53fac1b5d6b44,True,6bbe7715a04d1bb199726261fdc09647d1958a05526b33252160dee9ab37eb2e,pending,pending,pending,
1145,الحرية,staged_needs_visual_and_linguistic_review,True,not_reviewed,False,[],29,0.793,0.759,0.793,2.32,ed33933031bee5c0d17bc05eece4e7f730728c207e1e48b7589b1a5e692490f7,True,d4a28ccd8a68f5ce2bd124e67ecb70421eae44cb1a0adbce1275faae331732ca,pending,pending,pending,
1306,الكيد,staged_needs_visual_and_linguistic_review,True,not_reviewed,False,[],29,0.793,0.379,0.793,2.32,d9b492e63929c166cead65fbe3c53dd6f329dedf6707ab590f41e3c3339e0a45,True,db3c0c85adfc41ff19420cd5ecaf3355076876085c8673bae930d20575d3f2b5,pending,pending,pending,
5804,بنك,staged_needs_visual_and_linguistic_review,True,not_reviewed,False,[],29,0.793,0.724,0.759,2.32,22801af2758ffe0ef26f7c050241be55737e13c84f36f45e51a555086dc9371c,True,58fd005c09424e261c6ca1434176fcbfcccde55e81adb6246f608e0332c8ce4b,pending,pending,pending,
8338,إعراب,staged_needs_visual_and_linguistic_review,True,not_reviewed,False,[],29,0.793,0.483,0.793,2.32,fe25643585cbd196dd07cef42b74ecc38edaaf4a58c51dc9fbc8b474cc94c610,True,4e2ea80cfa56533624cbffcd242dec2f181d7ac6dc71dff3863eb9e7f8c5057b,pending,pending,pending,
9472,هو,staged_needs_visual_and_linguistic_review,True,not_reviewed,False,[],29,0.793,0.0,0.793,2.32,2e915fac0ef83a422916477b1d06b54624799ccc8f15cf2713b6ca8b23403454,True,1a2da89256d114f0f37b2afa4a25a3fa0b5747add7023d6f93ba2c086397e98e,pending,pending,pending,
10478,عملة,staged_needs_visual_and_linguistic_review,True,not_reviewed,False,[],29,0.793,0.345,0.724,2.32,6d09debb06732cd4997d3d1175fcf82e1d4fcb271517a3ff16881d1de87720b8,True,6b556b2a1f30fe89391890d5405213f42f03346e8166dafe40b0c8cd18cc9441,pending,pending,pending,
12508,ضعيف,staged_needs_visual_and_linguistic_review,True,not_reviewed,False,[],29,0.793,0.0,0.793,1.93,ed46e773ab6fbb94dd72817855f3ffae8efc3453b47223b4f6dbe11408ffd880,True,7e9fe4f5bf7f7d23ff4909c85e4fba39610e277cb43bd40d0dfa1134102a7167,pending,pending,pending,
139,التشهد,staged_needs_visual_and_linguistic_review,True,not_reviewed,False,[],34,0.794,0.0,0.794,2.72,c3698e2b2ef85cbc20059436f9b221c978e7226308cbf08b43c67835b168b432,True,31f09c0e9efbed57b4fe974b02ec4b9b66837d1bf70f9ca78658dc51a4f0d3f6,pending,pending,pending,
314,الشيخ محمد بن عبدالوهاب,staged_needs_visual_and_linguistic_review,True,not_reviewed,False,[],34,0.794,0.0,0.794,2.72,d3182fd76375b0b40347f9b6523b7ce70989dfeadbf61818ff03d4c4563c40cc,True,eaf7aeee6ee480cb5ae66b5a38c66367a129b354a2c30c1c418e374dfb0c7211,pending,pending,pending,
1011,إعراض,staged_needs_visual_and_linguistic_review,True,not_reviewed,False,[],34,0.794,0.0,0.794,2.72,b5add444db9759e57373c16882b25117f2d989411a872988589553cdd740488f,True,16be7a078e2cffe7427ccd82eae2da291d84475b7cdfade4b54e0e5ac51ae1b8,pending,pending,pending,
1029,الإرهاب - إرهاب,staged_needs_visual_and_linguistic_review,True,not_reviewed,False,[],34,0.794,0.735,0.765,2.72,d6a6e85efda9894b116e02345bd9aba18ec7dcedece40b72580bd545a141d58f,True,8d467b3a19a84b394e8dac775a3b420a6bc1a393aa584ea529203d51c40e8e29,pending,pending,pending,
264,الخلع,staged_needs_visual_and_linguistic_review,True,not_reviewed,False,[],44,0.795,0.614,0.5,3.52,5716a038e8f5ef777f901cbc89e488f43bbb08d8988c8fd4a512df5f61c72db4,True,a46e92106a8b20c8c723fda1f0882514da32a258e42f225c3ffc6a89b8435cd1,pending,pending,pending,
323,الطلاق الرجعي,staged_needs_visual_and_linguistic_review,True,not_reviewed,False,[],39,0.795,0.205,0.795,3.12,fbd187beae6288187a4ad36f25ce931e20124377a9e2287b9de1942ac44a124b,True,59d6c8c023f07d53db19618e222b22879afbd537fc390d86b435fb4f748c249c,pending,pending,pending,
902,علماني,staged_needs_visual_and_linguistic_review,True,not_reviewed,False,[],39,0.795,0.0,0.795,3.12,efe519456dcde88309e9b5648c677ecac2fc122752290ce9d8daed6e78f0eb17,True,3760feb57358535435d9dabe73bdcbf85159c066e4f213af859674dbe215a703,pending,pending,pending,
912,غير جائز,staged_needs_visual_and_linguistic_review,True,not_reviewed,False,[],39,0.795,0.128,0.795,3.12,c12d76fe1d6a776640702dd0261a97625bdb469c9bc94d005f46259bff272624,True,d82ee3f4a6728f179b4b39338f7469f8b6019d51501ecebf46023bb6b40ee03d,pending,pending,pending,
11173,سال,staged_needs_visual_and_linguistic_review,True,not_reviewed,False,[],39,0.795,0.744,0.769,3.12,d016c5a7e8f33a647006079047f099689d22e0da35b3376692995a97b8514335,True,db090db5219ad60281090e13e6de05ad4e34e270b97e7339f4395093924cb71d,pending,pending,pending,
195,الإصرار على الذنب والعناد,staged_needs_visual_and_linguistic_review,True,not_reviewed,False,[],54,0.796,0.278,0.796,4.32,68f76ff7d2dd792c1bf65ae2a484c65ded30d0441f781d38c5b4a6c0acc57fd8,True,27e212eb624074079a3aa209a723a7cc31fdb5716f2ddcb6debce15c2141dffe,pending,pending,pending,
767,يعقوب عليه السلام,staged_needs_visual_and_linguistic_review,True,not_reviewed,False,[],49,0.796,0.0,0.796,3.92,870ae5544fa4ba3d3a1190508bf833bd9d082470ec8d147a013472988272d930,True,77ea4173b8c23faecc5ce7f0d126bb316a176b460277c3948ffbb33765c60cb5,pending,pending,pending,
418,الله المؤمن,staged_needs_visual_and_linguistic_review,True,not_reviewed,False,[],69,0.797,0.145,0.768,5.52,c716c0a6a4784350f74437f08131ae519083d43c81a9ca0c85fcfd21547b76e6,True,b91ccf4c9bb89ddd90c7da4291dad1da055519e4ca77e60db57b46e6319276ef,pending,pending,pending,
629,سورة المطففين,staged_needs_visual_and_linguistic_review,True,not_reviewed,False,[],74,0.797,0.797,0.77,5.92,15013c5275a3d14d9f5346b4d14ea1fc90dd9c6905f0efee8f12ba89bb86efbf,True,d4228ea625e554429a68c7a9bd5c92ce84cadc8331255053aca5f75ae1a97020,pending,pending,pending,
6,ال,staged_needs_visual_and_linguistic_review,True,not_reviewed,False,[],20,0.8,0.0,0.8,1.33,50f71f2ee2f23f6df3f9d49d285a05e902d104138bb4336c869c6c43b50b6bf4,True,c2f4158a29ee3b6788f8839b28297cbf4254a4957805f27612ff26c042b8d14a,pending,pending,pending,
225,التكبير,staged_needs_visual_and_linguistic_review,True,not_reviewed,False,[],30,0.8,0.8,0.767,2.4,6d40e03c4efda9a4eb0fcf41689174753a8d92fd70b676b71de73866ab3ea801,True,0e45d20f82aabbda46d1baaa8e8849ea03b2e781fb636471c587edf23737493b,pending,pending,pending,
433,الوداع,staged_needs_visual_and_linguistic_review,True,not_reviewed,False,[],30,0.8,0.0,0.8,2.4,89936eb2b0722af30943fff3558eac49b2165b3ea14f30e74915080213170b76,True,f5a93f9f68710ac30dc8045a2ff53be74f501abe8ed61e5c6d1b381d2af7ef76,pending,pending,pending,
567,سورة التحريم,staged_needs_visual_and_linguistic_review,True,not_reviewed,False,[],50,0.8,0.44,0.7,4.0,ee72dc706712b8119580bb6bc8cba4acc929aadb1ea3cf750cab291a5f585a6f,True,6629ee26ad1e6a2ad1bae3a8cede0233815acc024e16cccd17d1590cf22c3ea0,pending,pending,pending,
636,سورة الناس,staged_needs_visual_and_linguistic_review,True,not_reviewed,False,[],55,0.8,0.545,0.745,4.4,42f1130e6a4f796908d95b0c4cf8447435c6f637acd6905b131b14372e324f62,True,61f0be306c736cfc1a28a4bdcf26ade7c647ae521be3125686e563b359c6cbeb,pending,pending,pending,
778,تجاهل,staged_needs_visual_and_linguistic_review,True,not_reviewed,False,[],30,0.8,0.0,0.8,2.4,b4918497fdd571d1a4da34766c78094cde77ffa1c846578fd2fee27e6eac32e7,True,a92905d67db2b2ad932ab1eb9dfeab14e4127357460ae30b23de4e747737f630,pending,pending,pending,
816,حدس,staged_needs_visual_and_linguistic_review,True,not_reviewed,False,[],30,0.8,0.0,0.8,2.4,1de132c87f1fdec95ac43a7caa84ada45c834654e8727954a299b0302c95de76,True,30a641ea9d99833b22119cccd70d341ef8ebda420bad390664bf25938b5d82f1,pending,pending,pending,
828,ختان الرجل,staged_needs_visual_and_linguistic_review,True,not_reviewed,False,[],45,0.8,0.511,0.778,3.6,e4eabd15e2d385f76d0b16be3c695cee1160c8827dfea1daed535bb8f74f6017,True,51002016774ffd788b531cce71b3ca2d0af5a4acb3f74a9209e5298ffd684ecf,pending,pending,pending,
942,مباح,staged_needs_visual_and_linguistic_review,True,not_reviewed,False,[],35,0.8,0.0,0.8,2.8,76fe192cfff64c89a3bdc37d88f3fda492a9286676e2bc68ad2c3711043594b4,True,333faf21f5a54392a1117a93058fa35215c6cfae33849fb5a19447f74cdfbad7,pending,pending,pending,
1044,الاعتدال,staged_needs_visual_and_linguistic_review,True,not_reviewed,False,[],30,0.8,0.0,0.8,2.4,d0d4ef83c35310a7b3859ce1b82cc00c80b3b3208ab2c9d4b87c51c472091d8c,True,ceabc319375ca31461e4c4a1c29bd5d4e98c90442155cb8a4bbe5bdf9b9b45cf,pending,pending,pending,
1174,الذل,staged_needs_visual_and_linguistic_review,True,not_reviewed,False,[],35,0.8,0.629,0.571,2.8,0619ebed9e00ab5469abf3dab75bcacb5be660c401bd336d8f54f76b938f9bcb,True,709578727c91ff8d8d99b96f3fb7944ce59ad04ca55938ae79ba856b9ba359aa,pending,pending,sampled_presentation_checks_passed,
5110,إقامة,staged_needs_visual_and_linguistic_review,True,not_reviewed,False,[],30,0.8,0.767,0.767,2.4,c0743d049cdbc5da59f6b439d2fb11b75ae984b87f380e085420494431ac1e77,True,135cc4d7c577d55b43b64c72e7eca92df0d481e63ae37c2f3188dc61144fa3e2,pending,pending,pending,
5513,حمل,staged_needs_visual_and_linguistic_review,True,not_reviewed,False,[],30,0.8,0.0,0.8,2.4,c1a7cef10c43d39c71550c15af718ba88264772f601e2bd780b6595081a93468,True,0a3bcc60b9fe9b821965a48bf4fdb1d473697c0527f3905066675b5d2c85f565,pending,pending,pending,
8414,إهانة - هان,staged_needs_visual_and_linguistic_review,True,not_reviewed,False,[],30,0.8,0.0,0.8,2.4,c200795103128b04bc8a209035c1d03482b7c2faacc9a12a16ad9dc43d705c8b,True,a11dc029594538351ee0ea9d160b2ed97accc1dcd196f4414a146e882047ecf3,pending,pending,pending,
9622,هادىء,staged_needs_visual_and_linguistic_review,True,not_reviewed,False,[],35,0.8,0.743,0.771,2.8,644528213b247bace2a14fce1b07183584554d62b2262176098df4449d3f6270,True,d65455b0128cee2a607edfd079f7e85d079c4adf34c07ccb5f812a0776dd17c2,pending,pending,pending,
307,الله الشهيد,staged_needs_visual_and_linguistic_review,True,not_reviewed,False,[],46,0.804,0.565,0.783,3.68,a51f0fb08d3eeabff1e4a2905229d58d135eefd416a6eeec839982dcfe2d0eee,True,19857806d1670072508f8a6a3a3eb01a31590752f1814704f91dc5979f415672,pending,pending,pending,
370,اللعان,staged_needs_visual_and_linguistic_review,True,not_reviewed,False,[],46,0.804,0.283,0.804,3.68,5593beb2b1cef3da25eb083078a3c642c6cda1e99023835695490cd87048e9e6,True,c5ce799663b39819c5a5126959ca7ef01f9d0456d29c0fc7593eda42654e6cc9,pending,pending,pending,
390,الله المجيد,staged_needs_visual_and_linguistic_review,True,not_reviewed,False,[],51,0.804,0.0,0.804,4.08,35f81f14c46675d098dbd07f15ed534b26fcdd38fadb952a75d838c72a872500,True,674e7e22a3f3be9c77c9a6b4095ebda069edaa5a3a5636413b116d70a273c4a6,pending,pending,pending,
723,لا إله إلا الله,staged_needs_visual_and_linguistic_review,True,not_reviewed,False,[],46,0.804,0.435,0.391,3.68,f39939597ce45117281846369097a820c45bf3354dfb0c138f220319981e9f80,True,8e36553f71cc751d11d17ee08d5b2f4dde2b88e8e92e1c61b3c7bbdf221cd71b,pending,pending,pending,
922,قتل الصيد,staged_needs_visual_and_linguistic_review,True,not_reviewed,False,[],56,0.804,0.339,0.786,4.48,2a10eaa4800a518bab86b796dd1726939ff3030bfc8b746a7ed101030d03b19b,True,beeddedbaab904e3d7cfd6dfbaff776eb9b3323e141e30800886bac06337e979,pending,pending,pending,
162,أبوبكر الصديق,staged_needs_visual_and_linguistic_review,True,not_reviewed,False,[],36,0.806,0.0,0.806,2.88,225453dc466d291ee75536bfc066248b2e8cb55cb6a1f22c36338bfb390ed43f,True,8a44b45553589b8271954bccc5cea84d5f92f7d3e5eda15771514327a4b991da,pending,pending,pending,
191,الإحرام,staged_needs_visual_and_linguistic_review,True,not_reviewed,False,[],31,0.806,0.742,0.742,2.48,6454f6c805c9343a0cb952c3b57752096782a29a7966c197384147b53e04fd76,True,abd09d0ebca3743e24160759cc5f74ecad72a8585f0a2b66eff7db25cba00989,pending,pending,pending,
212,الانجيل - عيسى,staged_needs_visual_and_linguistic_review,True,not_reviewed,False,[],67,0.806,0.209,0.806,5.36,3d2eff55cfea72cd41d828b59fb94349d9485150410097cc2e2fcef8ad91b414,True,3ed5e2beccaf16ee6b49e8cdf1f5e6ccdb8d213384089ac641db1cb195ca9fad,pending,pending,pending,
312,الشيخ عبدالله بن الجبرين,staged_needs_visual_and_linguistic_review,True,not_reviewed,False,[],36,0.806,0.0,0.806,2.88,275249275ff9b7e2c16a28e9ea1c78e8095b24455c6f714bfb8ebe4fd331accc,True,7c1ca70a87ff14ad6b3700dedba7a2db47048aa18389a77b673a39dca39924a0,pending,pending,pending,
395,المسبحة,staged_needs_visual_and_linguistic_review,True,not_reviewed,False,[],31,0.806,0.806,0.806,2.48,ecdc9741e658fb6da064d273e8e58bff265a9c212c9655c92205ce7e20ed85a0,True,a5eaecef4ae61f65e4eee98b8d5fe854985703b8e724645c3df2699306da5a2c,pending,pending,pending,
796,تفضل,staged_needs_visual_and_linguistic_review,True,not_reviewed,False,[],36,0.806,0.667,0.75,2.88,95ef6860c4adcb461c9b92e35ae77c248c2491ce0b45b0f5990a52a509290898,True,f1b2b2c772137ab97c544e769560ac69a375f3e1a92e61aa05b49684413f90d9,pending,pending,pending,
850,ستر العورة,staged_needs_visual_and_linguistic_review,True,not_reviewed,False,[],36,0.806,0.722,0.722,2.88,3914c4c68ea98b636bd4330b2278a3750c7f66697be304aee5e3dd113837360c,True,a1192a0e3795cbb56b54644d72a95f16ee46c03392beeafc3d3849abd0207b06,pending,pending,pending,
866,شرح,staged_needs_visual_and_linguistic_review,True,not_reviewed,False,[],31,0.806,0.806,0.806,2.48,f2e8d765a9c6ee1e1a98e60b6a5497ca7f9014cfd27b5a24bfe4098d9533019e,True,a04d736036363099aee5a1890e6a40987bcb8119dfd7e4ad78448524ce40ca13,pending,pending,pending,
990,اختبار,staged_needs_visual_and_linguistic_review,True,not_reviewed,False,[],31,0.806,0.774,0.774,2.48,cb216b2265a869bac20a93d4671517f9f1c999d82de42c8901480449ded8fcb0,True,270dd5009c7e302dc473dc36af9dd88b286d35ff04818c1e5912a7e0f00626bf,pending,pending,pending,
1014,اغوجاج,staged_needs_visual_and_linguistic_review,True,not_reviewed,False,[],31,0.806,0.0,0.806,2.48,20912a7c4890b3e59668d74e29eb0cfc06ff428981a0c57c76d5c74e6f12b32a,True,5448c496c9bf2d1d6071c1880d935aa048cb890bfbf0a0281bb10c471200c829,pending,pending,pending,
1197,السخاء,staged_needs_visual_and_linguistic_review,True,not_reviewed,False,[],31,0.806,0.065,0.774,2.48,113e01833a934461c302a2b69692bad005d1a790151446da10e9845c401a52a7,True,4df13f7bfff55b8033ba5a9a970b5af53fabc27fcd2a170bdc5e652befb6744d,pending,pending,sampled_presentation_checks_passed,
1876,مريء,staged_needs_visual_and_linguistic_review,True,not_reviewed,False,[],31,0.806,0.0,0.806,2.48,38de8a6b76fdf087f0d0785d898eac75ae5ab79e50e23480c8583978b7e386bb,True,7fbc4ae029d9cda1d7ca3bdc655afb02fbfbb69cccb563b3598ebffad5852ba1,pending,pending,pending,
2023,خطر,staged_needs_visual_and_linguistic_review,True,not_reviewed,False,[],31,0.806,0.613,0.806,2.48,ce4fafaeb38822cd16e2add531b32fde408e91e0e7f91a4a00a3b76663faa934,True,a65cba2ee1c617ef78839dcc3a35b70cb0d25495a7da9e0ce267e48dbee61985,pending,pending,pending,
6171,غيرة,staged_needs_visual_and_linguistic_review,True,not_reviewed,False,[],31,0.806,0.677,0.806,2.48,5937de006a590053c4116e8370e8df76019d316be0e4b98091c6e38fc3b46eb0,True,ad45cea17a458deabfbdbc68fe7c99f6a87bbff2f78ba184133500c8d1ec11f3,pending,pending,pending,
8675,خطاب,staged_needs_visual_and_linguistic_review,True,not_reviewed,False,[],31,0.806,0.774,0.774,2.48,443d4ec7ea3d65d98a6c9489ea63c340919b74e7b5ecb123cea07383b608baea,True,8545e7cfdc08885d76c601ba11b8f05d2d06310a7e11285f93dc5025765f489a,pending,pending,pending,
9564,العشاء,staged_needs_visual_and_linguistic_review,True,not_reviewed,False,[],31,0.806,0.0,0.806,2.48,f3de90c26233e4fcc242532dd7df63df5bbeb5dfb8190b7d6454c084c8acb9ec,True,0237af2ec57d4eea3dcb714f68ae96b017437e3da9ebb16208ce4581f5f4b534,pending,pending,pending,
11311,هادئ,staged_needs_visual_and_linguistic_review,True,not_reviewed,False,[],31,0.806,0.806,0.774,2.48,ef33e324e4f794cc0a246b23c1e2029b6e0c367e6efebc9f87bb8d24b31b94fc,True,4c52dff6c46e919dccd59854800901056bb9d3437ef64c295a89ea5cf01701d6,pending,pending,pending,
11771,الراتب,staged_needs_visual_and_linguistic_review,True,not_reviewed,False,[],31,0.806,0.0,0.806,2.07,a935f71a72a406a8de163f90fecabb051a486ec4da904644485074c92e70d5e3,True,72c5056481f8f2e436d363fc5b1d148c8f598c39b995373b8211bfcc2f8dbe24,pending,pending,pending,
170,أذان الاقامة,staged_needs_visual_and_linguistic_review,True,not_reviewed,False,[],57,0.807,0.456,0.772,4.56,6736e326ced24c3bde0496dba0da1dc3e0eb2705d2529e17fab356d86b100d2c,True,4b68a5b66556d0bc5e95326eb60731a42dd239832425c0b56a5c760b8bc20062,pending,pending,pending,
597,سورة الضحى,staged_needs_visual_and_linguistic_review,True,not_reviewed,False,[],57,0.807,0.316,0.754,4.56,ff54f3daac76f5c4fa74bbc7613e31e5ec00bc9d535d2ee9a976d43094697ade,True,c5f8e535622e8cb96e4b32a3a631c5c3b8ae6ba3c9949c0fae88e7ed790892e2,pending,pending,pending,
786,تسديد الدين,staged_needs_visual_and_linguistic_review,True,not_reviewed,False,[],52,0.808,0.423,0.75,4.16,619eadbf5dd561b09251cffd9c7a8ed0170709e994b0dce50f7d1472103f8997,True,45a5bff97bd9656666118f099ac5a68ac1f4c44155ca4be6a80e59e09c639668,pending,pending,pending,
1790,كاميرا,staged_needs_visual_and_linguistic_review,True,not_reviewed,False,[],26,0.808,0.0,0.808,2.08,93b366551288f1d4d20e61f42dbb9b4c9483bc8aa1b2ed4c909934971f5a6702,True,015e4afd3a3b60d4343a52d92fd0780e41e77ecba25e52ba5fbdebbf157fe563,pending,pending,pending,
215,الإيمان بالرسل,staged_needs_visual_and_linguistic_review,True,not_reviewed,False,[],47,0.809,0.0,0.809,3.76,55309dfa9eb4095d3b98ff3311f62526ca9f450c0871cc4be25d87b4914d912e,True,42b4aa3e2b99d8d1c3fc830ba08326edb19a6c7020e342aa9c47720b68b22739,pending,pending,pending,
372,اللقيطة,staged_needs_visual_and_linguistic_review,True,not_reviewed,False,[],47,0.809,0.277,0.809,3.76,70c79fa9b0ba634e501f7d67d758367e51366c2f4bc9aaaf7c735ddea9b94f3d,True,a7ef926323481c4db08bb9190bc4b4546808ef7311a8eace011fde3f6e637d97,pending,pending,pending,
266,الخندق - الاحزاب,staged_needs_visual_and_linguistic_review,True,not_reviewed,False,[],58,0.81,0.466,0.69,4.64,15f85729eb2c98c7f8356dde6ba06595a7a26fb1e99cfda17ed5278e0ce94694,True,a2aef36047dc7a2397b966b056268caac6496224a22026fecf97c61f82f5f3e0,pending,pending,pending,
406,الله المقيت,staged_needs_visual_and_linguistic_review,True,not_reviewed,False,[],58,0.81,0.483,0.793,4.64,722897499b5272a9dbbef2de6dfea94a4933adcd3ad8af413883ed0e00614ef8,True,220a75afd917f71b0014f63fa2644659f11f6928f1093e114077670f09cdecbb,pending,pending,pending,
725,لبيك اللهم,staged_needs_visual_and_linguistic_review,True,not_reviewed,False,[],58,0.81,0.483,0.414,4.64,d3ab61a3c7c6b8cc016e4828783e77eca3852d37f9b6830d5758cdc1aab95e2c,True,9f09e8cadaf954fde77d0b15d2701813fe77bf64bcf9f8d253925a0bcca75f0e,pending,pending,pending,
1164,الخمار,staged_needs_visual_and_linguistic_review,True,not_reviewed,False,[],42,0.81,0.0,0.81,3.36,f255da15bd4bdbff52a782e2c959b40452830b9521c4161113d582215396138f,True,990473f5da59f1aa37891168d67375e820cbe38dd24626f6c6d91c01fdef720a,pending,pending,pending,
262,الخضر عليه السلام,staged_needs_visual_and_linguistic_review,True,not_reviewed,False,[],53,0.811,0.226,0.623,4.24,fa56ee86b1027c07449a0922f967952af5c195f80af53faa67e305570b1daeea,True,c0837263c8229ab53b792e4931d71e46cf92e9dddd644e1764261b57d42b976f,pending,pending,pending,
308,الشيخ أحمد بن يحيى النجمي,staged_needs_visual_and_linguistic_review,True,not_reviewed,False,[],37,0.811,0.0,0.811,2.96,1124ebfb54e861a3585c68ce1296173e751f4ac50f31b3b1775cb4cd48220149,True,d2f1c88a8a8d237c991e8c43ae6ac9b5ac5f3f5de55c2a740e3f5bc0afbe27fc,pending,pending,pending,
437,الوقف,staged_needs_visual_and_linguistic_review,True,not_reviewed,False,[],37,0.811,0.378,0.811,2.96,bbf59147acbd8af2ce0da86b5cd3de97c5c4852430fd592655e905e3a6cb4aac,True,f1095b5e0a03e9d4a611753f869e7ed16a9d83c7e9accbe8b16a77ce52edb0bb,pending,pending,pending,
5964,قبر,staged_needs_visual_and_linguistic_review,True,not_reviewed,False,[],37,0.811,0.757,0.784,2.96,c381ca4942d7863ab7490ea241e0022cf26f01cb36a9629f547cf95c0548c784,True,399f4529f1a406f1eca42d2eed8574f589a9a878150b30ff00456d918f443f9f,pending,pending,pending,
154,إبراهيم عليه السلام,staged_needs_visual_and_linguistic_review,True,not_reviewed,False,[],48,0.812,0.583,0.812,3.84,fee4cdd52d2724586749a3dcab190d5f465f3faa1373c455a08fcf0e67db6021,True,4c07959207ff5903ea629a29b9e6fd92922e2ed3f8bb42f520b497d267f2d1e3,pending,pending,pending,
192,الإحرام,staged_needs_visual_and_linguistic_review,True,not_reviewed,False,[],32,0.812,0.781,0.531,2.56,1db42abb814ac603193fd3b7167e92dd7c93bdaa887779ff72901c596a7d0503,True,753f818172db71b6b793b4311a1e34d9b42b9ca0b4b175e377a64e7d5b7ffafb,pending,pending,pending,
233,الجبل,staged_needs_visual_and_linguistic_review,True,not_reviewed,False,[],32,0.812,0.812,0.812,2.56,d82ab668838c5f62e149280777c47e49cc82213180ab292bd5b14767e85cd839,True,9a2a9843804af04c0955a75e6778b72a049deb7288647f55fff08cdcc5993299,pending,pending,pending,
548,سواء,staged_needs_visual_and_linguistic_review,True,not_reviewed,False,[],32,0.812,0.75,0.812,2.56,375994c0df9931b82a4efc389a05ab1d51d434489df24997ef5b6999e055c9c9,True,72f13da68d9ef72f718fc558225b17d9b220f304173b719b47fa50bef9e0afe0,pending,pending,pending,
727,لوط عليه السلام,staged_needs_visual_and_linguistic_review,True,not_reviewed,False,[],48,0.812,0.333,0.812,3.84,99cf862ece4cdd6df0e743345aa944d3c0fc8936cc450509dc19aaae4aff9413,True,ee58f8fb5769cbf069c7f46c69b2f72b5fc01ddc8cdc2e03d04be2a6b69b2d21,pending,pending,pending,
751,ميكائيل,staged_needs_visual_and_linguistic_review,True,not_reviewed,False,[],69,0.812,0.812,0.783,5.52,8471b178ab4cc133e0e1d2108ea05c4a18d1f089f9dd9b4ba04c5aba8ef2dfd0,True,57a1a53ca473d62d30f56ceeab3eea685ff447789602727b80b4f5f5287d9365,pending,pending,pending,
805,ثلاث مرات,staged_needs_visual_and_linguistic_review,True,not_reviewed,False,[],32,0.812,0.812,0.781,2.56,ae0791e90ab2a2a9a23bc94966d0bef890566080219bfb2b5f2cd227f8316fc6,True,e2cb0d926335f57341962faaa7a939b892bad5fff9f493a07c1bebd5254ba67f,pending,pending,pending,
918,فقدان الذاكرة,staged_needs_visual_and_linguistic_review,True,not_reviewed,False,[],32,0.812,0.0,0.812,2.56,ac71a9a0b593231dfcbefdcca6ea9dc2e10431d1d343f4a3099a3de75c8d83ba,True,5456c40a5d0467e9d7ac51b7795975f542f626d694c05a00d03863e13d6b38d7,pending,pending,pending,
950,مرة واحدة,staged_needs_visual_and_linguistic_review,True,not_reviewed,False,[],32,0.812,0.812,0.781,2.56,228d2e4d485032109ebea59f36acbcc85a4b8428bcf9e6748316c1dbca2a0624,True,ccbe731f54037c87f1887b4b3d845ce560791c293c8717c42d337eb59637decd,pending,pending,pending,
1042,الأسوة,staged_needs_visual_and_linguistic_review,True,not_reviewed,False,[],32,0.812,0.781,0.812,2.56,18b64e65a332785a0515d5a6d02426e985f373788f20486eff2e0614ccbd97fb,True,68316c57175c1446645b13f06f53616d6ba594fcfc2a4a4f4c2c0f64bc2be528,pending,pending,pending,
1050,الاقتداء,staged_needs_visual_and_linguistic_review,True,not_reviewed,False,[],32,0.812,0.75,0.812,2.56,738880377b7d87fd81439365df3c4ce40e9a3980db85bda317e400fb945bc6c9,True,8a5503981f493be5023acc024f581eca67ce9239eab82f006f9909672400157a,pending,pending,pending,
1125,التيمن,staged_needs_visual_and_linguistic_review,True,not_reviewed,False,[],32,0.812,0.438,0.812,2.56,9edce0740c00f58e2af29c7afffff51cb29fc5c4e0250214ff4813ec864daea6,True,47c2f99974a4e538c79f3e77ca7fea500b0de5e05823d1513ac1db9d34742100,pending,pending,pending,
1182,الرخاء,staged_needs_visual_and_linguistic_review,True,not_reviewed,False,[],32,0.812,0.781,0.75,2.56,86f2a0afa56272f5ffaa8f016997584109059975123f30a00d878aa8644b14f1,True,763b9740405b904d6d805087fe8ad0996a55c6ce7a54b53c1badbeee04004c3d,pending,pending,sampled_presentation_checks_passed,
1483,صلاة المسافر,staged_needs_visual_and_linguistic_review,True,not_reviewed,False,[],32,0.812,0.0,0.812,2.56,cc3e35631c78580dfc48b721237c3fac2b81709cef5b01620787c83cb69117ed,True,da09398c660efde59b1b9c00219ec94b7b53fde8c8654ed8aefbbddf40e09d12,pending,pending,pending,
8558,ثري,staged_needs_visual_and_linguistic_review,True,not_reviewed,False,[],32,0.812,0.469,0.812,2.56,b0e0762fc0154787aca737b56229e67aacde0843132cc1803220e73891be51e3,True,50a64c66a059b1d76c2c596c41fed119a66defc2aa793c5d4aa19e6a542dae1f,pending,pending,pending,
546,سقاية,staged_needs_visual_and_linguistic_review,True,not_reviewed,False,[],59,0.814,0.814,0.814,4.72,5f1a0205c823c5b8ff8dd8026993f30d452c3c21b119c68c65ae2f485d417bab,True,fe373362c663363a1955e776809c32500fa16104f385eb13905596e9fe2da97d,pending,pending,pending,
779,تجويد,staged_needs_visual_and_linguistic_review,True,not_reviewed,False,[],43,0.814,0.0,0.814,3.44,ef812a7e7bfd06ad81754d62d1c035bf2e04ecc34662ae9e6c9c5e8566ae73eb,True,6422eaffdc14aa934bbc253d56bd277f4e11b478748348a610ab8c566b6dc222,pending,pending,pending,
800,تنازل,staged_needs_visual_and_linguistic_review,True,not_reviewed,False,[],43,0.814,0.744,0.744,3.44,996ca5ea058bbf1863bc7fcc47966844f96d205ba5d05b3f4b72a69b9e813c3a,True,69f8080cb8cb8e94b759fb8c810f38b3a077c1a5262131a31e5983f4e1b821dd,pending,pending,pending,
903,علو الهمة,staged_needs_visual_and_linguistic_review,True,not_reviewed,False,[],43,0.814,0.0,0.814,3.44,fef4f8faa7c44bd3364a186227b7bcb60982f1025c84dd5856ca50780af1ec2f,True,2f54f10a75b3d6bb1e35b824118ce270dbd24ea06f6757a210db5374047b1a70,pending,pending,pending,
591,سورة الشرح,staged_needs_visual_and_linguistic_review,True,not_reviewed,False,[],54,0.815,0.778,0.685,4.32,7e4543a54b4ac8a818d79b161d4fe241dbb499909ab802d1e77f324030767f6e,True,7bc83f8331ad75c28f929c91caeb37514b03b014ae89ffeecf2b6bd6a9222622,pending,pending,pending,
1519,وضوء,staged_needs_visual_and_linguistic_review,True,not_reviewed,False,[],27,0.815,0.815,0.815,2.16,6188e142e47d82a9b352d42c21db062e6b4fd7c2a87efd0259b7afa4f9ef92cc,True,7c7732a2c54255f1f1050dbe07551f0ee228a42313abd605dc89ac8c2250ade7,pending,pending,pending,
1656,بقعة,staged_needs_visual_and_linguistic_review,True,not_reviewed,False,[],27,0.815,0.0,0.815,2.16,8474b931fbf7aeb65561bea72d28e5017a498f22584ede252fcba0021ab5944d,True,02364db48fe40533b38ccf33979cc25cc3095c4c2d191679da0b62c5ea05de9e,pending,pending,pending,
1804,لب,staged_needs_visual_and_linguistic_review,True,not_reviewed,False,[],27,0.815,0.815,0.778,2.16,f02679bb02ae38a20ee3c24d991bbe274da8d361c04f4ba79ab4f2b0ee4a7c13,True,8b98bdcb6bb9b6ee809dfabda1aeeccc3351778717de2f60c027ac6f8e70bd32,pending,pending,pending,
9944,إعلام,staged_needs_visual_and_linguistic_review,True,not_reviewed,False,[],27,0.815,0.741,0.815,2.16,32e9417fea235d943641ae20a4a18f41f4d887591cd1a0420c6ddfa4593441e3,True,fc43c81551afd5cd08c172e008ac0ac1e0b179fe2f88c8a69bdf052ab31b5cad,pending,pending,pending,
335,الله العلي,staged_needs_visual_and_linguistic_review,True,not_reviewed,False,[],49,0.816,0.0,0.816,3.92,705cac2c2fe3b6a5443c18664d6fc0671ac8a157f29ae4f3736271bd7b1ba821,True,9e5d65aa6f8fac753198ed271ea2b163cb0c7ea4196de6b4ba1793a4266699d2,pending,pending,pending,
671,شهر رمضان,staged_needs_visual_and_linguistic_review,True,not_reviewed,False,[],38,0.816,0.0,0.816,3.04,b55ee030b3f80d5f13a6f2ba012ed0b05b6fef88cb8bf8aa7db22a59284cc096,True,7390c99e66e6263a61d34d24dd40c1668baa06923f21e6c2242aa54e32dd4462,pending,pending,pending,
1043,الإصرار,staged_needs_visual_and_linguistic_review,True,not_reviewed,False,[],38,0.816,0.0,0.816,3.04,e0ea88a0d7defb5cc13068698995bff35e9935200a368b3a93acf30aca3ac090,True,064b29b00873a1a99dc2b02e74bff006d21e77bd3f8ed8ae4148838b918c6065,pending,pending,pending,
589,سورة الزمر,staged_needs_visual_and_linguistic_review,True,not_reviewed,False,[],71,0.817,0.746,0.648,5.68,0fc165ad027a29e2d0d982ba7105bdf95f976f17d51401fdd04ca873fd2c0455,True,773c4ebf57165ba471a0c81d112ffa31873ea7a76e47058b287a5ca91dfa6eee,pending,pending,pending,
635,سورة النازعات,staged_needs_visual_and_linguistic_review,True,not_reviewed,False,[],60,0.817,0.483,0.817,4.8,b5bec22700703ed04e834ea640a7c68f8714ac1102cc76978f591858f399b432,True,b6376d8aa7c6246f5c5c905c3ae77d739de5cff944ffde748a10424daa25e60c,pending,pending,pending,
729,مالك,staged_needs_visual_and_linguistic_review,True,not_reviewed,False,[],60,0.817,0.817,0.767,4.8,146b72a403f68dc5fb9e959f4d339e5ab72ee1275892e9de8ae9314f24050bfb,True,6ff44b7122769fe3a246cd1756c0056a32beca0bf2c6c0a0701a67ed36f53ff2,pending,pending,pending,
749,منكر ونكير,staged_needs_visual_and_linguistic_review,True,not_reviewed,False,[],71,0.817,0.563,0.789,5.68,82810316b16c8ee8788523c62489f3d00d7549cc621bab9d6bb5eff856b9f56c,True,3edd2ab6774e538e3e0c364d6d8b068962afdda1b9914efbbb9e9e9e52be42fb,pending,pending,pending,
219,البعث,staged_needs_visual_and_linguistic_review,True,not_reviewed,False,[],33,0.818,0.818,0.727,2.64,a5f23d97b0005f049adacca38dde3fd87ca87a3afd720d851e9c7c419d655891,True,0b06863fed382279bcdabaa0091cd95b1f922dcbb7e25fca6e088c27e851ba01,pending,pending,pending,
340,الغصب,staged_needs_visual_and_linguistic_review,True,not_reviewed,False,[],44,0.818,0.023,0.818,3.52,de3af851f081ee464ce7ae6e1c3ba378b2f91bf94e35cddce2e0af1ed5e71d0e,True,a999311f48a475a3176871fc44e180368cd56588cb77047e2ab6302369098cc7,pending,pending,pending,
361,القمر,staged_needs_visual_and_linguistic_review,True,not_reviewed,False,[],33,0.818,0.788,0.818,2.64,b582a90ae0b76056b07c94718b5ad20b1e0102506b31f60581a936874337f125,True,067ec9c81d95474a7d6577d2d71b6b3b64160d9727d5768fd4a96b2eecd522fa,pending,pending,pending,
484,جهاد في سبيل الله,staged_needs_visual_and_linguistic_review,True,not_reviewed,False,[],55,0.818,0.2,0.782,4.4,2f6136224739c2228979b868e6dec88e1e802265848dbdef51250853ca302ab3,True,5de4b8393aac3433fa800ff20716811955acb07879224269d6aedfcd8dd1881b,pending,pending,pending,
489,حجر إسماعيل,staged_needs_visual_and_linguistic_review,True,not_reviewed,False,[],33,0.818,0.818,0.576,2.64,aedd090a75d6954e70110a24d8c5233a0972eda9ba1829c22f9623af3a880144,True,e7391fe5661e5873a8edba7d05b60ef43b0ce80906f7eaa0d9dbe5c6a71b895d,pending,pending,pending,
780,تدريجيا,staged_needs_visual_and_linguistic_review,True,not_reviewed,False,[],44,0.818,0.795,0.818,3.52,7c23968f7f8503680d294557316d9389bed51ae73b6910b24db63c005c1be1fd,True,503fb6dbb004ac0f50d288e7e7a84278fe06528679cefa4703dea8fb8783a10b,pending,pending,pending,
851,سلامات,staged_needs_visual_and_linguistic_review,True,not_reviewed,False,[],33,0.818,0.818,0.818,2.64,1e4e3bbb5b479672a9ae48a75cbfdc39d01b160e51611bb10ebeb7830db3ab1d,True,c9f09d70e7020bfe9e447e6af2e6b84f715c59115ccd4a34e75f74110eb13a4a,pending,pending,pending,
853,سليم - سليمة,staged_needs_visual_and_linguistic_review,True,not_reviewed,False,[],33,0.818,0.818,0.788,2.64,34600d64b5157fec6d5f751bc741931aa4129eb979477287ae32bca0e9b8563f,True,1d07638f63578fa55375755c94cb5401c114feffe6a37696107d75b01b576956,pending,pending,pending,
868,شروق الشمس,staged_needs_visual_and_linguistic_review,True,not_reviewed,False,[],33,0.818,0.0,0.818,2.64,476bfe5a771394ed3ff9bb01b15cd809cc2c53641911d70420b6fccc7f2afabd,True,6bf519955f63ce4e5538ea19c20f3ba91b902168e1fd4eabd5e026dccadb7b72,pending,pending,pending,
884,صغر الهمة,staged_needs_visual_and_linguistic_review,True,not_reviewed,False,[],33,0.818,0.0,0.818,2.64,5d180a80ddfd57b6efc506a3a685483906a2e02aecc397337c4e4cb8ee0c301e,True,491a3c7a87df272e89dfa9b4a4e4b7c00da3ec6e6be04de544346c8f242cd707,pending,pending,pending,
1122,التوضيح,staged_needs_visual_and_linguistic_review,True,not_reviewed,False,[],33,0.818,0.818,0.818,2.64,337a77108d3e0117d24c1d643b42d420d37146a9a47a5bd5812cf35c4fb69feb,True,b5be0cbf11b8e7587e8e071634730f893e73936634bc590e42ec4fe1f59ca33d,pending,pending,pending,
1214,الشجاعة,staged_needs_visual_and_linguistic_review,True,not_reviewed,False,[],33,0.818,0.152,0.818,2.64,04813c36e5a0c57ca1111e55551010755336dffa11e0fdf67112dc369669d9c3,True,38dbb09c49c1f97098a36581d90656caaf630f4c845f3f7c0fcba53f2f5594a0,pending,pending,sampled_presentation_checks_passed,
1463,زكاة الفطر,staged_needs_visual_and_linguistic_review,True,not_reviewed,False,[],33,0.818,0.182,0.818,2.64,5d0373c664a3cc5e4d86f1488688a97133132e202757a702f9b2bf1d9df39e9a,True,8183e91c8a9be65d234b3842a7e74ea9a82ab66dbe06ed77dfc0223be31594ec,pending,pending,pending,
9069,قط - الهر,staged_needs_visual_and_linguistic_review,True,not_reviewed,False,[],33,0.818,0.0,0.818,2.64,0ac07b36b9e65d25299a27f7fcabc9cf8a991a424ef1e10df80b203f2accc7da,True,5b2fdb81750c686a13c2ac3edc425a808dbebf404007a683f18b7eefb65e21ca,pending,pending,pending,
9500,وهم,staged_needs_visual_and_linguistic_review,True,not_reviewed,False,[],33,0.818,0.667,0.818,2.64,fe728e867a781336621b089b78007e2866b0946b01e46dc00552f6bebce362c5,True,9249042329a161767d98b2d2dc344485cbbe9f419a907e6f0c6761509ccf1be6,pending,pending,pending,
11053,محرم,staged_needs_visual_and_linguistic_review,True,not_reviewed,False,[],33,0.818,0.818,0.576,2.64,df4be194128192963b6dc9d00649e822debbe86437841e0b52ae563b72b5fc71,True,da506763d16c04a32ba74f65f333b7a09555b4e2c7f6b25c468c160c4009a58c,pending,pending,pending,
12475,تابع,staged_needs_visual_and_linguistic_review,True,not_reviewed,False,[],33,0.818,0.788,0.818,2.2,68e78e74b0c09ea39b6219ef841d99d799c88f01d0f1b49c799528b908e60a52,True,71578eb735f2bcc0f11d4f4a35419ab55e7ae41e790c8c28db679f814501a120,pending,pending,pending,
12621,سر - سرة,staged_needs_visual_and_linguistic_review,True,not_reviewed,False,[],33,0.818,0.0,0.818,2.2,a18b4c8186c2d9fd06610622064af19c323feb1c67ef99430362cba6144867b3,True,9369b1e287b32e42366c0b0978fcf369523995baf27596c94a8da5c767be1078,pending,pending,pending,
443,إلياس عليه السلام,staged_needs_visual_and_linguistic_review,True,not_reviewed,False,[],50,0.82,0.1,0.82,4.0,52fb1401d157a2f3865d37c5db43276ac3f9dbbaec790494b4c15ce9388b5242,True,321e0d02a2413ea1f5201f10c0c7f016aa0194d5da79fc37834c8e04409d4f55,pending,pending,pending,
973,نقض العهد,staged_needs_visual_and_linguistic_review,True,not_reviewed,False,[],50,0.82,0.42,0.78,4.0,5299d2424703f9cd71113af3c847d0906121baf3fbef65df1bf02935d82dae87,True,018fc4bc749635489ce2f5a73b22ea91fcae2a04939ca14396ead39d0a53eaa4,pending,pending,pending,
1030,الاسبال,staged_needs_visual_and_linguistic_review,True,not_reviewed,False,[],50,0.82,0.8,0.78,4.0,8199bc686987668cefec8b52e605a06833c4c5249b65db85065975dd3e2327f2,True,4306e943089ba68bf5bb2b1365a3e19413c88e1df0b305a1ca3e9a7e41e41c6e,pending,pending,pending,
303,الشكر لله,staged_needs_visual_and_linguistic_review,True,not_reviewed,False,[],39,0.821,0.0,0.821,3.12,5af4da5c79595e7d2b018b40c098de48b0450359e5401782b69b7d8a2bd8142a,True,05b51886e082b6af8167d6e211d5726380db5de9fec473c3f37fe5a6c25aec2a,pending,pending,pending,
460,باب الريان,staged_needs_visual_and_linguistic_review,True,not_reviewed,False,[],56,0.821,0.518,0.821,4.48,81919ec3cd76bfa42039d1dc072f4faff84da0e718110350924e1c2dd8b3447e,True,23fb424de731608f1003282b1840d1c0193b9ab279ea2bd5e46748718a989951,pending,pending,pending,
465,بالحق,staged_needs_visual_and_linguistic_review,True,not_reviewed,False,[],39,0.821,0.0,0.821,3.12,230308b6e261eb9098be748426ee34e57333d2dbcfc22131f584816451372138,True,83a517ec5e3faa6c953daa4374fda70cc818cd2851b7f2c980e60292cb8a9a5c,pending,pending,pending,
555,سورة الأعراف,staged_needs_visual_and_linguistic_review,True,not_reviewed,False,[],56,0.821,0.804,0.75,4.48,6587bae49ca3f8c7e1fbe8e80c5a6fd3e0669a87024f9b01d17f2b59e62b83c3,True,6f2979789a1b48e6869c826433c93d05e5a7f58743460d2b007ac8fcc1789eca,pending,pending,pending,
1156,الحلف,staged_needs_visual_and_linguistic_review,True,not_reviewed,False,[],39,0.821,0.718,0.821,3.12,ca867e3b92142664050f2d728536e02de8de0a86674fb35268be22e5505f04e2,True,9769f01f0ddb4d5bb5ca0fa89ecf302ef45c6b2ca0f5e79b3f1efa9aa2575b4b,pending,pending,pending,
970,نادم,staged_needs_visual_and_linguistic_review,True,not_reviewed,False,[],45,0.822,0.0,0.822,3.6,a339788c07f33891fbc263ad8ed818d308ac316d0ccdb7c68634f0e40a361aac,True,362f9d977929061d8674ee7fce39d6f91b85d08020568a8cf56375700b800b9d,pending,pending,pending,
644,سورة الهمزة,staged_needs_visual_and_linguistic_review,True,not_reviewed,False,[],62,0.823,0.258,0.823,4.96,01b5d46ad7e68641c3a79a079ba5d5c49094a9a532ce253be1146130541c86db,True,8e33c6dfc7dcc38d33235519b02ff1703517fe8ffc47f228ca525619ecac890c,pending,pending,pending,
258,الخارج,staged_needs_visual_and_linguistic_review,True,not_reviewed,False,[],34,0.824,0.824,0.676,2.72,efc7f74e0ab4b1e30b82dfe9713684e414d9abf14b6880e22f813d6d23a66259,True,ba7de7205e94d01099033a07774414aaf6f329fa048e61cfd7374ea7d2847b04,pending,pending,pending,
759,هرقل,staged_needs_visual_and_linguistic_review,True,not_reviewed,False,[],51,0.824,0.0,0.824,4.08,84aa1cd4e5c33118db5828f14cd3a13a7717812ee92fcf38750849033569bbf9,True,718ee0e6ea36f3d86b5c24efe64672cb72a307fd51cfec4d114e1f3f8cc697b6,pending,pending,pending,
4626,شوكة,staged_needs_visual_and_linguistic_review,True,not_reviewed,False,[],34,0.824,0.824,0.765,2.72,d1e099dd9cb005f64aceac116b0b399b868c95d93979d46b72b75e330ad327ed,True,13e1af87602ff546972404649e90b2206c0d5d0f0718f2fa47676f7364d964b9,pending,pending,pending,
6210,يصدر,staged_needs_visual_and_linguistic_review,True,not_reviewed,False,[],34,0.824,0.706,0.765,2.72,376b7e5293703c3c34947f011efa132b1bf77c9af8dad37f22ba6ab8a20aaf23,True,2c2d988e8a97ceb6b8c2c9461f540748ec9f0bb2a09d2d1464e4ac4055ccecd0,pending,pending,pending,
12550,مراد,staged_needs_visual_and_linguistic_review,True,not_reviewed,False,[],34,0.824,0.824,0.676,2.27,1a9108d9658a3a817c9591dc40081aa84747ae17096f81884d87ab79236bb6a8,True,a6ee077afeabed384fb50de92c8dfe687eef370c0ceea385b5477836105a002c,pending,pending,pending,
144,حج القران (أي قرن العمرة بالحج),staged_needs_visual_and_linguistic_review,True,not_reviewed,False,[],40,0.825,0.0,0.825,3.2,29585169afbfc5a3368edfd7890a5a34d0ae92ad68f49b9b4429e93d04b6e58a,True,90f6ea3f6409e98dbc8f6cef1da4cef16ba76e25ac65904976295b914c8f55ad,pending,pending,pending,
256,الحيض,staged_needs_visual_and_linguistic_review,True,not_reviewed,False,[],40,0.825,0.0,0.825,3.2,b447c5789f4e101a725e98ae932b6dba26eb8a69bf38bc39c084a524ea18bb9e,True,99898b9c8ae46c9feab85bf3b8316384a9c19d46ad906a8df2315751cb37264a,pending,pending,pending,
300,محمد بن إدريس المذهب الشافعي,staged_needs_visual_and_linguistic_review,True,not_reviewed,False,[],40,0.825,0.325,0.8,3.2,1c96a099307783260bc2bad49cfd3ec8c54052c566250354704a529c7160a426,True,5a11f6e3dea4ae3ae4a52cdad179b6904d0d1740ccb9360ff50e1d5228d26444,pending,pending,pending,
311,الشيخ عبدالعزيز بن باز,staged_needs_visual_and_linguistic_review,True,not_reviewed,False,[],40,0.825,0.0,0.825,3.2,fb4c0c688b036d2fe629862348b379ce2a528bfc13f02c3826496570b8b35f00,True,16cdb928e6159f43c89365dc8e23c85ebbe52e0b6290e7125876014c920b9582,pending,pending,pending,
313,الشيخ محمد بن العثيمين,staged_needs_visual_and_linguistic_review,True,not_reviewed,False,[],40,0.825,0.0,0.825,3.2,1e996aafa815ec94ed6f2ed89d30449c762aa731626cfd73d3d0adeb1a01faac,True,1630e531e9d46e7c07208f8bd44a406abb5e7052f96a5a3febea3ed33a4380e7,pending,pending,pending,
669,شروط الصلاة,staged_needs_visual_and_linguistic_review,True,not_reviewed,False,[],40,0.825,0.425,0.675,3.2,c7574cd625dd10dc03414710467a0bbd1996833b686beda7b5b6698b29c13917,True,b7dfb234da576a77397bc8f531dec30c2904441172cc846f83e370e741a07c62,pending,pending,pending,
1045,إعراض,staged_needs_visual_and_linguistic_review,True,not_reviewed,False,[],40,0.825,0.0,0.825,3.2,911b61daa139e2243f3daa7250ca0f39333f4e3d9ec1513fb155890b0ab4a75f,True,f68a3cc5ed23bfbbd61892287ec46a4e0bec3b7569005acbd509d1366506ccb9,pending,pending,pending,
363,الله القوي,staged_needs_visual_and_linguistic_review,True,not_reviewed,False,[],46,0.826,0.0,0.826,3.68,60f7a09106a2a393c5350e93afa0cddad1be1e35e22076a5eea11e562e2e0feb,True,57ddaf6da10bb28b3a075229c583002d102d07311d02459226d49602dbe47ce9,pending,pending,pending,
410,المن,staged_needs_visual_and_linguistic_review,True,not_reviewed,False,[],46,0.826,0.0,0.826,3.68,c3d24fce320329e141166602240ed9192031e6a7ad0b10ce05ac6969202d19d7,True,20553c45c4c7187cb23f47282501e02f195413afce33daf6c48c98c2dc51c043,pending,pending,pending,
512,حديث متفق عليه,staged_needs_visual_and_linguistic_review,True,not_reviewed,False,[],52,0.827,0.808,0.769,4.16,93d634f25fefc9eb32c270582703fbc503786863671616bcba87a06826313dff,True,9842105d1f4be78e3e0c5cded4d9f05ea11c7d7365a7567f81d43080bcb01b6a,pending,pending,pending,
946,مجوسي,staged_needs_visual_and_linguistic_review,True,not_reviewed,False,[],52,0.827,0.5,0.827,4.16,38326e9c53cf785f6bf8c7338bc2be809583b911d742b04948f3cd09956695a6,True,30d4f05097a258973f0a4221c4d84150dd84e0a9118dd454afb8436305f7d19a,pending,pending,pending,
674,صحف ابراهيم,staged_needs_visual_and_linguistic_review,True,not_reviewed,False,[],58,0.828,0.466,0.741,4.64,5fa62f553455ce01dfe8380301ef838cb9992cf1b5a690c7f7bbc850d33c4d9a,True,d99f2ea8e45b7e823c7d6270887f6d0216c43196802a3e12b9bb3455a075c0b9,pending,pending,pending,
768,يلملم,staged_needs_visual_and_linguistic_review,True,not_reviewed,False,[],58,0.828,0.379,0.828,4.64,e788be8b8ca6042bf7297958651fc623eedb7f7a68327cdfcfb21e2a31718644,True,e0b2856c4a23d32ef0bd82ee1de5c7474f0460137d3b7c20b902a29a388292df,pending,pending,pending,
1223,شفقة,staged_needs_visual_and_linguistic_review,True,not_reviewed,False,[],29,0.828,0.655,0.828,2.32,594755c8bd32c799bba78de34912d0872a7632d0b82f38a96488909a19b31c61,True,7c5ab5eaa3306bf6a7f817e05cc1af358b01cebeb4fe55910b5f20065e31f9ff,pending,pending,sampled_presentation_checks_passed,
9474,هي,staged_needs_visual_and_linguistic_review,True,not_reviewed,False,[],29,0.828,0.0,0.828,2.32,cd18f71b4a3b278930fb5c56ff5e2f4d64e2dbe2d98b5571702a754efa9d51e6,True,93d26c97a80b3d754ba9a95b3278f82590956ec6ade145daa26b79f4fef5277d,pending,pending,pending,
175,أركان الايمان,staged_needs_visual_and_linguistic_review,True,not_reviewed,False,[],41,0.829,0.512,0.805,3.28,7d454b48d282d95073404c3914b864117421a5d7487ef5468f78670a56226745,True,1040cc0eb600ed1002cbc324c6f8d8fc04553ac688a79d0ee77a95d11e57f3c4,pending,pending,pending,
210,الامام مسلم,staged_needs_visual_and_linguistic_review,True,not_reviewed,False,[],35,0.829,0.371,0.829,2.8,6fef90e3d26f7dcaa9553735ea67c1d9fac296f5101b71bef77e8038105d9ad8,True,8b6ebbee0305f4d163886f05aa5f6460e4517eb2c2b9478e97f72c2b046e7461,pending,pending,pending,
234,الجلد,staged_needs_visual_and_linguistic_review,True,not_reviewed,False,[],35,0.829,0.0,0.829,2.8,fe1afda975dd07e282bb8bd1f95b09a113e3becbb33c7aa3d5497ded9917e03f,True,0448d3e6723a8b592c769248f81c22b95ec9388a9327e270a40d473770437544,pending,pending,pending,
298,السواك,staged_needs_visual_and_linguistic_review,True,not_reviewed,False,[],35,0.829,0.0,0.829,2.8,3eacfe154388656efa778407997f9239b937b48c637bd2f9500b24af34da56b9,True,bf8a0f3b255edf2047f6aba2dfa61f48351369b24eb2721e1ba7e5a263055116,pending,pending,pending,
553,سورة الاخلاص,staged_needs_visual_and_linguistic_review,True,not_reviewed,False,[],70,0.829,0.371,0.743,5.6,00ab0b3a93d55eb0b453884f73216c994a5e147298eae9c0945af43828a57734,True,4833f2d2b2f56bcbca0e845d2193a74251ad026d187d809f945105aa6f4c550e,pending,pending,pending,
808,جائز,staged_needs_visual_and_linguistic_review,True,not_reviewed,False,[],35,0.829,0.0,0.829,2.8,67672e3d44997fd85b9fbba9d0908a62d56a394f9d695cfe32a32b0921066d4a,True,f0b63d6e701ca50baba8a8d82a7c5cddcd0490d1fc768d1b5d4654d08072fb67,pending,pending,pending,
861,سوط,staged_needs_visual_and_linguistic_review,True,not_reviewed,False,[],41,0.829,0.463,0.829,3.28,b1b70340e5c93e21499291a3557f54f9288b023111c1688a532b30d0e30f8f21,True,5d3327fd01cde5217df6105f695ae02d4500b779487aa16672f8e2c9815583fc,pending,pending,pending,
887,صوفي,staged_needs_visual_and_linguistic_review,True,not_reviewed,False,[],35,0.829,0.486,0.829,2.8,f8e4a9638197bf662569aa1c3dc38cce238f78968b191a057dfaaf2937df87c6,True,87712f73ec2c233da3a86700e6c67047bf0707d1d47047f228b586ad88841e82,pending,pending,pending,
911,غلام,staged_needs_visual_and_linguistic_review,True,not_reviewed,False,[],35,0.829,0.0,0.829,2.8,0e122ef625554cbf6d214a8c6e414a64af41ea86f8f984aadd13cff836fabc6c,True,d51191ce2f6ac50041619b682c420f0dddabe9d83812852b3fc1554c2bb7d1ca,pending,pending,pending,
945,مجاهدة النفس,staged_needs_visual_and_linguistic_review,True,not_reviewed,False,[],41,0.829,0.585,0.829,3.28,eb3d3d1167ca55a94818558866361f750fd85d0cb04ce3b6c1322522763c7364,True,da579c8d33496f9b1757262f1e65f26e7f2a3e9030c38c8cda661349aee7e7fc,pending,pending,pending,
1051,الألفة,staged_needs_visual_and_linguistic_review,True,not_reviewed,False,[],35,0.829,0.514,0.829,2.8,817c800e2969803966f2cbc030aa9062a3bc28f8e8797126f2e72622780329fc,True,5d74af37dc8e50099a97043b076f56be15b02d903b0e32d59a9a60d5cf476695,pending,pending,pending,
1083,التحدي,staged_needs_visual_and_linguistic_review,True,not_reviewed,False,[],35,0.829,0.0,0.829,2.8,20c5ffb2fdf1c591d67f0c1b74fd732f502feb1eb7583e01d448d10c50e18a2b,True,addb71443b07e0f33a97dc024fcd798b30c11c1aa02806feaeec086341f21da7,pending,pending,pending,
1117,التواضع,staged_needs_visual_and_linguistic_review,True,not_reviewed,False,[],35,0.829,0.743,0.829,2.8,15578160295a35ca9a3788175e2c0beda23f0e0f9ea767462c30cec1815eede3,True,d46ae593bb7ef8949c28e0d4bdc5b7f3c6d2c7a60aa7ad9be72bc53679da4eaa,pending,pending,pending,
1144,الحرب,staged_needs_visual_and_linguistic_review,True,not_reviewed,False,[],35,0.829,0.771,0.829,2.8,40e5c65934e13c47dc71729d41f4e80b7102ca2a9c35b76c6ad66e0c8cc99c60,True,0c8d983d162d93ed1ee7aee7ff3862a913fca390fd658cfc5177964b542e7372,pending,pending,pending,
1198,السخرية,staged_needs_visual_and_linguistic_review,True,not_reviewed,False,[],35,0.829,0.0,0.829,2.8,bb1a2fed32027b2235ead38bcf2639b311da1678049c3aec0cbe2c006e0294d1,True,70a34a4447aac5301bb3ada068b50e0f63ffc344bbad345323bbc819d01b034a,pending,pending,sampled_presentation_checks_passed,
1276,الفرح,staged_needs_visual_and_linguistic_review,True,not_reviewed,False,[],35,0.829,0.829,0.829,2.8,29d83cfbdff12c4c58f927e55757995bca95133146d003eae10718c459c97041,True,8ec48a2b5f89684fafb4d7d74fef15dc61d5943abfec45e9bfddb99baf353df8,pending,pending,pending,
1583,الرحم,staged_needs_visual_and_linguistic_review,True,not_reviewed,False,[],35,0.829,0.457,0.8,2.8,3e0bd54e2e05eb3107e27a98cba3d6c9eddb566ebf2b473618cddad3c6684bf1,True,75dfb99c332aa32abfe46fe827206e2775290191b89e6284e1d8c2b64ae03933,pending,pending,pending,
5738,تمثيل,staged_needs_visual_and_linguistic_review,True,not_reviewed,False,[],35,0.829,0.829,0.8,2.8,44a5848d0d2c71b3920016c1239119c2013960204f5d85fb3c37c423fde44769,True,be6711478b36e88ce62c141097cdc7117159662a1d861b44ad1faee57a1be0ca,pending,pending,pending,
9098,كتابة,staged_needs_visual_and_linguistic_review,True,not_reviewed,False,[],35,0.829,0.829,0.686,2.8,755fd4aa31254c6346c70bcbb5540c37cb77619332745ffa32a96469d00d73ab,True,39281062b4b17bdd3ce0a78a6c34b4b277ec83d2d7eb958d74e01c81e5682449,pending,pending,pending,
12520,احبك - احب,staged_needs_visual_and_linguistic_review,True,not_reviewed,False,[],35,0.829,0.0,0.829,2.33,2756d82a7cbb68b87a6148fa881ba04b5a28566cfdb8a32bb600ddbf6c945d27,True,e6cce55d0ca07002c3e17121e368bba8fb45b7d01b89c781caa04d05ce3f0965,pending,pending,pending,
551,سورة الأحزاب,staged_needs_visual_and_linguistic_review,True,not_reviewed,False,[],53,0.83,0.83,0.66,4.24,d7b94e899c4254a5c1bec89d7897c93bb6be7f6d81e3ddaf357bbf924f61f692,True,328be1f358453e64de3b801678215f785da0cf9d9774428d8ce4d0de088cd1fe,pending,pending,pending,
769,يوسف عليه السلام,staged_needs_visual_and_linguistic_review,True,not_reviewed,False,[],53,0.83,0.151,0.811,4.24,6727a95a73cf119918a0cc470b5b3d87c1e40b760dae9a62189bb4610c59c076,True,5cb2446b71d78188ced0a0466dda5f2597e164c2471d9b63a57c71ce9fe42943,pending,pending,pending,
1038,الاستهزاء,staged_needs_visual_and_linguistic_review,True,not_reviewed,False,[],47,0.83,0.0,0.83,3.76,3ca063b5355ef1c2d8a7ed5ac667cdf6c6e2ee4829b536ea9464f6588b61d84b,True,ed31ca892ab232242718d40a7ffb6530c7572276c21df4caf9921fce8c1fd034,pending,pending,pending,
223,التقاعس عن حماية الدين,staged_needs_visual_and_linguistic_review,True,not_reviewed,False,[],71,0.831,0.676,0.606,5.68,234a543409127f42e5f60762048948179ed83bebd11a6e5089e672b52fcc7594,True,e3ec06bb7d8e790eb2175dcc866b329091de6f0f55c4fd6e5ad2c0dbe968a2b6,pending,pending,pending,
173,أركان الايمان الستة,staged_needs_visual_and_linguistic_review,True,not_reviewed,False,[],54,0.833,0.389,0.778,4.32,d8911fac86deb0238c5ccceee6ef0ca2cf087ec0eec09a5a87a14a6729374f86,True,391d8e7f587b592175cf9a22c52a892be7d870d7ea7b17c6078c9809dd5dc3bf,pending,pending,pending,
207,الامام الترمذي,staged_needs_visual_and_linguistic_review,True,not_reviewed,False,[],36,0.833,0.333,0.833,2.88,778398fac2a38802e1e83b5009b708ea0cb6cf34f2ccfa315536a39f5e699e93,True,561a8a2506039e6d80f2c76ed1fe6ccf7391bf2b3f52f4ad822555badc26dc5e,pending,pending,pending,
220,البول,staged_needs_visual_and_linguistic_review,True,not_reviewed,False,[],30,0.833,0.0,0.833,2.4,50a286a97f85c30fe775bbf65243ef3b394586a51553d7c492b6eae622b7837d,True,eff4995a344cce6f59d8cf03f65e6660d45b21768d42467c7919b5220255e160,pending,pending,pending,
267,الداخل,staged_needs_visual_and_linguistic_review,True,not_reviewed,False,[],36,0.833,0.833,0.528,2.88,0f411ff2f2bd19ea5257ad00c922537bffcaa0cee81e6bf0151f7f50b12316f7,True,1071577149cb464990199127fb0d8f10146f1664ee45feab11006565745a8374,pending,pending,pending,
302,الله الشاكر,staged_needs_visual_and_linguistic_review,True,not_reviewed,False,[],48,0.833,0.021,0.812,3.84,22cca38489f846f17b01d719169e0f2ff8d299a25daedbffdf2e0c9c44c87e9f,True,f65f82916885e94a99333c0e88f51317ef5ba92d2bf11e1835ec578589db613c,pending,pending,pending,
435,الودي,staged_needs_visual_and_linguistic_review,True,not_reviewed,False,[],36,0.833,0.0,0.833,2.88,0abb235e4e06541c177828db9cb74098087804a023c44627f39b1ebaa596c602,True,675c4e77901a5d1ee46e7ff99808de68f9b489e059fa0b3c14fd0aff69377f48,pending,pending,pending,
493,حد الختان,staged_needs_visual_and_linguistic_review,True,not_reviewed,False,[],36,0.833,0.806,0.833,2.88,4042229a59119c7dca6340dc4c318b6d671e4861025a5e87353efc0d50462de5,True,dfe8a094b6f5054fa3ae133fa183a52b707cff19554444f6a9abcaddcabdbe78,pending,pending,pending,
516,حمام الرجال - دورة مياه - رجال,staged_needs_visual_and_linguistic_review,True,not_reviewed,False,[],36,0.833,0.0,0.833,2.88,f020cd71b5e76dd50b71a0c9534c59422effa6acb38796bc99f0f04a9aa0ce25,True,b52d77f1dcdeb0a21b8d2dc166886ff5d82251e78f71d6aca5f43cddd8c24aab,pending,pending,pending,
688,علي بن أبي طالب,staged_needs_visual_and_linguistic_review,True,not_reviewed,False,[],36,0.833,0.833,0.806,2.88,aa446e577e6f74aa651ec0543b7f205e896fc2fa24315024bf3ec16a9861b9e0,True,15cf6dc15795d1d538a8f178d68952297889ef275e6877289a1f44f74e75aef4,pending,pending,pending,
818,حسن الظن,staged_needs_visual_and_linguistic_review,True,not_reviewed,False,[],42,0.833,0.0,0.833,3.36,ff71c263928610201a9f251a8c2cd18ba806b2c91f8bafbe063f289bc3286f99,True,e7dc9f085a1a7254fd28b7719716218d417afbe6bacd2f22e3c5bbd5445e48cd,pending,pending,pending,
823,حفظ اللسان,staged_needs_visual_and_linguistic_review,True,not_reviewed,False,[],36,0.833,0.0,0.833,2.88,492b852d2428c2f831705ecc3da9d600c8739230d975cb41b307fc4b884c25c7,True,4ae1a7d043a73a97890f7101b6a115d138a145df0a8565a71e43a89b70e479d0,pending,pending,pending,
867,شروط,staged_needs_visual_and_linguistic_review,True,not_reviewed,False,[],36,0.833,0.833,0.667,2.88,7f76011c625a00c63be10f3b5e7318dbafb1f2536040252eca5fe9a36bf06a2e,True,0797f372968764de8a9c9e9cc343951118517ca6a22cdff75fb779c7938ad607,pending,pending,pending,
982,يهودي,staged_needs_visual_and_linguistic_review,True,not_reviewed,False,[],42,0.833,0.19,0.738,3.36,00e9d45c79489db925fbb9fddae2857cf4fb1ca86980892085b68bc8125a82bb,True,0ad077a7d76d89b2eff31f5e0932418f7f4ead81413884c5e05567c081bfced1,pending,pending,pending,
1002,أشعة الشمس,staged_needs_visual_and_linguistic_review,True,not_reviewed,False,[],36,0.833,0.0,0.833,2.88,111cf2a279522a8ad530da9914be3d93cd66856caa7307a7c9c9d9ce61b7fbf5,True,4b162b111feb2a8b71fdb7ef2bd77ad2f89c0e4cf7492763a33da5909c8c0ec9,pending,pending,pending,
1016,إفراط,staged_needs_visual_and_linguistic_review,True,not_reviewed,False,[],36,0.833,0.778,0.806,2.88,477ee14db20577c314f695c7994575dbc169e8d39f7b022d0bac4027a0d6f1da,True,3993cfb428661f7f34305578361921b651df0a3cb97a57bf28c5079fd0e5e415,pending,pending,pending,
1018,اكل الحرام,staged_needs_visual_and_linguistic_review,True,not_reviewed,False,[],36,0.833,0.0,0.833,2.88,6c04f6264595b07cba6c2bce2fc6ee6a957c50f286de33bfcbf6e2d91602d762,True,29145a3a3828f22e56e41487a04f58a51f4f4032d591421eeef11ddb9cdf6675,pending,pending,pending,
1097,التشويش,staged_needs_visual_and_linguistic_review,True,not_reviewed,False,[],36,0.833,0.778,0.833,2.88,d44cadf2b4ff029cd66c503c80749cb38a3b8fc9750b1683dceea6ed6f49bd9c,True,b60f21ff7c219273f58b31d1593149571db7854dd02295db29a154acc6705323,pending,pending,pending,
1098,التطفيف,staged_needs_visual_and_linguistic_review,True,not_reviewed,False,[],60,0.833,0.567,0.783,4.8,0adc1dbec566a0c07a1409aecbd7de5c881a5257abee2eef9ff5cc6ffe654c5a,True,ccd2cbbbc01b3be526765ed8faad7024847154a218df5251626b72478c343599,pending,pending,pending,
1107,التمديد,staged_needs_visual_and_linguistic_review,True,not_reviewed,False,[],36,0.833,0.833,0.778,2.88,6dbc4f464dadea82c20116931686765e5a68b0fce39fcb92a9e9f76dab44d00e,True,66c56e7821d15e7bd44d21b7bb730d8a6d7031bce4abdb5e5368a69cdd61b9e8,pending,pending,pending,
1120,التوسط,staged_needs_visual_and_linguistic_review,True,not_reviewed,False,[],30,0.833,0.0,0.833,2.4,0d4697a3ddfd0e9c21138c177e6b63706cd54787b589b0ec4b8b4bdecd0fd902,True,8cec165df0d3f4d727277452efd5ec02428503963baf808f979c9c4d49879d7e,pending,pending,pending,
1140,الحج,staged_needs_visual_and_linguistic_review,True,not_reviewed,False,[],42,0.833,0.81,0.786,3.36,1ca006bd0e428d34f11e1467184e768d4c4f81dc93f0f60b51c97de13b207cf6,True,2b1ce06bc52f5538ccf124986c044e6c9bf8afd00b38da2bac1fd47c86ee9bb2,pending,pending,pending,
1450,بدعة,staged_needs_visual_and_linguistic_review,True,not_reviewed,False,[],24,0.833,0.0,0.833,1.92,d9b241c1c0e11f9521c486639d38093e83b1368e86f042663ac0ec81a4800f83,True,46d4b83ab622233ff6db784beba9f43558a9d9bbd3f6f9ae8292cd9566e8f03b,pending,pending,pending,
1478,صلاة الاستسقاء,staged_needs_visual_and_linguistic_review,True,not_reviewed,False,[],36,0.833,0.5,0.833,2.88,76dcad2d1e32e41e21d423223d713f75e2b70547e2210fbfa96fe7e0b80ce6c9,True,0fb25bc96f4e2d45937fd58741dcdcaef821a8b785d8c618fdb96029b932c08f,pending,pending,pending,
1499,قمار,staged_needs_visual_and_linguistic_review,True,not_reviewed,False,[],36,0.833,0.361,0.778,2.88,0a6477b5fe2507ef414b50f161ac2069d520828cd32d2f941d7cffbc09643d59,True,e5296665877fe9cba4b53344215212c3744254e13c1acf5d469eb34af2dabcbe,pending,pending,pending,
1533,احتطاب,staged_needs_visual_and_linguistic_review,True,not_reviewed,False,[],36,0.833,0.833,0.5,2.88,f034077a8978c41fb0ff8e8d495d59e0a84f95c8df4fd6370cd6706c3e0a3436,True,82fb1a643698578bffc43f77f29d6e24c23804cfbe522b8664a7d8e140e33a68,pending,pending,pending,
1547,استحمام,staged_needs_visual_and_linguistic_review,True,not_reviewed,False,[],30,0.833,0.8,0.767,2.4,f54f63175962c3bca66f0c254f929ce0c0d92254d497467dde783a459ae2ccca,True,33f213520a17ca7fff081b0aaf49a150247ba585633855681820fc01b6fd3c7c,pending,pending,pending,
5187,غدر,staged_needs_visual_and_linguistic_review,True,not_reviewed,False,[],36,0.833,0.833,0.806,2.88,a7398af3d861eac951bf36541aedc25e1ae9fb59d353c9c4f03f310106299a92,True,dd015cb7b6c89520c9aa82acb1bc758b2904df7f76569ff5dd7932a7c89cd6f7,pending,pending,pending,
6144,عدة,staged_needs_visual_and_linguistic_review,True,not_reviewed,False,[],54,0.833,0.407,0.685,4.32,9fc378a2969b4319290a99be2ff58da4410de50d7276cbbc35855f8965728795,True,3aba864cfbca7404a07f5d3d0a5f76b31462732b0a45ac2bf66a70195f6f993e,pending,pending,pending,
9995,جامع,staged_needs_visual_and_linguistic_review,True,not_reviewed,False,[],30,0.833,0.8,0.833,2.4,1d174730bd3d252fd277ece03507113c50fd557929038c851e301c6993a73da4,True,a0b3a51a76129bc3ea0ce2a9d515124e164509f3fc8db76dd9b5a9f652068c93,pending,pending,pending,
247,الحكم بغير ما أنزل الله,staged_needs_visual_and_linguistic_review,True,not_reviewed,False,[],61,0.836,0.295,0.672,4.88,c626b5271f560e4d71f05ac8249e68e4b8b18b487043f19aebc7a867757e6977,True,fa855e84ded1f0ff1cc0da994726680ebea64d7ead70cbe4eb786ff84b9f609e,pending,pending,pending,
651,سورة فاطر,staged_needs_visual_and_linguistic_review,True,not_reviewed,False,[],73,0.836,0.438,0.836,5.84,ee735dc8368d6b15d94733346e874b629d19deedb1ecb1df10bb2f0189064dba,True,a7f9441c725c245c93f6f6b5de3a609da4e47932c5caae46752ae5333cd60651,pending,pending,pending,
756,هارون الرشيد,staged_needs_visual_and_linguistic_review,True,not_reviewed,False,[],73,0.836,0.521,0.795,5.84,29d4e4f61b05f98f69451e5029efd6d51bc7a475deee18feddae2ab87ef83cf6,True,867d0d2678a424c563b1736255ea04c5b094849fe9da4e83490fab49c71dcb32,pending,pending,pending,
770,يوشع عليه السلام,staged_needs_visual_and_linguistic_review,True,not_reviewed,False,[],55,0.836,0.545,0.364,4.4,2ca4def9345b6cd1339c2f24eca873734b7284e7e10d9ccb6c092cd1f5dc1ae0,True,5147b5415dcb9b68bfb9eedb046eb5723466f9424c82b5d503ea29f4a46743a6,pending,pending,pending,
326,الله الظاهر,staged_needs_visual_and_linguistic_review,True,not_reviewed,False,[],49,0.837,0.755,0.592,3.92,72abeedcdfe27aaf7ddc0cb1ebb64cb5d5f90a2b6cfe0f8e85f73823949523e1,True,db588ce77ce60bd3d5072fe34a3a04a24ce396d3a13b0d9d9ca422fdea905e96,pending,pending,pending,
344,الله الفتاح,staged_needs_visual_and_linguistic_review,True,not_reviewed,False,[],43,0.837,0.558,0.837,3.44,9073649261bb208547994d0f30bb68c9b90958013b66ed146d9f28aed582ea72,True,0c460a4453a1e4813c488b02efadcbdde0e03c07269c7f7cf156e79a27bcaef3,pending,pending,pending,
686,عظم الله اجرك,staged_needs_visual_and_linguistic_review,True,not_reviewed,False,[],49,0.837,0.388,0.816,3.92,7727e992c36c3def18f93fad5b734df9156f0e72925411abc6585d02ee51fa73,True,92e67539873163e66d5747e0e231526ca3f97473f859ac4835d5c950ad8ee9b6,pending,pending,pending,
795,تفسير القران,staged_needs_visual_and_linguistic_review,True,not_reviewed,False,[],49,0.837,0.531,0.796,3.92,0c54c3fd392d7dc32b897837893e61600a1dbbf718d56f737d160ce960090c10,True,1942e3d656e4e80a4297c501b198adf2ba1123b183d965f3e2299a3a9d325b08,pending,pending,pending,
951,مس الفرج,staged_needs_visual_and_linguistic_review,True,not_reviewed,False,[],43,0.837,0.837,0.628,3.44,826371e5e61805e1eb8a2ea9ea6b2b83dc18285caa248eb4d1b9539c27ff463e,True,fd77e59dfdedbbefdae7bab05eac91c4e41f45e339c69d2e8220f2455e1fbbc7,pending,pending,pending,
251,الحلق,staged_needs_visual_and_linguistic_review,True,not_reviewed,False,[],37,0.838,0.027,0.838,2.96,5aba56ed5a8d90d274cdc7906166379ddc3c8af1f99f4e43f91099932e1171d0,True,28f3d91d5b73cd550a78a9d8700cc13eab4913a41c57ebf5c1bb2fbb92803049,pending,pending,pending,
287,الريح,staged_needs_visual_and_linguistic_review,True,not_reviewed,False,[],37,0.838,0.0,0.838,2.96,23aab4a575a15a895ae258dc2095739bd7efcec12000ee7ef1d39838537a76eb,True,51a46cfb2aa4ab9b4814a5c8b791d727e77a7b845e7102a2d0782fc8e6f393a9,pending,pending,pending,
339,الغائط,staged_needs_visual_and_linguistic_review,True,not_reviewed,False,[],37,0.838,0.811,0.676,2.96,428f7f4e4ebb7c2c24492df518e312734379e16512de0f5cce1b317d6bdc40ef,True,9cada029e1327ba724f6b0d42f2e9e5a230540cf556a4da52b28d5228c0887d3,pending,pending,pending,
507,حد شرب الخمر,staged_needs_visual_and_linguistic_review,True,not_reviewed,False,[],37,0.838,0.432,0.838,2.96,819a8f44851a73b6cb8b1d6d63a5c65e18388a029e54650d0d392e0b5dbf82bd,True,f5aec6a07dd274a7d34fa4402670b44da122418d5f52b63ac8e389e9deb2b9a9,pending,pending,pending,
720,الكلم الطيب,staged_needs_visual_and_linguistic_review,True,not_reviewed,False,[],37,0.838,0.0,0.838,2.96,9cb051d0303c1513ba8e4029daa35948b0fd09754e04057a4ae211fd3e75482a,True,1d662e6a85450199eef68d013566e1c49975f08ed17e3d20019e34a180de25bc,pending,pending,pending,
822,حفظ الفرج,staged_needs_visual_and_linguistic_review,True,not_reviewed,False,[],37,0.838,0.838,0.811,2.96,98161f7b05a6117fb183fd6d318b374b3582493ec70ba2f80660e16bd0e70b36,True,c597003973d385942d7000d5c0a289b4ea0df1ccdb6eea62054d47e0a3887449,pending,pending,pending,
847,زوال العقل,staged_needs_visual_and_linguistic_review,True,not_reviewed,False,[],37,0.838,0.0,0.838,2.96,f34c5bce365ca80257980942563074959de033128971a8e0b51520e462b2e96b,True,d1aa209aac67abd26469743c6f5f8c20e1e17568b703774ee811953ec0496be1,pending,pending,pending,
1056,الإنابة,staged_needs_visual_and_linguistic_review,True,not_reviewed,False,[],37,0.838,0.0,0.838,2.96,f74c34eb5f453dbd811353c8847257a725fa01a7453a6ac73ef804f228ddb441,True,e2e4db95612e552218e44b1d7cfb5046142c78cbaf96fb42ecdb5bafaa76bb3a,pending,pending,pending,
1138,الجوع,staged_needs_visual_and_linguistic_review,True,not_reviewed,False,[],37,0.838,0.0,0.838,2.96,812e1fb75523ae8c5f569d806c67beb22f3724e93fcfcb00905d0e01965eba41,True,e0ecdaa7c1b154b8398110faef16cc2c808c709069cf5dab0da5f3b1289ae665,pending,pending,pending,
1191,الزمن,staged_needs_visual_and_linguistic_review,True,not_reviewed,False,[],37,0.838,0.784,0.811,2.96,04c16da5b70746ace04c6c64f832f58401549ccd572204d5f42c5143bcfa4fec,True,bf6a65fcb365c9c101d33de886b2faa820d7dafae3791a21990a27afbabb0972,pending,pending,pending,
3883,تقصير,staged_needs_visual_and_linguistic_review,True,not_reviewed,False,[],37,0.838,0.0,0.838,2.96,4515237be7cbd31b708f2293700e9f30a32d30b0b096065930e326cec240c942,True,5492aae4d8f5efb8c5ca913ba411e2bba1e41d72aedd62837a474e6f2200bac6,pending,pending,pending,
8383,أمي,staged_needs_visual_and_linguistic_review,True,not_reviewed,False,[],37,0.838,0.486,0.811,2.96,0c8e131091ebb16ca87b0e548ffbff0bf4bd4a6ece96ad4f146444f15603797b,True,1bebb861653627135364bb0ac6cba1e17122d97a7441ab21d412d5cbed76727e,pending,pending,pending,
9556,الاثنين,staged_needs_visual_and_linguistic_review,True,not_reviewed,False,[],37,0.838,0.0,0.838,2.96,6cd58e65af13e0fd28eda685f64242fe2ed0f1e3cdaa124d675413345d2258ce,True,ac50c355980525fbd88400d257d29f65982dd31c485e3869b239347eccb23435,pending,pending,pending,
211,الأمر بالمعروف والنهي عن المنكر,staged_needs_visual_and_linguistic_review,True,not_reviewed,False,[],62,0.839,0.677,0.661,4.96,bbbe17b91a18bc2e878d6c583f9250bc0ac19cbfd9afb944b8435c5bd95186ba,True,11a030a82e392b5ed71c31185d87dd9129e1331c241891f25c1040413222ee35,pending,pending,pending,
226,التلبية,staged_needs_visual_and_linguistic_review,True,not_reviewed,False,[],62,0.839,0.661,0.806,4.96,66a6b9d142d99313fc3e1b43dafe92a9827d8415653ca4a0f37e2e5da643d731,True,fca315a652e6d61d42db9cfe7de6086708d9451932127e1e04691bea77129e82,pending,pending,pending,
682,عبدالمطلب,staged_needs_visual_and_linguistic_review,True,not_reviewed,False,[],62,0.839,0.032,0.806,4.96,6ba2baefccd475059015c95d9ad27911c9cf9a2838b8df26d08106c19b7d7449,True,deb576d5c80a47dc079909208c776524ff4d3e54b0ea45a71fa249b607d7a8e7,pending,pending,pending,
1154,الحكاية,staged_needs_visual_and_linguistic_review,True,not_reviewed,False,[],31,0.839,0.806,0.839,2.48,9426d5fb48fa670cce724054357993a1a43d0a778e95419336f83b9448db082e,True,5bf7285abdff8fe092169bfa1d30828914b2d1ee621cb1a89b4d6f4e49fd5096,pending,pending,pending,
710,قد قامت الصلاة,staged_needs_visual_and_linguistic_review,True,not_reviewed,False,[],50,0.84,0.82,0.82,4.0,04a031024a8829b3ab230eecde68bab10420693ac6f6be0c11e6653f6c598d42,True,afa7f2c13923ce5ebc68e18af357f7a1f84e4fdec5e75209df316724eb709485,pending,pending,pending,
394,المزدلفة,staged_needs_visual_and_linguistic_review,True,not_reviewed,False,[],44,0.841,0.795,0.773,3.52,e0a70a9456bc2df0d3ddb590f9fbaa5f651bfb829072edfe9c6238cf11630f14,True,1c2557ed3da8996485e9c502e545623972013016dd6973cb76479f559e70ebde,pending,pending,pending,
492,حد الجلد,staged_needs_visual_and_linguistic_review,True,not_reviewed,False,[],44,0.841,0.318,0.841,3.52,a552e17e29be88bd148072bfe4e1c5554a1b09d883db12a3ca0c81fade9acea1,True,23db29e21ffb71c0727064b4529f231e77f095b95322fc200d937844db088490,pending,pending,pending,
541,زكريا عليه السلام,staged_needs_visual_and_linguistic_review,True,not_reviewed,False,[],69,0.841,0.594,0.594,5.52,ea3e6f0bae777c40254b27d43f1cd807dde90bc5173fa73f220412d184306212,True,83d70aad2e1aa06aacc929b038497d2c89430d4478f43ef0e62d2a31d4aa8b5f,pending,pending,pending,
631,سورة الملك,staged_needs_visual_and_linguistic_review,True,not_reviewed,False,[],63,0.841,0.222,0.841,5.04,1ef1e25de77ad228434607ec3af926e6507e9244da1ada5f783541fa8bda2fa6,True,96f83b22c31097eccaef1ecb46afd959981852fc3142c2e7e83e2b40ee41c2f1,pending,pending,pending,
699,غضب الله,staged_needs_visual_and_linguistic_review,True,not_reviewed,False,[],44,0.841,0.0,0.841,3.52,93ee0a9db73bdcc6dd3d525f27d52b4c5723b1af3cd685c8ff08e482648b1780,True,a3b1e174be6f3471e02e15c94c6d9aa8b0adc546e50f9adcc534fab0d6162b6f,pending,pending,pending,
738,مسجد عرفة,staged_needs_visual_and_linguistic_review,True,not_reviewed,False,[],44,0.841,0.773,0.841,3.52,da763306d37f1b10dd27f9b71956f557d07508e52dbfb81b301a9b9adc4e5f04,True,8d0849b298eed08afcae189a138eda8df0678a9205d7454dda1363673f0fb2be,pending,pending,pending,
787,تسمم,staged_needs_visual_and_linguistic_review,True,not_reviewed,False,[],44,0.841,0.5,0.795,3.52,69368dd804d15da54d5a3d72591ad38c7be7788d26dcb2e442467225a5dd822f,True,298cf64810849961e1d96a2a3f0e74d63c3fb923712662329f99060ffc0cdcaa,pending,pending,pending,
966,ملحد,staged_needs_visual_and_linguistic_review,True,not_reviewed,False,[],44,0.841,0.0,0.841,3.52,f0da11849235f42b5da4732f992b5184d78b12cff909fb198dacab0efebb6a5b,True,53aa76d137bfcfe03e9a4543def111cd836cbc09f12ba2b0f19b8f8c13d4a607,pending,pending,pending,
1175,الذنب,staged_needs_visual_and_linguistic_review,True,not_reviewed,False,[],44,0.841,0.841,0.727,3.52,fea55c47f6f188f9aea4640a7480b4029378789b6a21f82743339922c82bd074,True,70b3bcdea7d3d7f0b05de4e924533b91cfa693ec519d686e7aaef28cd49a9dfa,pending,pending,sampled_presentation_checks_passed,
412,المني,staged_needs_visual_and_linguistic_review,True,not_reviewed,False,[],38,0.842,0.0,0.842,3.04,afde053f822383676736bea58eb4aff65fd9b01cd4be8596d37be5b03c664938,True,5a4fcbc8505473ad36b32e91d0b2a61d8373d85825a301987bb493892e3c2560,pending,pending,pending,
497,حد السرقة,staged_needs_visual_and_linguistic_review,True,not_reviewed,False,[],38,0.842,0.395,0.842,3.04,f58411454592f0530e4fa385f53d0f254f96e8ea86c7e2937e6ccdecc48b6148,True,0d43b8fd9abdbeb4b95ce69a02e94fd7720db0df69f3e2e19caebae8e329d1ee,pending,pending,pending,
775,يومئذ,staged_needs_visual_and_linguistic_review,True,not_reviewed,False,[],38,0.842,0.5,0.816,3.04,762162e4d3790fae67618f0e8cf5dd8933ba28a103c80719694c1fe72a9d4a0d,True,cc3f6f5e41a0f3c9278bcbd22fcf42ee568c4ac5ecdbbe92c0a594316333ccaa,pending,pending,pending,
807,جائر,staged_needs_visual_and_linguistic_review,True,not_reviewed,False,[],38,0.842,0.763,0.789,3.04,536e1f9bd67562c6a548772c36ba93421c5ae1a86cc4988324da13a959453027,True,08cff22d7c182daecbde107cd7f47934cb4cab83473329e5a81c2d7a0ef6acf3,pending,pending,pending,
824,حق الجار,staged_needs_visual_and_linguistic_review,True,not_reviewed,False,[],38,0.842,0.816,0.816,3.04,63b8bbd1712109b37362e1953420a93143c4a8e2ee309215b0f46dc1806988c1,True,5fc5e9500490626ddfe2816f64639b5ea725171a769de034830cb1152c81a009,pending,pending,pending,
854,سني,staged_needs_visual_and_linguistic_review,True,not_reviewed,False,[],38,0.842,0.447,0.842,3.04,efacee0214320c37e11f0b4580dbd9978c638d740fdbf82bcbd61943047b5de5,True,581994e21ca9b4687d6027bc935d79506c31abd24b83362f87900d62ef1f5047,pending,pending,pending,
953,مس فرجها,staged_needs_visual_and_linguistic_review,True,not_reviewed,False,[],38,0.842,0.842,0.816,3.04,fb47890277083c7fe152abb449d33a5f5bfaec3ab030a33d4f062f22e2045311,True,4f242a07841545d4dd2bd5b875a2f95fed751a1112cf97e931761e1c67f8c772,pending,pending,pending,
988,اتهام بالكفر,staged_needs_visual_and_linguistic_review,True,not_reviewed,False,[],38,0.842,0.0,0.842,3.04,a4cabd86cd4f3e8b8dfb20d9d33492539ea2633f94f7970825f399a1d5adb51c,True,81a39b32919fd64d2a3f34b06486cb25d77b3846959027625ddc682c3285c9c9,pending,pending,pending,
997,استعمال الطيب,staged_needs_visual_and_linguistic_review,True,not_reviewed,False,[],38,0.842,0.816,0.842,3.04,074f6007a0527cc2c8f08ba734fb20c822de8660657bf4495109e3fbf69195cc,True,9c387a66750b1c38fa3c3239686b8bf6c33446d69d7bad97b687eb9b65afbe5c,pending,pending,pending,
1025,الأحلام,staged_needs_visual_and_linguistic_review,True,not_reviewed,False,[],38,0.842,0.816,0.605,3.04,e02aee2d7bd774e67e0465475be19c7ba5f021de3f11ad5a1b490ffdc2d60727,True,b000502f54e528c84429fab773fdc8235d2ba8f1e479365c73cff0835db65458,pending,pending,pending,
1055,الأمن من المكر,staged_needs_visual_and_linguistic_review,True,not_reviewed,False,[],38,0.842,0.5,0.842,3.04,03c49fb8fcd20c031db7c9b89abe8f22ee589a3858e8a584b40de018bdfe8d98,True,363ef4b8752162e79ad9f3e39e505c5bda42f4c28eb1a1eb776051f4de50aaad,pending,pending,pending,
1061,الإيجابية,staged_needs_visual_and_linguistic_review,True,not_reviewed,False,[],38,0.842,0.421,0.842,3.04,76bfcf4dc0d84387546a19f91efeba849c2c1728e0e7d08f1d236a979ab3c2c9,True,4a1821953a14f75e4cb8e6a3d6f64510223a146de89ff8344d9973b7819ec77a,pending,pending,pending,
1073,البلوغ,staged_needs_visual_and_linguistic_review,True,not_reviewed,False,[],38,0.842,0.605,0.763,3.04,62aeaae9b4fb19b343f926970f367906f33b9f76ae70d7ce05bdbeea3181fae4,True,9dba8d7c4ff5b8a719a3bd13e0458c1243cce29959eb73bb280b58b391f362a2,pending,pending,pending,
1075,التالي,staged_needs_visual_and_linguistic_review,True,not_reviewed,False,[],38,0.842,0.763,0.789,3.04,168cf286e00a66344b768d1611a2f9fccb6c8e1b9089536064c926720c951d9c,True,88f2fd9cfae9816e120bb0e0fc6e63093738307c8a345034c2937855230f6b89,pending,pending,pending,
1137,الجود,staged_needs_visual_and_linguistic_review,True,not_reviewed,False,[],38,0.842,0.0,0.842,3.04,c347314574a245bb1d59706e06563a02cd532afd113bdbd4cf636ad5531c7f8b,True,38593fae55810d38951cd4d3e582a9877987a650d5a2e8a77c19dd3a49c32b76,pending,pending,pending,
542,ساعة مكة المكرمة,staged_needs_visual_and_linguistic_review,True,not_reviewed,False,[],51,0.843,0.824,0.824,4.08,260f508a0f3fc0417aae377a9e552b381a528091fb28032cd9f5227570345b38,True,0ff0abe794819beb2ca0d185b11cfcccf2be21d448b1fd3804677ce1ac7ef22e,pending,pending,pending,
594,سورة الشورى,staged_needs_visual_and_linguistic_review,True,not_reviewed,False,[],70,0.843,0.757,0.743,5.6,dd36e7222998691d2a0891faa05761575c96b740f617e35d903cce06e75f0784,True,2cd89e3da2059164d334685175f651cb2baf7436aedd3de106fa923df8bbb591,pending,pending,pending,
667,شرك خفي,staged_needs_visual_and_linguistic_review,True,not_reviewed,False,[],51,0.843,0.314,0.824,4.08,d1efd2cc968409ff94e18bbb9b38e312b9682c0f3881368e443e4e9cbdbae9ed,True,c04bee42de799a7ad6242f6109cc90fd94569faa0050ef19c90a19cbd08a8aca,pending,pending,pending,
379,الليل والنهار,staged_needs_visual_and_linguistic_review,True,not_reviewed,False,[],45,0.844,0.222,0.667,3.6,3be3cf30491f2305d764666e04ac2035b4ba0f1e02c0ec42c9df79f02a9854f9,True,1f7135e01cd1c536891fcadbaadc19e1a922bdffb609bdb017818f421729a7eb,pending,pending,pending,
401,الله المصور,staged_needs_visual_and_linguistic_review,True,not_reviewed,False,[],64,0.844,0.359,0.844,5.12,5630a00676b3fdeeaef83b3a5e52951714c002a93d79b84191bdeb4236900e65,True,85931d4d7c1f7ac3acc89508ca758d4ce0a8382810168a87e3ba61792c6c0a0d,pending,pending,pending,
503,حد القصاص,staged_needs_visual_and_linguistic_review,True,not_reviewed,False,[],45,0.844,0.533,0.8,3.6,601bf5bf94f8d3db2bbd36be1c82eeec743551a0e5fdb17a908a5d3962b3e841,True,3646e0b7be7a18478284f10cf39467f6c39ff4b4ab6ede889a6d0096903f457e,pending,pending,pending,
707,قابيل,staged_needs_visual_and_linguistic_review,True,not_reviewed,False,[],64,0.844,0.125,0.734,5.12,81cbf944b6bd705128ae7546e807da310374556c3fb495b19c84f0248bf20cb5,True,df3f16e01d55d5cd1ad5f07b859bc3e5fe127ec2a9c00c888dd478ddd29d9e97,pending,pending,pending,
819,حسن العشرة,staged_needs_visual_and_linguistic_review,True,not_reviewed,False,[],45,0.844,0.4,0.844,3.6,dc552b82f9f847379f1573f8b885f1d69671221196402a9bd8b7823b3159c397,True,22e87befb8342e391615d14c3dc456ef42d72b8363c0b7d3586b9bebc154c8df,pending,pending,pending,
843,رفع الحدث الأصغر,staged_needs_visual_and_linguistic_review,True,not_reviewed,False,[],45,0.844,0.6,0.822,3.6,5f65dd850b0d09c830136d4d53702a4e69a5d701eea0469ff14411e4ae952209,True,6113e02b6f581a6103f647703782295c9fee84b7918eb1250ae7ba74e58c7ccc,pending,pending,pending,
1112,التناصر,staged_needs_visual_and_linguistic_review,True,not_reviewed,False,[],45,0.844,0.444,0.844,3.6,9cc4a8dddd70cb431807090e47e45f318ae29f590f841e3469d04a82d3e26ec3,True,269fa3742e0b082207b778d323d156b05770947fb7697a5cca365fde8722ab9a,pending,pending,pending,
1121,التوسل,staged_needs_visual_and_linguistic_review,True,not_reviewed,False,[],45,0.844,0.467,0.822,3.6,beb41926cd1f7f0a5552daf94ea9ecc026d08263acc664c5dfc82e7e1c09fb7a,True,964b30730a05fad64c39ce53c14ea9cd46c9e4ecb7c81b05105d2dc9a6d7e969,pending,pending,pending,
10485,قائم,staged_needs_visual_and_linguistic_review,True,not_reviewed,False,[],32,0.844,0.812,0.812,2.56,125359ff0f87e25a05c9455fd7f0296c24c64d8d25739dc3078b162cee7ecb92,True,807a7eb8c590e30e9efea6d695499eabc4e33384b72405272a41ae122b4ca94c,pending,pending,pending,
381,ال مبيت بمزدلفة,staged_needs_visual_and_linguistic_review,True,not_reviewed,False,[],71,0.845,0.465,0.549,5.68,185a6dc2a85d92c6d9182105de9f4e5a2738482f7d6447c522f95a2bc81013b9,True,c6c7dc2f8770442cba15ca2a8d118ca8b2ff6aaf3112aeca895e6e9fc6a472a6,pending,pending,pending,
382,المبيت-بمزدلفة,staged_needs_visual_and_linguistic_review,True,not_reviewed,False,[],58,0.845,0.776,0.845,4.64,749747ad18e1b179c76387caaf97c072b4fd9fa831313fb8a823ab10662edea8,True,c6005d2fcdcbfb5a281b84a534440b24bb13896a07a5e09d3684afa0b583f537,pending,pending,pending,
160,أبو لهب,staged_needs_visual_and_linguistic_review,True,not_reviewed,False,[],52,0.846,0.0,0.846,4.16,f1e219c546e97f9a93d84e8f67361ea8f627fc9103772913965d72aafacd21e3,True,fd3082438cfdab7cc352dde0943167c7023cd71c59252481ac398a1a1507d12a,pending,pending,pending,
203,الامام ابن القيم الجوزية,staged_needs_visual_and_linguistic_review,True,not_reviewed,False,[],39,0.846,0.385,0.846,3.12,40aa59d9c733077d16d8045e3c7a90045cd720b1d818415b580e239ad9486254,True,2963e7d1922a7ed72bf1f3e7a0d6867603e2a75642dcdf69a1da19b3d5e39f03,pending,pending,pending,
295,السلوى,staged_needs_visual_and_linguistic_review,True,not_reviewed,False,[],39,0.846,0.513,0.846,3.12,f61440ab41b43ae38b563e0438e53405082a0038555f951c8a7a8054109d350c,True,dd137e7cb2e300a1407095c656d915d6c77348e5f4f2ea8ce4e98e4901aaad04,pending,pending,pending,
321,الله الصمد,staged_needs_visual_and_linguistic_review,True,not_reviewed,False,[],65,0.846,0.631,0.554,5.2,e0e87c16174b0e58819f1b6a9eb145fb0a49c9453bbc8310fe4c440e828c6ca7,True,2a39b9dc1811ff22475c3d70654fcb76c1c0dc5bf312b8eef287ea1104582147,pending,pending,pending,
345,الفرار إلى الله - اللجوء إلى الله,staged_needs_visual_and_linguistic_review,True,not_reviewed,False,[],39,0.846,0.051,0.795,3.12,403b86f268a3a0317fcb8b51083da692d10c98f686085038144d38128725dbeb,True,99c749298a6da62ba65b05ec103e2def5ba79065df765c6b89cc048482218d82,pending,pending,pending,
360,القصاص,staged_needs_visual_and_linguistic_review,True,not_reviewed,False,[],39,0.846,0.41,0.692,3.12,6095928cfdd450709d83ada69159cee3a88981828e46be2ccdfe6d56bdf82ece,True,dd7be5c67a6f781cfe35e16de8d08dc4cd1899282d85f7f9b03113f687770cf9,pending,pending,pending,
404,الله المقتدر,staged_needs_visual_and_linguistic_review,True,not_reviewed,False,[],65,0.846,0.615,0.292,5.2,3f3d2cecbee9a3a7ddd65e2401e4391d11f4db01a8e5fdb33d20f1720685ef75,True,dfba84361eed8480146716e6d3ce6e2093b901fabcb06789fb8814cc2b4c228a,pending,pending,pending,
432,الوحي,staged_needs_visual_and_linguistic_review,True,not_reviewed,False,[],39,0.846,0.0,0.846,3.12,b03639a358ab05c4d113420b3e78f0c21827bc03840b3252d10f49fbc138bc98,True,0a87f535b5a81d887ba9e1dc336b8c2e2bea62fa9ba4f48fe68248c725d68389,pending,pending,pending,
577,سورة الحج,staged_needs_visual_and_linguistic_review,True,not_reviewed,False,[],65,0.846,0.815,0.831,5.2,44c53ddeff0901a6bdc70bcc494e3f873c95664c7e1487af9dd9ea0eaf4550e3,True,22d806b5959ec45d522e54768702d0e73279c01a8f770012aff72733d596ac79,pending,pending,pending,
697,غزوة مؤتة,staged_needs_visual_and_linguistic_review,True,not_reviewed,False,[],52,0.846,0.519,0.808,4.16,2abd0e38051160a1f2aabac9da382d573690b175f3227b619a11de80100f74e7,True,186450ea08d764eb267a55198d112c5dbe70248a1a013da0c4586e52b1942d94,pending,pending,pending,
765,يأجوج ومأجوج,staged_needs_visual_and_linguistic_review,True,not_reviewed,False,[],65,0.846,0.815,0.754,5.2,86213ef0b1d8ecb41fe4691f8e74f25cbf141c659413f0d81f7c1fca6b5121ae,True,ed82d74a5106e5016222128ecc0d611630738a5166c3e14c001846236dddfe70,pending,pending,pending,
857,سوء الشك,staged_needs_visual_and_linguistic_review,True,not_reviewed,False,[],52,0.846,0.077,0.846,4.16,3ae1448c2c812e0d905c18e2104ba08c9e6b56684017cd7ee8063db656622816,True,908976b7cff58a560406a5458de295a2901ec84c8e65085166e3c92eccbd69d0,pending,pending,pending,
971,نصيب,staged_needs_visual_and_linguistic_review,True,not_reviewed,False,[],39,0.846,0.846,0.821,3.12,e7923665105b19a86807a410c7b84e5ec55908420682be8bfad95fcc5e154c7b,True,596dc8753573c10c3b0572ab19dbea06de281e5f2b76f5818bf23242400d6a60,pending,pending,pending,
975,هندوسي,staged_needs_visual_and_linguistic_review,True,not_reviewed,False,[],39,0.846,0.0,0.846,3.12,def4fbb2e32edb00d88328a5e6cd29282432e1824d893d33db2f24b9f4183325,True,52359dcfc1e2eefce4e0a7eff859e06e2e116616b7e1b477f2e554837f37379f,pending,pending,pending,
1039,الإسراف,staged_needs_visual_and_linguistic_review,True,not_reviewed,False,[],39,0.846,0.0,0.846,3.12,2a774f0e05b9b2ffa8916c845857da5c71f9b61768fd23616d4c92d419651537,True,5d5c34bb73040ae6972749c99302a686779f54986e0c6cb5b2e4a9760d441630,pending,pending,pending,
1047,اعوجاج,staged_needs_visual_and_linguistic_review,True,not_reviewed,False,[],39,0.846,0.154,0.846,3.12,04ebd80e1e37a92fa69be6d8e23147640910aad81ea56fde6939a6a362685065,True,d38caf1f3b55026700c7a448370157b5db26e26b6035471caf172b578efd43e7,pending,pending,pending,
1067,البصيرة والفراسة,staged_needs_visual_and_linguistic_review,True,not_reviewed,False,[],39,0.846,0.0,0.846,3.12,5c3952dbc4ac081748c505964bae557ccca599722db9cfdd13e5ee586300fb71,True,81fd727d7adcb1f6108c6cff3eb36f339a8adc288fe057f47127bcb28da3460e,pending,pending,pending,
1133,الجماع,staged_needs_visual_and_linguistic_review,True,not_reviewed,False,[],39,0.846,0.846,0.846,3.12,61ea5b11795b8c11b72fbabeb3ce95b3009174090251d00137869bc965627c11,True,fa9ff3b1249b016f3619a0922970b7304f4de4128dd08d3149d6de6b467951fc,pending,pending,pending,
1193,الزهد,staged_needs_visual_and_linguistic_review,True,not_reviewed,False,[],39,0.846,0.846,0.846,3.12,81cd4e507b931c640e68bbcc50933a3989060d7c6178250225b26bd240cb2e2e,True,354152f570f3f57922751025c7ea43d45fb5af4bc11c4b911f390b6c6d9ae4ec,pending,pending,sampled_presentation_checks_passed,
1215,الشح,staged_needs_visual_and_linguistic_review,True,not_reviewed,False,[],39,0.846,0.051,0.846,3.12,9f20723c6232458e9e5b64eb557a979738a7a361805044addb21e60e1bf32f9b,True,dc0016752e470bbe5ef201bca4841674fd0bad46549fa8fc33ccda8bd8edc0cd,pending,pending,sampled_presentation_checks_passed,
1218,الشرف,staged_needs_visual_and_linguistic_review,True,not_reviewed,False,[],39,0.846,0.0,0.846,3.12,2c324acd35848742b0466497787a44817d685bb98127fd47403a9a1a386104ea,True,26e716c983e801e7281b2188114d1bfedf4b8326eb430eb7c57b1ca98d125a50,pending,pending,pending,
1763,قرش,staged_needs_visual_and_linguistic_review,True,not_reviewed,False,[],39,0.846,0.744,0.846,3.12,2d45995666efa197ff1cde379f3278ef8e8bb694f9128ef3e28a6651bc49acec,True,806689f0dfb1ffe2165983c18800a638a87b3a9e1a7bb706c390910bd80e07bb,pending,pending,pending,
5365,كتاب,staged_needs_visual_and_linguistic_review,True,not_reviewed,False,[],39,0.846,0.846,0.821,3.12,f6cca101fe8dd4420c42d864e397e6167caf7587b660782de0a701aa3dba2b45,True,8a2aea509dafcfb3ee8c8e8b782ee52097dcb25c517f33f5bd2a6137bbf3729b,pending,pending,pending,
1006,اعتبار,staged_needs_visual_and_linguistic_review,True,not_reviewed,False,[],59,0.847,0.407,0.78,4.72,e6fc5c700bbe2bc15580dae7246c30d4738c9a588f7ab785e80228d7e2383193,True,84ef524724c0d2f6f31446d668ba3edfd0eabaefb14f069e701e5b7b9d96e7d2,pending,pending,pending,
641,سورة النصر,staged_needs_visual_and_linguistic_review,True,not_reviewed,False,[],46,0.848,0.37,0.848,3.68,4b0f4d430e3bd3bf05109b2a830043bb530690fa2aaf85f8b72389516d833dce,True,30257ffff1a9974679caf3248768e7ea695fce7c38693e2f9e72d60850c4fc9e,pending,pending,pending,
831,خطيب الجمعة,staged_needs_visual_and_linguistic_review,True,not_reviewed,False,[],46,0.848,0.0,0.848,3.68,83cba3b50ffb67f6f24abc8ace009af59df83f60e94795bf42087f53ef953ad6,True,60837567459a8d60a3677c9b3bc5cb5fc92f77fe86ac506ec9e55bb80727d542,pending,pending,pending,
1461,رمي الجمرات,staged_needs_visual_and_linguistic_review,True,not_reviewed,False,[],33,0.848,0.848,0.818,2.64,5bf3a9aff942ae9b945b942738d81c8582089b65087b7ce4bc2966fef8f9b76d,True,d30b940bcd083fdc2587b3021e330abd48902db46e488cc4ae979dac86db5e98,pending,pending,pending,
325,الله الطيب,staged_needs_visual_and_linguistic_review,True,not_reviewed,False,[],53,0.849,0.208,0.698,4.24,e3b732485a9b0607ea0c324cb5d4d301d59e466d67ace7c924c795bc4e957207,True,ed6deb8dabdbb75710e4f9e75892b575e36fa5ab96e659ea8281338061d2a4cd,pending,pending,pending,
411,الله المنان,staged_needs_visual_and_linguistic_review,True,not_reviewed,False,[],53,0.849,0.566,0.83,4.24,f14f758f0edecf5d5e2acfe3292866471e71709dfc85db2c4cd219e50b4e19bd,True,cd62352634a76833c67a0044e25f67ee32db32d1a18c85ab7bac23de09a264fa,pending,pending,pending,
152,يوم عرفة,staged_needs_visual_and_linguistic_review,True,not_reviewed,False,[],20,0.85,0.8,0.8,1.6,0c104c3cf529d0e8646134fbfd06344757227f87baab60f7c15648ecaf5ac2bf,True,ce38807e315d5eca8ce875c10f4c8bafe11d45fb5b8ae1ceba8e100f42e88a0a,pending,pending,pending,
177,استقبال القبلة,staged_needs_visual_and_linguistic_review,True,not_reviewed,False,[],40,0.85,0.85,0.775,3.2,884c67af44a007521a3afa5c533adc46bad265aa69259c94379245168e94db0b,True,329ee701999ae4df7eff371482df40eecfb7d683d5090408fc287273bb1cd192,pending,pending,pending,
206,الامام البخاري,staged_needs_visual_and_linguistic_review,True,not_reviewed,False,[],40,0.85,0.325,0.85,3.2,5fa192297fcbcd49b4dea47220b64ac5017c7f42b7fd5183d41518e171897919,True,b20c60c6ee98d3832fb744579bf0b71eba650358c988dd1554eedb6b164590ca,pending,pending,pending,
208,الامام النسائي,staged_needs_visual_and_linguistic_review,True,not_reviewed,False,[],40,0.85,0.375,0.85,3.2,d83b3c699a0c41c775f9aa9cfe398562cda8b9303c6c9caae28e0e7b39b003d7,True,00b283ad60b12b9b8646d35d7b4235983e64bcdc433ee2b98ddba7dc2137f760,pending,pending,pending,
235,الجمرة العقبة - الكبري,staged_needs_visual_and_linguistic_review,True,not_reviewed,False,[],40,0.85,0.425,0.825,3.2,93292b65411a42b0e6a0466b1b20db63a34266ce64a8be15697357ca077ff240,True,d6ce5385b840360f31281bf87e23481753dfaefb3cfe1e156163551a4c4797a7,pending,pending,pending,
457,ايتاء الزكاة,staged_needs_visual_and_linguistic_review,True,not_reviewed,False,[],40,0.85,0.4,0.825,3.2,3bf0927f75803288dd7be52f0b679ba88b4a367ada7c1c961b6166b43b381eed,True,009f92bb568a4b72b8a5bcb62c764808cc1a58bd1cb1529ed0d096d21503f971,pending,pending,pending,
586,سورة الروم,staged_needs_visual_and_linguistic_review,True,not_reviewed,False,[],60,0.85,0.3,0.85,4.8,ccda29cc3ae2763d1ae399f22541b40d7a9d9f7f487b27b5f7c3b5d9822ad101,True,7b556b86923cb0f0e935e97a1a78113aa24fc3eef8e7657bdca7c506e4a9a64e,pending,pending,pending,
815,جيل,staged_needs_visual_and_linguistic_review,True,not_reviewed,False,[],40,0.85,0.3,0.85,3.2,86fad3b50c2a763029e5dc9a47ecae28cae05982527343f2e3c07e1665868321,True,f707489bfbdcdb8ee05db253d2356b4a5c6488f07cc00d9c0913a4317f505d56,pending,pending,pending,
885,صفوة,staged_needs_visual_and_linguistic_review,True,not_reviewed,False,[],40,0.85,0.8,0.85,3.2,6a4a2bd09e1a90b6d32b5ea65fc721de4ec7c3656791c7c76bb176dda0869bc5,True,bf53795514ceeaaeb277418d6808dd1de9cda0773023bb62993183d7e7b0d6d4,pending,pending,pending,
929,قول الزيف,staged_needs_visual_and_linguistic_review,True,not_reviewed,False,[],40,0.85,0.525,0.85,3.2,083bf0835fa9ab64af15dd6f8baa64659aa9412554cb032c07ac979c979fd069,True,4109ad8750aca79e96d7c5f19b3a11dfb75886b44ed6990f404709c09d326811,pending,pending,pending,
957,مسيحي - نصراني,staged_needs_visual_and_linguistic_review,True,not_reviewed,False,[],40,0.85,0.0,0.85,3.2,d7c1ae99c423db30b6f9b0d6e0e9a0bedd6d19b40b44288565eac548c923ea47,True,4ea7248c7b320c8993e32ae358f8c71a4d03312db04a8731d2236ca64eb5b602,pending,pending,pending,
1004,أصنام,staged_needs_visual_and_linguistic_review,True,not_reviewed,False,[],40,0.85,0.825,0.85,3.2,8adee4eb4698612c6e5d1f7dc95f281bb721e3066c7dededed3b7ff7848e274b,True,f18ed239b1c5a25520ea1579f5381f8bca6c789d5fe77f9a6f98e5556e972774,pending,pending,pending,
1022,الاجتهاد,staged_needs_visual_and_linguistic_review,True,not_reviewed,False,[],40,0.85,0.775,0.85,3.2,fc06d75135bd258c128617228fa8b2dfe0b00d2e066da8398c29d8256ffe46ec,True,95335c0d65bd685a7afbb1ae264a82a172b6e9b8919f6203cf4cfaf03fd2a845,pending,pending,pending,
1057,الانتحار,staged_needs_visual_and_linguistic_review,True,not_reviewed,False,[],40,0.85,0.0,0.85,3.2,c6038d29868e04ab98a0eb0639d14c0da1cb59e7183dcf4152bb8dfa5459b857,True,30ce44127c294fbbe11a5d3659faa7b35a626b0c87bdf08b9b5617d8f0b1f5c7,pending,pending,pending,
9557,الأحد,staged_needs_visual_and_linguistic_review,True,not_reviewed,False,[],40,0.85,0.0,0.85,3.2,eac2ebdc00c2119a1c53ae326598ea9cf815614d28fd56f64989c33177a772eb,True,50cdb35b9dc62a88a3277ea61ae77b2cfedc4bb41853f36d5f1c8e08b869a86e,pending,pending,pending,
391,المحسنون,staged_needs_visual_and_linguistic_review,True,not_reviewed,False,[],47,0.851,0.0,0.851,3.76,06aa0ec2333be976d12286d24c40c87fbf0872db94a1f69cb0574865e8f30b64,True,6dcfd483140a1e783cc5216e0b3ea1f241bea89aa7c2d35f4f5da1cf6c9e6add,pending,pending,pending,
1123,التيسير,staged_needs_visual_and_linguistic_review,True,not_reviewed,False,[],47,0.851,0.553,0.851,3.76,e9ad004a1eb944bdebb888f75c42142d8dc3565653e94d55d2daa664eb98a7e1,True,1e5fa35ec34963bdac83c7b6c65723133d4d1630ec1670dcf29f1413468fe6b6,pending,pending,pending,
1252,العزة,staged_needs_visual_and_linguistic_review,True,not_reviewed,False,[],47,0.851,0.0,0.851,3.76,8417f7d86387e191ad6a66b31c9ef7ec87ffcb47cfa6fbdd10320a1b62ef4797,True,0ba17a2b3213575e8e375324d4a79cfdd410e0a737b55f378dbd2fcc725664da,pending,pending,pending,
4406,جدة التاريخية - البلد,staged_needs_visual_and_linguistic_review,True,not_reviewed,False,[],47,0.851,0.489,0.83,3.76,e5c9a419492a5cc53e4b9e24a367ba6bab84e93c078f81a70f184787b681af6f,True,a1cde1e4c068d6636d0514e6b98f26787030bafe0248bf3e05aec8c971fbb441,pending,pending,pending,
334,الله العفو,staged_needs_visual_and_linguistic_review,True,not_reviewed,False,[],61,0.852,0.311,0.836,4.88,1d17f0d5120527aaf8317e67169ef8d60c88b78942243689b52e2be293e4edf4,True,66c6b740ada92b591f9b43f930056112605f05f8df4ea64c384b4d9f183f53b4,pending,pending,pending,
405,الله المقدم,staged_needs_visual_and_linguistic_review,True,not_reviewed,False,[],54,0.852,0.352,0.519,4.32,9d67691a1439107a0184aecf88a0f8e70f65172f0f6642476116e5ef80f6caef,True,7b87d0c5566235d0b856fd092c77addeade0bae3914f082cc1005f32c2a9e11b,pending,pending,pending,
584,سورة الرحمن,staged_needs_visual_and_linguistic_review,True,not_reviewed,False,[],61,0.852,0.082,0.852,4.88,e6cd2824dbd24a9ef1e7451fbca99af0b4f2ca0431900c26bba8affbaf0bf13c,True,4ed746db16a85e8e414a624a2988a469ab9e5656e8dc449e970fd6baa65386af,pending,pending,pending,
585,سورة الرعد,staged_needs_visual_and_linguistic_review,True,not_reviewed,False,[],54,0.852,0.315,0.852,4.32,dc088047c56f44139e8160cccbf3b24f165cb4b08cee313d7483ca830f82dc7d,True,f3e9e7cb26c497b1abf029a3c25f1b998ecd2a865fcb3420092a9937dbede854,pending,pending,pending,
753,نواقض الوضوء,staged_needs_visual_and_linguistic_review,True,not_reviewed,False,[],54,0.852,0.352,0.778,4.32,db4d4d0cd800f7e3a1d13d3507b3df7b0695d0502b5a294f4c1e9b63fab8f2c6,True,0508ddc32f6b22a2cfea71e95b16d9e0c25cc0af46c2fbcb362f844d65966c4f,pending,pending,pending,
991,اختلاط,staged_needs_visual_and_linguistic_review,True,not_reviewed,False,[],61,0.852,0.721,0.623,4.88,0ce0dc4f3096fb1ce3e24822cf96bcb1eb0feea5295b48232325790db9c24a8a,True,5483a7b274e9911aa2edc75044f406223e6be9b7773afb2f36f4cd8d84dac663,pending,pending,pending,
1514,نبي,staged_needs_visual_and_linguistic_review,True,not_reviewed,True,[],27,0.852,0.0,0.852,2.16,655e4a7874f0eae20e532dd2415cfd16d656c346f0e4992f0ecf64dd36d1ca1b,True,566c91bad626c37987043ad0159ebc5d698a7b6a3dcfba01fdb8f99f8422acc1,pending,pending,pending,
870,شيعي,staged_needs_visual_and_linguistic_review,True,not_reviewed,False,[],34,0.853,0.0,0.853,2.72,13eff9d92e5ed79558344b53d7fcc9f7d2f5073871690b06ccfdad16c7399abf,True,7a9b84ed9e69a143c68ca179e506cba06c56910a19c343fc5d8dad10545703de,pending,pending,pending,
1064,البديل,staged_needs_visual_and_linguistic_review,True,not_reviewed,False,[],34,0.853,0.853,0.765,2.72,263402dbeb5dbe7ae6f47c0d101703c8d0f08d77896bdb345b1dbf8d0fd544c7,True,eab0b4ce7f9b451f6c3d5edb074063df957ca7a17c4ab9644b6efa729122c00d,pending,pending,pending,
1179,الربا,staged_needs_visual_and_linguistic_review,True,not_reviewed,False,[],34,0.853,0.853,0.824,2.72,7c5bf40a03dff3da60f1e604b5952d5a09c8e3b01f0f6498553eb8f2d9332013,True,8f506ae1a0514800920f3ea59f46fda0e1ba43ada6cdba9bf72100c8ed55c499,pending,pending,hold_contact_review,Hand contact near 1.80s needs source-aligned close-up review.
9972,تحفة,staged_needs_visual_and_linguistic_review,True,not_reviewed,False,[],34,0.853,0.529,0.853,2.72,b1487e2acfd90f62521e975d55d69202836d4e52eac5404105602c5b578483fc,True,da5a8e8cd19e57da96cabe1bf220886c7598d2c75494610411c5947c2bf3b8e9,pending,pending,pending,
146,زكاة الذهب والفضة,staged_needs_visual_and_linguistic_review,True,not_reviewed,False,[],48,0.854,0.104,0.854,3.84,af8f8eba791895046c5d906acfcd3a9fccd7b8be4d52cfa9ce9412283d87cb6d,True,7a0c255452aee74252b1bbe31d0027221e3caf188f468a1d3efc92f07b62ca66,pending,pending,pending,
165,أحبك في الله,staged_needs_visual_and_linguistic_review,True,not_reviewed,False,[],41,0.854,0.0,0.854,3.28,aff5fd2a318cc033ae1408394dd5431138dcace51452b218b339c3eb920767a1,True,68bffc9163b44f5e366e563909a05b87c49322f795eab8b6745b404885655f02,pending,pending,pending,
180,أسماء الله الحسنى,staged_needs_visual_and_linguistic_review,True,not_reviewed,False,[],48,0.854,0.438,0.854,3.84,dc7463c39f370068eafd13e2f421ce729b6552515fc7be61215bac7d1b3900ff,True,17a934e6241d1570003af0c22b4e4427863c19615b7879291e40d59fca44f665,pending,pending,pending,
346,الفردوس,staged_needs_visual_and_linguistic_review,True,not_reviewed,False,[],41,0.854,0.854,0.78,3.28,b213264a8252465006cb26a7cec877db2acb4d7e83d6da2c396d13d2e5206577,True,c38bddaea27d56f5987b882527a38234747189632a84d4b4ee3602806a3c2a7f,pending,pending,pending,
473,تطعيمات (الحج),staged_needs_visual_and_linguistic_review,True,not_reviewed,False,[],41,0.854,0.805,0.805,3.28,7fe749c87df8ab164a01cb7b0a105c48766bb639dafc76fcaad346a6f4fc6657,True,617803aec2d86c20a874fbcd6fd4c114bf843edf569ae71d4594211c904750dd,pending,pending,pending,
486,حج بيت الله الحرام,staged_needs_visual_and_linguistic_review,True,not_reviewed,False,[],41,0.854,0.488,0.829,3.28,9e8c2120bae33cbe2910b0890b467f7e99d5a4552b09c2bf8a20489ab390dd07,True,264e00de37ed5c7e6cd6bd4a1198e8984587ef8ff5fbe36c7d8d666f8fac270f,pending,pending,pending,
543,سبحان الله,staged_needs_visual_and_linguistic_review,True,not_reviewed,False,[],41,0.854,0.463,0.854,3.28,47a57f863a47193128a0e0724e99c70b37893eaeaf378a15e9321abff6dbbed6,True,b33083408f3c9d317c4ebf349d55a2fdabe6b4a229cda35a605f20936cdd12b0,pending,pending,pending,
804,ثقافة إسلامية,staged_needs_visual_and_linguistic_review,True,not_reviewed,False,[],41,0.854,0.0,0.854,3.28,57689e8587d6da7cf23c28bc5385dcb6d24b2829b13ee87939c0e226a892e88a,True,9d952409b5be8d22e4a1484635469bab8c7dea021f757d1285e7c4e920d0d2bb,pending,pending,pending,
836,دخول الوقت,staged_needs_visual_and_linguistic_review,True,not_reviewed,False,[],41,0.854,0.854,0.805,3.28,02d154eb0ee8415541673b6905b2ba80a3b9762dc2d643ba42faa10041ad7f7e,True,b4c1028c50647483666bdb22b7654187bc0aace5c76c11f1ccb35103cba1e47e,pending,pending,pending,
844,رؤية هلال,staged_needs_visual_and_linguistic_review,True,not_reviewed,False,[],41,0.854,0.0,0.854,3.28,5fda5353b334c19ee4c11df242688c7e565a7b34e81165b443087775d4fde009,True,0e992e30815576f9ecb3fd4196c40c105c1eb26cce82124b6e0783eafd7f5d36,pending,pending,pending,
859,سوء المعاملة,staged_needs_visual_and_linguistic_review,True,not_reviewed,False,[],41,0.854,0.439,0.829,3.28,12508bba64f18ba41be935cf198edcb1474cb389752b21bb4e7eede419334720,True,9b9dd139e3dd38cc1f21b15d77f285749598d335510916b9f8841a041d58bc8a,pending,pending,pending,
905,عيد الاضحي,staged_needs_visual_and_linguistic_review,True,not_reviewed,False,[],48,0.854,0.375,0.792,3.84,c1e923577dc03a9af619cfe53151367581fc623e91b5aaff457ab23485bed2a4,True,4f5e81c3e439aad8254086ccd944c6e6ed24a2ceafea74f8f06de7a277ffaacc,pending,pending,pending,
924,قصر الصلاة,staged_needs_visual_and_linguistic_review,True,not_reviewed,False,[],48,0.854,0.0,0.854,3.84,1de8ccfd5d5398286273b42a591b086c7ff116223d4bc60e06cc864810e89875,True,a88cd2f229c4e382c5d045eb8e1a0cd9c580b824576657a2de81f42f07b8d843,pending,pending,pending,
961,مظلوم,staged_needs_visual_and_linguistic_review,True,not_reviewed,False,[],48,0.854,0.5,0.854,3.84,061116aed5d2bf97fa553fccf47831391c44caa4f9cc34e8d3a2f4e939686443,True,31aaaf66b82bf594510369255f62a218972f16e4ea12258bdc58a352d9554ec7,pending,pending,pending,
1074,البهتان,staged_needs_visual_and_linguistic_review,True,not_reviewed,False,[],41,0.854,0.854,0.829,3.28,e576ffa1f80eea51f648d15572376d2419fb81b3afb74d0fd4011334957b1df0,True,0080557ee0d8058144de3f150e746f7df9825811f727f09c759907e9643c2b20,pending,pending,pending,
1091,التدبر,staged_needs_visual_and_linguistic_review,True,not_reviewed,False,[],48,0.854,0.0,0.854,3.84,16d2d40fec69246982902de8cd058d1997f610d75819f43508edb8e3aac3f729,True,39b0939482a26872a67e8ef0ae0698ad20000d9f47205062cfccf9813fa9b070,pending,pending,pending,
1101,التفرق,staged_needs_visual_and_linguistic_review,True,not_reviewed,False,[],41,0.854,0.537,0.829,3.28,433d3aaefc3d36d9a4d30902402c81d48e0c3a35dae82f842abbd48ad4521647,True,91939cb1c39c98d313dfd3728ad3af75d0c1a9ce06ca1f646b469763a38ff2bd,pending,pending,pending,
1142,الحجارة,staged_needs_visual_and_linguistic_review,True,not_reviewed,False,[],41,0.854,0.0,0.854,3.28,fa459a3e51b92ea5da4dc907a87962efb6f1ec2c5f494cfd1f97d4c41df2300d,True,a683a6bb7eb888139fc54bfac678bc06667e6b86a35be8d5499aadad38b5ced2,pending,pending,pending,
1211,السماحة,staged_needs_visual_and_linguistic_review,True,not_reviewed,False,[],41,0.854,0.024,0.854,3.28,bd5cfb1699452927e699d4a1ad35fc83d8b175c8f46f7972b76aa7f5b22f5e94,True,0ebbf5e7a3821c4f06c0f713b150dac2cc664715f12049ab2d79ca81ef893f30,pending,pending,sampled_presentation_checks_passed,
383,المبيت بمنى ليالي التشريق,staged_needs_visual_and_linguistic_review,True,not_reviewed,False,[],62,0.855,0.5,0.823,4.96,169c1d1b667aa59e22440f81ddd13621105ad89d87f22efe2ade9cdc56cdb634,True,b459814d78b4e446d1d78cd9b89b3d63d2b40d338066c9f65d0406946e060a4d,pending,pending,pending,
605,سورة الغاشية,staged_needs_visual_and_linguistic_review,True,not_reviewed,False,[],76,0.855,0.697,0.829,6.08,45bd645a47005c32f9e4b7ae6297ce789a839141d7a4a8442028b8f4b4fbf01d,True,149bfaf103d9dfbfa5cc1b459d409606d0c0e44e5286f2d99a736de3b1e6cb22,pending,pending,pending,
190,أكل مال اليتيم,staged_needs_visual_and_linguistic_review,True,not_reviewed,False,[],42,0.857,0.333,0.857,3.36,3614f85734a75ce57d69882113e23c517568b46b3b39b82e4e7a2023523d77e8,True,bf9e317ff65445a5d8f64a88478b513f34950521d432d2873325880722ff3859,pending,pending,pending,
310,الشيخ عبدالعزيز ال الشيخ,staged_needs_visual_and_linguistic_review,True,not_reviewed,False,[],42,0.857,0.0,0.857,3.36,26df80e2d7f80c4501d1c0df5f3bc0db3f66f24a3bdf1857794dbdae698e5069,True,dd03e181e4c52a3ef7baa9c0eb04fd6308c6e5f90d3b0cc460ad9e5a36abd579,pending,pending,pending,
338,العمل الصالح,staged_needs_visual_and_linguistic_review,True,not_reviewed,False,[],42,0.857,0.381,0.833,3.36,7315fa5c2efc722ee848d224c6a3627bfa066b4538a1ca7d9c5a2ac19736c1f6,True,4b0b100c6e6bc835cadf78449de37f9733b8d02f8375de290aed715f319f5b18,pending,pending,pending,
421,النجوى,staged_needs_visual_and_linguistic_review,True,not_reviewed,False,[],42,0.857,0.81,0.833,3.36,2d67cf4cce68a880fa666e1d8fd134ab4cdecf8982b62019395ca840069759b9,True,0cdd811902ceb66fce3e514f0facd5d5e1c756e32a57bc772975c7a0193d2285,pending,pending,pending,
439,الوقوف بعرفة إلى الغروب,staged_needs_visual_and_linguistic_review,True,not_reviewed,False,[],56,0.857,0.571,0.821,4.48,4e892932c27c40d7840c22530f7eabd055c7f37d98ddca0d17b3c3fbe9d97a9b,True,82300cec82f4468a40119fea938708b1f1228e9116ec0dbd2a93ccc74ea358c7,pending,pending,pending,
500,حد الغصب,staged_needs_visual_and_linguistic_review,True,not_reviewed,False,[],49,0.857,0.245,0.857,3.92,d6308acf2b576728fc6a2994a7bf44b8718ea410cc02211b89f4a79f4ac377e8,True,186ae1f9d6d91ec1a4e14b34b84b927e4cbaef5467475c8ca4b8742d6364458d,pending,pending,pending,
504,حد اللعان,staged_needs_visual_and_linguistic_review,True,not_reviewed,False,[],56,0.857,0.429,0.839,4.48,9183f737d5af759a15b430999d916f9f5cec0fce0e774817325906b088c8548b,True,2aeaa2f1a3991bf2927ad2ea9a1d82241a9376c160a70d0324f50c5fdf75ad1b,pending,pending,pending,
518,حمدالله على السلامة,staged_needs_visual_and_linguistic_review,True,not_reviewed,False,[],56,0.857,0.375,0.857,4.48,7868fba7d012a5b744c6b7beaad7c250aba6bb1ab4e0a837090c226cdf22ce5a,True,3fa56fccee991e6c6c9cfd9e7757f5a70a47ae62f25eb3f4e102781c0a0ad264,pending,pending,pending,
590,سورة السجدة,staged_needs_visual_and_linguistic_review,True,not_reviewed,False,[],49,0.857,0.408,0.816,3.92,eb73b01d4424f9a501710507f26ee452853e95175ce3912c680286a0a2341509,True,37550ea52b8b0a173ce34ae35bedf106b3acf8b72de30e89b0a245ff12332e4d,pending,pending,pending,
593,سورة الشمس,staged_needs_visual_and_linguistic_review,True,not_reviewed,False,[],56,0.857,0.25,0.786,4.48,4e46e4d0539daf0c5a7eca8984df7ff7796fd2a7ac17936e14e00e5150e15c86,True,9006a343466fff297332bcc8ef2b56ae8fdd246b6254027b1704733d4073efe9,pending,pending,pending,
653,سورة ق ( قاف ),staged_needs_visual_and_linguistic_review,True,not_reviewed,False,[],42,0.857,0.405,0.857,3.36,b654b317d31cd23ab79b6ab86f7132ccb0d0434d6c985a95034dea1d9b893813,True,2aaeae1bc58a87bc106d06ed1673f6a06b6125ecc1a8294bece22e13a11ade31,pending,pending,pending,
679,طواف القدوم,staged_needs_visual_and_linguistic_review,True,not_reviewed,False,[],56,0.857,0.839,0.786,4.48,ded4b14b2623bbf69b4d0394879f42e78269f4227c46c38efdabc51f5bca5b76,True,d37ce54556f0165761645392a937c89b6cae2445a3d8908ef5c43471aa2ffac8,pending,pending,pending,
698,غض البصر,staged_needs_visual_and_linguistic_review,True,not_reviewed,False,[],42,0.857,0.071,0.857,3.36,5f7f5ae64ed230eb2d7d8c74474809575b46af65ae23e850c351a52aa0e90512,True,7675c96a6d344ced66b93f50e36dee9acc5a30fed9fc61537378a6680b6aaec4,pending,pending,pending,
726,لعنة الله,staged_needs_visual_and_linguistic_review,True,not_reviewed,False,[],42,0.857,0.0,0.857,3.36,361d536ee4a168564a403f6abc2a6369822521dab30ddc4fa1ae5fb1608cf6d2,True,89d7a976a80ca37fbfe0f728ce67f5b674c01551cd225ff6d591916928fb56d8,pending,pending,pending,
806,جالية,staged_needs_visual_and_linguistic_review,True,not_reviewed,False,[],42,0.857,0.786,0.857,3.36,064378fb011d0d46492ee99f40f0f5ef4f37ca8d35b5ee18a7cdde32237bcd79,True,d9b3c76126f2ab12a65213939dd70d06f7f75cadffbf23e66056a21a494ef70b,pending,pending,pending,
821,حفظ الايمان,staged_needs_visual_and_linguistic_review,True,not_reviewed,False,[],42,0.857,0.0,0.857,3.36,04876076372becd1eba6c4c3f4ca5c94f23f0c0f3417dc458556cdfa3b5fe05f,True,a7ddd54698614d05f691f10fdcd7f0523a63fcab2c9d07f410ab5112005cdcb8,pending,pending,pending,
845,زاهد في الدنيا,staged_needs_visual_and_linguistic_review,True,not_reviewed,False,[],42,0.857,0.857,0.786,3.36,3bb68621a9bf2602357d0ec5ea420fb4b7e9e91db2a18cc0232b3bc284f6f0c9,True,b3326d3b84b7d2cecec0bcdfa55aa7f8cc59af8cf68d731792fb7a01b63023b8,pending,pending,pending,
872,صالح الأعمال,staged_needs_visual_and_linguistic_review,True,not_reviewed,False,[],42,0.857,0.429,0.857,3.36,7fc0e62d8ebe28f31b9fd677e54a2059a65a1777ad8f89df0aea7b4c85b3f442,True,494b7b27418e220b1f825179346e9c8b90fec9c29e486a9d17ebc8b5b2bace65,pending,pending,pending,
936,كنيسة,staged_needs_visual_and_linguistic_review,True,not_reviewed,False,[],42,0.857,0.786,0.857,3.36,78bd23eace4c2a6284a7853d2bbd7ff59e2755c8360d1bd8c736faaa022796e6,True,a7c7457832268e2cf454b3a4c582cf54f8f83e88482ce5fbe350b155aa68f2b5,pending,pending,pending,
962,معاني القران,staged_needs_visual_and_linguistic_review,True,not_reviewed,False,[],63,0.857,0.397,0.857,5.04,a26cdb259a7a35b3055594289678c44fef1dad051264e68601ca5b7369a16b42,True,2d507cafaef310c73384644f3e2bf4c045b57fbf5616ce98d8e27d332f51c920,pending,pending,pending,
1005,إطلاق البصر,staged_needs_visual_and_linguistic_review,True,not_reviewed,False,[],42,0.857,0.0,0.857,3.36,db1caa4bdb271697902f4867dfe039fa4bd73d862574ed812724f5006bc8bfc9,True,d964886be288e3fb39a0500736c4ef7feeb985b4c1b6f527a7eb1822a9e9808b,pending,pending,pending,
1026,الأديان,staged_needs_visual_and_linguistic_review,True,not_reviewed,False,[],42,0.857,0.0,0.857,3.36,93f8c9c06fed2f8968366ec407bac1a85fa6d4ff04b93fefe916ace367789aa9,True,a1ed7189329dadc9dacb104d17949fb18a2b892b6e9c7a93cb8eb00844d90b6b,pending,pending,pending,
1048,الافتراء,staged_needs_visual_and_linguistic_review,True,not_reviewed,False,[],42,0.857,0.0,0.857,3.36,55b6fa2250277ef937e823147af357becd693960d0efe9d8764f06c70ceb49ac,True,941c9cc40ad1d74155cde0c125a0eedf36464402aaf636e61fd3eeb127629f18,pending,pending,pending,
1093,التردد,staged_needs_visual_and_linguistic_review,True,not_reviewed,False,[],42,0.857,0.81,0.857,3.36,db79d123971c571504cf5726dc2de745b9027ad01dc091e21fdde10d7950921e,True,f5c7a2f4864a2f46bcebcd24590be742485f6e2e710825a3237e6e640d721c4c,pending,pending,pending,
1678,تثبيت,staged_needs_visual_and_linguistic_review,True,not_reviewed,False,[],35,0.857,0.8,0.829,2.8,0917b1cc4d6eac5bdae1f389760f3710f2a025a9c8a482cef130b0bbbf6a46cf,True,470249cd13f3fde5ee342709f5514ad81f44b88d71c52488f4c99416a7af17e5,pending,pending,pending,
3926,حزم,staged_needs_visual_and_linguistic_review,True,not_reviewed,False,[],21,0.857,0.0,0.857,1.68,166e86e05c3267b1ccdc974b76cfcc52439c16c543b33de26b94e1e9b1247146,True,cf807b7697166f9ca245ed0a98ee91f849f09e90929c7d5624c5591ca9e6589f,pending,pending,pending,
5781,الخلف,staged_needs_visual_and_linguistic_review,True,not_reviewed,False,[],42,0.857,0.857,0.619,3.36,c781852bfb43ca1342003d8a468c8da2332dea27a3df2dd9b86aeffd5700ec19,True,f5ea18f011083c4733c4952840edf727520140ff3ffc5d8006d41695121a446d,pending,pending,pending,
255,الله الحي,staged_needs_visual_and_linguistic_review,True,not_reviewed,False,[],71,0.859,0.239,0.662,5.68,6b953479bed62c64eef8b70da2d6a6621da437b50d68c785eeedb273fdcf6392,True,2a0c72c0f8988effdc957ff8c5908dae1d3d18fc30262786e0161c670d848f0d,pending,pending,pending,
428,الله الواحد,staged_needs_visual_and_linguistic_review,True,not_reviewed,False,[],64,0.859,0.047,0.844,5.12,b71017a079d85ff86d6301868735fe6b2c55d4e31ca8c721685bc3420cd76eb5,True,0e838251bfa6e3d1b16a4e7d24983484c134ec1d315751c68df500a417e8c662,pending,pending,pending,
531,داود عليه السلام,staged_needs_visual_and_linguistic_review,True,not_reviewed,False,[],64,0.859,0.703,0.734,5.12,b328b961a138df403e4b17cfab85eace6b922797284a0fe7dbfaa135c38d9129,True,8e287f81479e39f0e16991ac915931d5dc97d38beb1c283c621526fae9cc659a,pending,pending,pending,
199,الاغتصاب,staged_needs_visual_and_linguistic_review,True,not_reviewed,False,[],43,0.86,0.047,0.86,3.44,7fe9d28b72edf2b60ad3653c661b5f108abcbec34d2fd0d47ee091cfe0b6ac3f,True,8b5579aa43d01853961f3da984fcc251764da3b5dcc36362e32ad6e86de5f957,pending,pending,pending,
205,الامام ابو داود,staged_needs_visual_and_linguistic_review,True,not_reviewed,False,[],43,0.86,0.302,0.86,3.44,c469c8f2ff3a943a03391e3293ce7ed0aa49c8bd04e19e4def15705167ae9d0e,True,08980c060f448671b09747512fc0d408cf0ce227a524e3115a798547a20086ed,pending,pending,pending,
299,الله السيد,staged_needs_visual_and_linguistic_review,True,not_reviewed,False,[],57,0.86,0.0,0.86,4.56,9afdd70fca92f158e76c4271049579ce3c0a0b4886b4e12a49fbaa61d3b4e5df,True,62cf269fdd7ef3012713769e700a11090b4de5ea7cb671da6ecf0e0ca4dad356,pending,pending,pending,
337,العمرة,staged_needs_visual_and_linguistic_review,True,not_reviewed,False,[],43,0.86,0.837,0.814,3.44,64c3712d7e7a54b693a821532be55807865e6cca591bbd9ef5d50f6af009a2bc,True,11e1690854d3e43af95815ace54a54195c4ae8815e7f397a802b50257979f9d5,pending,pending,pending,
343,الله الغني,staged_needs_visual_and_linguistic_review,True,not_reviewed,False,[],43,0.86,0.0,0.86,3.44,eb9ba467566b26f59d9bbfb5f5b26c539926bbc8d7f59bb80a3fe312a7bd5e51,True,38fb076e461e814ce5f4246c8bb0b019ea57d9778bcc2a701b7f4d56d6324d02,pending,pending,pending,
355,الله القدير,staged_needs_visual_and_linguistic_review,True,not_reviewed,False,[],43,0.86,0.0,0.86,3.44,d71617f3d1d8dec1cc21ce795e24911ec040d439d175ff7a7caa6fbf3124a97e,True,c7356c14cdcfe44ac0dffb43d650d097a4e49095897fa37284dc9ca20a85e51d,pending,pending,pending,
364,الله الكبير,staged_needs_visual_and_linguistic_review,True,not_reviewed,False,[],50,0.86,0.58,0.86,4.0,257c09d8ec33ec88a6450c250bba2fa8ef2a81f7b1559f3d52f6219bfa361481,True,d53152c6ee487df67f5961dd13fd7cf589f57fddd3cbafeb0deee50f5ab9e025,pending,pending,pending,
369,الله اللطيف,staged_needs_visual_and_linguistic_review,True,not_reviewed,False,[],57,0.86,0.386,0.86,4.56,9840b94da7a0945733565dc389af8335d0ed5c57c437358f4b2166941e5bafbe,True,056e003be096a79631469bf158f895609fdce7a3393e7516a2fac2dc0a6b13a7,pending,pending,pending,
438,وقف,staged_needs_visual_and_linguistic_review,True,not_reviewed,False,[],43,0.86,0.419,0.86,3.44,a5dc09671391e2823001ac6a0d83cc93445a743fd2455f9df7b7d33717577bbb,True,4692de7ebe24ce07197be35bd5bba683a7a48f44b0e3dd14599e9e202f4128d0,pending,pending,pending,
451,أنهار من لبن لم يتغير طعمه,staged_needs_visual_and_linguistic_review,True,not_reviewed,False,[],43,0.86,0.837,0.837,3.44,8cbf64c9ea8f9d9e9e3bdee03f3149848576434833c9f57366c423074f950da5,True,fc88e7161185d86d7249e83fe42916d1e0305640cad7cf86adc1454745275837,pending,pending,pending,
480,جنة الخلد,staged_needs_visual_and_linguistic_review,True,not_reviewed,False,[],43,0.86,0.372,0.86,3.44,2c4fa45ba6e6193349c78173b9deb2f9f272a37474fa9ca061936d82d8da5515,True,7035638bd068051da5362af8beb6a0e59a70d2b732d234f113014e42008ad44e,pending,pending,pending,
508,حديث حسن,staged_needs_visual_and_linguistic_review,True,not_reviewed,False,[],43,0.86,0.349,0.814,3.44,841b5a801eb4ab5258da2723f75fda0d2fc56a36b83fda541bf9d7c7b508f74f,True,c5322af0127a593c376835c6c04f31ca6517c785cc845e328145a9ebb6b993e9,pending,pending,pending,
659,سورة هود,staged_needs_visual_and_linguistic_review,True,not_reviewed,False,[],43,0.86,0.442,0.837,3.44,64458b5d85af9b8f5d59b2fca5ef181eb7f01ff6229c1b0ecfd61ee01326fc20,True,1df6804f2966ce5bf6b03fa48b35de094299f82bb12e58105071caadc578b82e,pending,pending,pending,
661,سورة يوسف,staged_needs_visual_and_linguistic_review,True,not_reviewed,False,[],50,0.86,0.32,0.86,4.0,5b74decb32248bc976b8bf9ce8766612bdfa2b8d310dd4be4e5afbed233b3daa,True,9dcb77dfd06bab8dba7ca053d081dca1c248f64efaedd8be097ebbf85306f89f,pending,pending,pending,
772,يوم الحساب,staged_needs_visual_and_linguistic_review,True,not_reviewed,False,[],50,0.86,0.6,0.84,4.0,08cb1be35f6610300f6d42edc9a785413b25f0fe1421743f8bfcae886627f6f9,True,1d558b0ab252f2d4deba53c18aa722269a1a6170d7d02f7ff3a2ed4dcec8628a,pending,pending,pending,
791,تعهد,staged_needs_visual_and_linguistic_review,True,not_reviewed,False,[],43,0.86,0.0,0.86,3.44,607c0a5ff2b2127e9a9fdd144d45a49592e7422401aa64933bfe77fee324cf93,True,04edc0bd0cd71c1fca0466928ea8391dd67efbd988ab7f93084e66b038255810,pending,pending,pending,
792,تغطية الرأس,staged_needs_visual_and_linguistic_review,True,not_reviewed,False,[],43,0.86,0.581,0.86,3.44,2b44be71114c4c2b9ae95ea0ca0d099f8ad43432c0366e154cc316d0bc932ca4,True,9c0b04cf32661484f8d2de114cf9f60ff413b27a06e11fe54c38f516e5dea7d5,pending,pending,pending,
934,كفيل,staged_needs_visual_and_linguistic_review,True,not_reviewed,False,[],43,0.86,0.0,0.86,3.44,48233c8a5104ca174b1eb27b4a65c951fb6715fbdb0d8f6fdbe4120e40577567,True,72a8a3fba1505452dad53916dfed7d615e80ea6b476b827a9e0d0e113058bdaf,pending,pending,pending,
984,إبراء الذمة,staged_needs_visual_and_linguistic_review,True,not_reviewed,False,[],43,0.86,0.0,0.86,3.44,08d81cbd9705ede6ad50e0f45d61a66fabf086cd95581f3ce3b506934b28e253,True,94a0f1c62f19c7fe1078ab6b8a1433ccc2cb424b7d61be107036ae44c3a19276,pending,pending,pending,
1017,إفشاء السلام,staged_needs_visual_and_linguistic_review,True,not_reviewed,False,[],43,0.86,0.0,0.86,3.44,afbc9765f80560c30a1e706bac07fa41ed7084dece9e5acac8cc226a7bb6007e,True,df6316a27113fed821d11ada1f2edbb6fe0bc60fc574d6585596d6df21f70a6d,pending,pending,pending,
1028,الإرشاد,staged_needs_visual_and_linguistic_review,True,not_reviewed,False,[],43,0.86,0.837,0.791,3.44,39c9d0f00329d5513cd427d47172e2a598c021a2c14f16eaf3c9d467eb7bb66d,True,de49274445fda6c70ec05cb01bcfd6a8446e5c9d4aeb9f60f6c0b5d93149929a,pending,pending,pending,
1033,الاستغلال,staged_needs_visual_and_linguistic_review,True,not_reviewed,False,[],43,0.86,0.814,0.86,3.44,5e77296331994b068cfe98ea026902eff5afea6e61874099f935dc7bd542112c,True,e22307504893e65a440dfef764ddafd2c2fc770bde7a1e55618de9acb08d9ec1,pending,pending,pending,
1084,التحرش الجنسي,staged_needs_visual_and_linguistic_review,True,not_reviewed,False,[],43,0.86,0.419,0.86,3.44,c9ea143eabfacdeaf044badd5856783fc771a9da534444073e59106a403a2063,True,6937042207e018a331cd65892392f8a302e5659560247839ed9db82c30fa1585,pending,pending,pending,
1085,التحريض,staged_needs_visual_and_linguistic_review,True,not_reviewed,False,[],43,0.86,0.791,0.767,3.44,632df230d4cc90498fa2e3ce5744f32ab217402bcd49bf36847cbbcf3d22ca47,True,024887652b556e6d6f3b167b7ad6f7ce5b44d5d7b07f857853e46ad6ccab5c5a,pending,pending,pending,
1141,الحجاب,staged_needs_visual_and_linguistic_review,True,not_reviewed,False,[],43,0.86,0.0,0.86,3.44,3f6c6b9e1d5f51e086827d77dc290db852227e50c2076637acd38410e123b2d4,True,008814a27ca05523f59483e9e448f7d5c00b717f53c3ea3a528c0dd940deb3ac,pending,pending,pending,
496,حد الزنى,staged_needs_visual_and_linguistic_review,True,not_reviewed,False,[],36,0.861,0.444,0.861,2.88,91b300ff43e605b3ee904ca1535a0651c5cde6b627120f33bfe01f805239b6fe,True,3beb4e83ad276ec0d33dbb771ae8289676630e5deb43b825112bbb643b861378,pending,pending,pending,
12511,فرق,staged_needs_visual_and_linguistic_review,True,not_reviewed,False,[],36,0.861,0.0,0.861,2.4,01c1c94e94a609f42d6d67c0882d62ae569b1dbe4d1f5d1b79525016d5e2346d,True,90205471b752cc0a6d5cb24095ba657045d964e22786dc0ba92a41a18e5a3040,pending,pending,pending,
228,الله التواب,staged_needs_visual_and_linguistic_review,True,not_reviewed,False,[],58,0.862,0.0,0.862,4.64,f25c73c97e50e653ff9a098e8411674e99a5c377ee572bcca7e7d27eaa83c2d6,True,2a45d5a6b7788255525f65909f798ae9043803e3eb870b7f8bfcb06ed9a852f8,pending,pending,pending,
434,الله الودود,staged_needs_visual_and_linguistic_review,True,not_reviewed,False,[],65,0.862,0.231,0.846,5.2,c0508d1bea93de3bf8dacac9158f0a09e7a870bac7fea6c0e1b34c595e43be1b,True,77e1a35f7438c8f5a00e0714babb7e6e6029a39a361b5ca2239808a50c4661c9,pending,pending,pending,
1008,اعتصام,staged_needs_visual_and_linguistic_review,True,not_reviewed,False,[],58,0.862,0.0,0.862,4.64,564e80e9128ec30a3572c6c398a640e44388a8f0cbd9d4ae1506231f8be76fca,True,327415c04d3465720d3efbf85319c9c3b8b0852e852bad5adbd7980710ec33a6,pending,pending,pending,
1080,التبصر,staged_needs_visual_and_linguistic_review,True,not_reviewed,False,[],29,0.862,0.0,0.862,2.32,6ddfa24570634711042d5fe4a6b1058d8f6ce9d699073ec5f936218cdd0ad0ce,True,bf2e09095612d2335e1bb71f6a3418a68de01d64fcb7db285dc3020a2f272fe2,pending,pending,pending,
260,الله الخالق,staged_needs_visual_and_linguistic_review,True,not_reviewed,False,[],95,0.863,0.674,0.863,7.6,cc36d4290c346e46a64a053bfbc69a05d5f77d6be2b5c162dd62a31b0be16d9d,True,ca667bc8a5904433ae8a09ca6284545e2410cdbe66c01364e48a3d5ac85f3608,pending,pending,pending,
403,الله المعطي,staged_needs_visual_and_linguistic_review,True,not_reviewed,False,[],51,0.863,0.02,0.863,4.08,4ccf22044a73c80522ebd8c0265111f21ef2f5efae83ad3723f91d01964942ba,True,8168bd45336c5978bf096dc2a20f36d5b1f2e9403f455219e9cec10a38314947,pending,pending,pending,
231,الجاهلية,staged_needs_visual_and_linguistic_review,True,not_reviewed,False,[],44,0.864,0.0,0.864,3.52,65e5f97b111928e53b651aa0e4a0c4a916111b30bcbd693df5f39f8a82cce3a5,True,b57dea359e2e9165c337cb82c07aa1205438502e9f0fb1d742c1a01990d7c1b9,pending,pending,pending,
268,الدليل من الحديث,staged_needs_visual_and_linguistic_review,True,not_reviewed,False,[],44,0.864,0.864,0.864,3.52,d8d660869af120f32e4468315c38b127e257bb6fa42d7ccc54424216eb08cd04,True,3538fe2ee5312a382a25541104a4925501454eb030eabf898d7ae3032f3249bd,pending,pending,pending,
271,الله الديان,staged_needs_visual_and_linguistic_review,True,not_reviewed,False,[],44,0.864,0.568,0.841,3.52,495aca13d261a78bae638f36076cb3e5b80752eec4206ece40586b9405b7f3c2,True,8d7bf5262cc466af4d5f910107bb497c3797ef091dafdbc2350e89c24284aa3e,pending,pending,pending,
328,الله العالم,staged_needs_visual_and_linguistic_review,True,not_reviewed,False,[],44,0.864,0.545,0.818,3.52,29a18bb8af9327b40a22b36e753e6ada8ac2a305a5a8a0bb848c9761a799bdaf,True,a82394df3c79f0d478b7672d43a0b16cc800bf93e8988c5d234a8ceff458250e,pending,pending,pending,
449,أنهار  خمر لذة للشاربين,staged_needs_visual_and_linguistic_review,True,not_reviewed,False,[],44,0.864,0.477,0.818,3.52,df5561280f30dae1547239c8558de2e530fb253a9fc0282e2a8127417ea7d8e5,True,0a382631c394aa115df4be272404448c947a7b82f5d4390ffa476a1e11ea8c8f,pending,pending,pending,
470,تأدية فريضة,staged_needs_visual_and_linguistic_review,True,not_reviewed,False,[],44,0.864,0.523,0.841,3.52,d76c352f7019887f983f2286973d4e34c5853341d2751a3ed13cc362cb603320,True,3016e2ce8ae48bf6efe5f222fc8bc1442dc7b3eb56e6bbcb7b6fc97dbd899967,pending,pending,pending,
557,سورة الأنبياء,staged_needs_visual_and_linguistic_review,True,not_reviewed,False,[],66,0.864,0.258,0.818,5.28,3a570c9f57c160564de9437b99426283e1f342107b7b69f75c2c65c13c8075bf,True,55adc0c7f893598b17033f23fd584429ec4075a8a67532cc64ffe443918578e5,pending,pending,pending,
571,سورة التوبة,staged_needs_visual_and_linguistic_review,True,not_reviewed,False,[],44,0.864,0.386,0.841,3.52,5deb7021553b285edaa342882a2fc41705ede2626eb6c686a36baf9e3cae6c77,True,6845f599fdfe5e8926807fa64a094c276faabd2f318a3f22240f7edf1747dcee,pending,pending,pending,
607,سورة الفتح,staged_needs_visual_and_linguistic_review,True,not_reviewed,False,[],59,0.864,0.847,0.864,4.72,4558d1219dffb2b8b9b5b0990d6ed365d3e30ac64f833acbb80af76b2a04117a,True,21435f2aba33c76a5b1246cebcd0ba9a171e901ca1342df10a4b9900c3616de1,pending,pending,pending,
705,فضل من الله,staged_needs_visual_and_linguistic_review,True,not_reviewed,False,[],44,0.864,0.409,0.864,3.52,6d96b465a0aff5053663dd1c3942d00b982bfecb41726a4742664b10e3cb77ea,True,febb83b2de9e0daa11fdef685b323a0eef871174883ea7069f29898f6f34bd49,pending,pending,pending,
711,قد قامت الصلاة,staged_needs_visual_and_linguistic_review,True,not_reviewed,False,[],59,0.864,0.712,0.864,4.72,c07395b3c6156670385dce8b799acf0f990d56a27ad1e6968516a4e148abecf3,True,00b1bb5c1d8dffee9b3f5f8557a4723411299e9de9304a60f8a6bc557b05e591,pending,pending,pending,
875,صحيح أبي داود,staged_needs_visual_and_linguistic_review,True,not_reviewed,False,[],44,0.864,0.0,0.864,3.52,5a58c922d20af6ce58a328d41bbe606eeb2ab64e695fdd3e6a0dba6b58166a52,True,76001e01f9dbe13ebd0026169a837428b9cdce62ddcb9306c3a03ea78c0350f7,pending,pending,pending,
899,عقد النكاح,staged_needs_visual_and_linguistic_review,True,not_reviewed,False,[],44,0.864,0.614,0.841,3.52,0ee06a07e79d3baf178de4e4c3c416fc87d0f6b85091dc780c23381c597af489,True,45bcadfee96827d4310939074075631aa22b3ef5f0a457d4de3fbd92a5a76a3e,pending,pending,pending,
928,قوة العزيمة,staged_needs_visual_and_linguistic_review,True,not_reviewed,False,[],44,0.864,0.0,0.864,3.52,f6910ab2b210d0fb2c9b77b96f55116928495be0edb87609a4cfff37015e78e7,True,a3571b1317643b64685b2c4e8d2d1414e75265ad9b2bd8fc583b172682a1ff12,pending,pending,pending,
941,مأموم,staged_needs_visual_and_linguistic_review,True,not_reviewed,False,[],44,0.864,0.614,0.818,3.52,40b37c76667f4cb83b8445ecbedd0dc80570146182cc1784fcbfa4cd0c383296,True,c84a8ce2a647effec449c7f99d0959bb576054ff5b36a4ca5d9378d8662fa7fa,pending,pending,pending,
993,إزالة الشعر,staged_needs_visual_and_linguistic_review,True,not_reviewed,False,[],44,0.864,0.0,0.864,3.52,9b28a379e7ef6bafb35d97079d7eed1ec9b6d74ba0180846f02a6bc23d73f4c6,True,db438b484b72573fa08a9dcb1d4ef32eef01782ee769cb721721ea08f7ff2e39,pending,pending,pending,
995,إزالة النجاسة,staged_needs_visual_and_linguistic_review,True,not_reviewed,False,[],44,0.864,0.864,0.75,3.52,dc00252947f5c23a0796624d2fb0e67d77c79b78d21332f077f7b32494165e12,True,1de75085c4c21e6781cf850e2480a4c4b7c36aa5046c986976ec898e0449db8c,pending,pending,pending,
1003,إشهار الاسلام,staged_needs_visual_and_linguistic_review,True,not_reviewed,False,[],66,0.864,0.394,0.833,5.28,1b50afa5bad31e038a6d18de1e5127beb4f61cf51ecc9aac3cc28a7caa2424d4,True,4fbc6c52534d8274159fd4a194e6b8f6b9cbf3ce1a329bae2404500448385bae,pending,pending,pending,
1031,الاستجمار,staged_needs_visual_and_linguistic_review,True,not_reviewed,False,[],44,0.864,0.864,0.795,3.52,8aa6f8afd9702d56b57d2c585c49053a0469aae5844050dcd997d388c4cabfcb,True,409282f376d2222e7dbbe64b553f1c27eab1ae40d531ce75d96b3f8ed29068da,pending,pending,pending,
1049,الإفك,staged_needs_visual_and_linguistic_review,True,not_reviewed,False,[],59,0.864,0.441,0.814,4.72,12f970a6c062ff39f1b6213bfa178f538e50f5d120ca6148bf2a80fbb18cfe99,True,7ac9b6185bdae6090b0c29719a62d904a057a1bbcb160930f1259c3c3dae4bb0,pending,pending,pending,
1066,البراء,staged_needs_visual_and_linguistic_review,True,not_reviewed,False,[],44,0.864,0.5,0.864,3.52,662601b710dd2713e24e22e3a3170b3bec12fcce3a31079147a1ee2b0d0e6bf7,True,03365df17fbd9a51a7f2f5150bf3b6479c2b2070440cb6689716e44d2fe7d98b,pending,pending,pending,
1077,التأني,staged_needs_visual_and_linguistic_review,True,not_reviewed,False,[],44,0.864,0.841,0.818,3.52,0a30bdd7ac6764ecd091a98f55cc977642528e86d649e1a06912d836de23c14d,True,329f1078386eaac2a73fffb980d5bc90fd3c13eaf4513bd64f8ec27433ba501f,pending,pending,pending,
1126,الثابت,staged_needs_visual_and_linguistic_review,True,not_reviewed,False,[],44,0.864,0.841,0.841,3.52,3460c55ee51d6fd78d84a4f0e30af43a1d5148884a6ce14d0bce49d7b51f805c,True,a40a3dd48a4ea8738b1dae0a3333195435d68d385d31a649cd9a019bf1cbff30,pending,pending,pending,
1213,السنة النبوية,staged_needs_visual_and_linguistic_review,True,not_reviewed,False,[],44,0.864,0.409,0.773,3.52,74465890446f869b8b15a65e67c152860fce82d85e381b41638d356ac4798515,True,69b61ea69eaf03fefea89c279b8c5c0448309499cb058924f80212867fe04d4f,pending,pending,sampled_presentation_checks_passed,
3940,خرج,staged_needs_visual_and_linguistic_review,True,not_reviewed,False,[],22,0.864,0.0,0.864,1.76,ac0a10184b0826baa9330aa859fe71713424c4d996e8687aaf4d2ff3d3998917,True,000b5dac8bfb62c03e3eac1fbc8fbf531a8edc135f38a496080047e124e660d7,pending,pending,pending,
147,زكاة الزرع,staged_needs_visual_and_linguistic_review,True,not_reviewed,False,[],52,0.865,0.462,0.846,4.16,8864032796dfaf963a95213aad704520a4fe56b242885b2d5d61a446ba7bd453,True,81813710b7080cf06d13df381b92257a53098ce48f60ea7bc52079cb4f838634,pending,pending,pending,
174,أركان الايمان الستة 1,staged_needs_visual_and_linguistic_review,True,not_reviewed,False,[],52,0.865,0.385,0.865,4.16,ca44844677d9bfc66964e844874c786f8eb0b6e4cff8e726302b93618a27c426,True,8e4cae82b92b4c28eff53d2b7575b4af7501348da794207dfd9bef82d34e55f2,pending,pending,pending,
280,الردة,staged_needs_visual_and_linguistic_review,True,not_reviewed,False,[],37,0.865,0.595,0.838,2.96,27e2cc1a2000e7014ddb3df2482cd9bc1a46f541e612fc5e4ca71d4876feea07,True,a6a0ef7ba316fb4758f74243f3c308a1be204e6ac768d734e8e791875155816e,pending,pending,pending,
447,إنا لله وإنا إليه راجعون,staged_needs_visual_and_linguistic_review,True,not_reviewed,False,[],52,0.865,0.0,0.865,4.16,65bd9ed9ff344b137366dcc53975e9fcf0d2230ff4aaac6d2f921656f2db31ee,True,4dbb0e2c7b93dbcc9bd075e7c88ffba0993c994ecdf31313f2732c2edc6247fd,pending,pending,pending,
525,خالدون,staged_needs_visual_and_linguistic_review,True,not_reviewed,False,[],37,0.865,0.0,0.865,2.96,dae891d49ad1176ebfbb58ed08ddb5d4597a70b964902f2916f5739e0a9bc7ce,True,505d9678d2abaf7d81a91e17e901890c2021dbe0700898a97c8de75aee568fba,pending,pending,pending,
657,سورة مريم,staged_needs_visual_and_linguistic_review,True,not_reviewed,False,[],52,0.865,0.308,0.865,4.16,bc4c10e8067bd961d28d5b7b074be5aa1b0a8cb28158a994233cb4ee47e46306,True,133fdd2023b355bbdd13a9f1b4c4910c3bea4e3b5202835ca42acef50cf7eb00,pending,pending,pending,
662,سورة يونس,staged_needs_visual_and_linguistic_review,True,not_reviewed,False,[],52,0.865,0.327,0.865,4.16,6034f94c7116be332e0672b3dade556fdbbcb42e5a26801c5c1c60ec587b5350,True,853dc608b057bab1aea0667bbd210896fd97e01e7f186484c9e6324a4ccf66c2,pending,pending,pending,
840,دمج,staged_needs_visual_and_linguistic_review,True,not_reviewed,False,[],37,0.865,0.784,0.757,2.96,be31b5107bbb386209c60100e2169bd17f68a51a0011492921b2eb0385acdac8,True,033b130f8611d808685d5a562211ff3157e31e93102a07b31f10b7066f54a5fd,pending,pending,pending,
927,قوة الإرادة,staged_needs_visual_and_linguistic_review,True,not_reviewed,False,[],37,0.865,0.081,0.784,2.96,330cbbd12ee429de2ce74ed9d8ad435311bb269774215c00d679a88d1a2f8c5e,True,e957c14231df7b91d06e2e7de293242e950041ba5bb0f52ee88c2b0dea9245db,pending,pending,pending,
1626,انكسار,staged_needs_visual_and_linguistic_review,True,not_reviewed,False,[],37,0.865,0.568,0.865,2.96,e57deafb597f6ac5a38a509d1c97d2a4755bb5b75596650260ee27b0f2dcc052,True,856ebec3be243ba5086c495123cfe12940f5abd722631844f81d97ae0b03d42f,pending,pending,pending,
4236,رقيب,staged_needs_visual_and_linguistic_review,True,not_reviewed,False,[],37,0.865,0.162,0.865,2.96,be99c4c24006867f72a6ce4502830a1c4b95b8221f7915bd3fd7a9446d8733a1,True,cafe1df6c3324507ac971180988e96a1e8c881c8993ef1814148b454e6aeb3fd,pending,pending,pending,
598,سورة الطارق,staged_needs_visual_and_linguistic_review,True,not_reviewed,False,[],67,0.866,0.537,0.836,5.36,f6919ed7b030802237e3be4a1bcd7d38f2b64cfe5c4e719f84f4730f99a565c0,True,16d2a1ee8cbee8872d50a66ce96a380935b31a9dabec99fe999f856f82b452a1,pending,pending,pending,
222,التعاون على الاثم والعدوان,staged_needs_visual_and_linguistic_review,True,not_reviewed,False,[],60,0.867,0.65,0.867,4.8,3ee5619e8caa188775b6753b2d8ad22b9ee0e36593aef296822f9e3fe985f54d,True,8ab48edb5640a2bfbd93eb9a4b83abb7c41858a3661e2583ab10cfe82c3e8e4c,pending,pending,pending,
392,الله المحيط,staged_needs_visual_and_linguistic_review,True,not_reviewed,False,[],45,0.867,0.578,0.867,3.6,3e18744f0cdcee58fa9217b99705eedbb225ca186f358d38605e3e1c0a216029,True,3b03f5e5ddb6b666d242c9819fb56efda6fd23f93365fb444dba1b42b9bb2762,pending,pending,pending,
474,تعظيم الحرمات,staged_needs_visual_and_linguistic_review,True,not_reviewed,False,[],45,0.867,0.511,0.867,3.6,a4c3ed47bca1ff4f443d836e3c24ec9a674defdccfe28f9ce3bf3870a91123b0,True,cf34b68eba4eee482f859afe549d57dec2da9d338950ecea78a3c1c494a5b426,pending,pending,pending,
596,سورة الصف,staged_needs_visual_and_linguistic_review,True,not_reviewed,False,[],60,0.867,0.633,0.817,4.8,9b0a675e495899bae81e7281bc8029f49918b7e1360cdc82010534e9c7726122,True,1424d0aba561f7a3a21710a3356dcaa7cfa793b29d359afa8ec95de45f75d2fe,pending,pending,pending,
627,سورة المزمل,staged_needs_visual_and_linguistic_review,True,not_reviewed,False,[],60,0.867,0.8,0.8,4.8,331e714cbb27448d9827f9f44f237d188abdd457347ef98259b9b49604295b04,True,0d72b6979af0cf3f1c005d4127c95eabd20c654f67c25c7d23470a2100c5454e,pending,pending,pending,
640,سورة النساء,staged_needs_visual_and_linguistic_review,True,not_reviewed,False,[],45,0.867,0.4,0.844,3.6,a7cd0844538039d86966242ae38e8c5fe15f1325003de384ef3208614baba1a2,True,2cc0af637ddc7dce6c278be627b9466005d49711f9237017085cde93bb0df15c,pending,pending,pending,
730,مأوى,staged_needs_visual_and_linguistic_review,True,not_reviewed,False,[],45,0.867,0.622,0.867,3.6,f91ff305dbcdc8bf1a647c83ebef5757c09df1702bfff235b3230a20b761151d,True,05042298895e29a7c2ccdd3380b138502a6ae52143561ae6a3374c3879828258,pending,pending,pending,
798,تكريم الانسان,staged_needs_visual_and_linguistic_review,True,not_reviewed,False,[],45,0.867,0.356,0.867,3.6,9bfc350edb11b805bf501dc80d7890ce9ceccd91f7ea6b07bb22c8192047f9a6,True,44fd021bc1bf181d62295d5430263ff865ce1b2038c96a8b43f9b7c2b38a6362,pending,pending,pending,
820,حسن المعاملة,staged_needs_visual_and_linguistic_review,True,not_reviewed,False,[],45,0.867,0.4,0.867,3.6,814ecc85dd47e69019143e12d30833023a949b9e19199cd0854f506ff50373db,True,76ac5fb66634e0c4d751418431bd7b69191ca3113656cbca73c6701a0bfb7e77,pending,pending,pending,
839,دعارة,staged_needs_visual_and_linguistic_review,True,not_reviewed,False,[],45,0.867,0.511,0.867,3.6,fcfeab48bb22afa86af5c8ee61821a6756df522033b035681f08931b83ca4018,True,5de6b1e1477311ec3a7c4ec11b77e62b9efcad353ce7bc336b8fddf37826930a,pending,pending,pending,
871,شيوعي - اشتراكي,staged_needs_visual_and_linguistic_review,True,not_reviewed,False,[],45,0.867,0.0,0.867,3.6,9f64d51f07b12ea160af28031aff2fbf2976617fbb00a6f472fd0e2497836062,True,7102995d883d5e4c9105a1f309d7f427b64348640b4b584875c02c9671c845d9,pending,pending,pending,
965,مكروه,staged_needs_visual_and_linguistic_review,True,not_reviewed,False,[],45,0.867,0.0,0.867,3.6,f089f9f0aa62761d7a911487a417e94491e6905f4dd009f5258d15607deed678,True,d7ceb339a77fb7580177284e88e6471c4e7bd5b13dfd7ef5ae719eaa1fdd154b,pending,pending,pending,
992,أذكار,staged_needs_visual_and_linguistic_review,True,not_reviewed,False,[],45,0.867,0.533,0.867,3.6,ada5f917f7fb39ee84a61a051992f3c131d8dd7ed32b1b2122e15e27345f5bae,True,350c95e39401347aad7b7830901a1ee8166f360865128986c7b142f6c676f867,pending,pending,pending,
1013,إغواء,staged_needs_visual_and_linguistic_review,True,not_reviewed,False,[],45,0.867,0.4,0.844,3.6,bdb15629ac6e6c9ef2157e0e0dabd17ad4db7952e8a98aab97938c70b36d2770,True,0d38cb966f053b0bcbda13a5fa83b956a812b76181188617a03b2f58fad73682,pending,pending,pending,
1023,الاحتكار,staged_needs_visual_and_linguistic_review,True,not_reviewed,False,[],60,0.867,0.483,0.85,4.8,c766ed936fffb675c61495a3c4928895a7d7fa1f361c14c6966381400f3840e2,True,aba961f88d4013832d788cd74c166b250239654a54afece2340e07b19d3f0791,pending,pending,pending,
1035,الاستنجاء,staged_needs_visual_and_linguistic_review,True,not_reviewed,False,[],45,0.867,0.867,0.733,3.6,2cf270e545c35e42369d0128ea36ea3ae30d8636531ce7bd53ab6b4382ccfdc2,True,1a447da13b1c8e1d59fb2aa763fe37204b112bb36798b1e816fc78ecfd770f8e,pending,pending,pending,
1046,الأعشاب الطبية,staged_needs_visual_and_linguistic_review,True,not_reviewed,False,[],45,0.867,0.311,0.867,3.6,f61f47cc9577dbbbf22e93aac20c3a20e9955c89575ca8d9f127e7246f5d10a9,True,2bed9fabd520226999e89ea3ae62f6ae374e4d1803533cc9b1da1a771501154f,pending,pending,pending,
1110,التنازع,staged_needs_visual_and_linguistic_review,True,not_reviewed,False,[],60,0.867,0.867,0.833,4.8,7d1d02c88e7d603aad933f84b4e0455279bf0cdaaa29f50bc0092b25beb887ec,True,6c2bc91793d3af293599a7d9bec94cce460575f264598d9bdba3feb54a85eb52,pending,pending,pending,
1152,الحفي,staged_needs_visual_and_linguistic_review,True,not_reviewed,False,[],60,0.867,0.467,0.833,4.8,c6db7e50ec1389f4c7906016df537cc44f99a0253c86e3a0648e3f01c9bfd030,True,845c624ee3c48954ee342ca7c1d74e99b94a142b0a63e22d5fc3f0d231a64aa4,pending,pending,pending,
9956,إيقاع,staged_needs_visual_and_linguistic_review,True,not_reviewed,False,[],45,0.867,0.0,0.867,3.6,23f2e81c6826a6b2fb8f9d15db5bc6343ae7a2caf037008f9f7a5624688d1ae3,True,b01b1d0fae2c46b17923cea699a5bc2f20802b51fb92189501fe6c47e6d00f07,pending,pending,pending,
171,أركان الإسلام الخمسة,staged_needs_visual_and_linguistic_review,True,not_reviewed,False,[],53,0.868,0.434,0.868,4.24,2e1e0dd28ea643afc842959ad6ae128da86e702c813612550e2398a9063b4bce,True,84992f8cc73d3c3ba30c4d7782ae5a4e1595c75b10e40a5419814f4b88dba8f9,pending,pending,pending,
284,الركن اليماني,staged_needs_visual_and_linguistic_review,True,not_reviewed,False,[],38,0.868,0.447,0.842,3.04,db44f69844c68eccd6e497136986978a7f176965023718c6410a7f51082539b4,True,5c632f3f48ba8cc5d0e8855e3814de21818983d15bdf4403e1220ab691b5f279,pending,pending,pending,
342,الله الغفور,staged_needs_visual_and_linguistic_review,True,not_reviewed,False,[],53,0.868,0.038,0.868,4.24,e288f39f9837df5335f59f1ad7e8c08e4e6424cd8eb218d7ba2e6e5f19c4e7b2,True,574360abafea67b7f76340a31687a908f588726b79071b982399131a6d2392ed,pending,pending,pending,
478,جسر الجمرات,staged_needs_visual_and_linguistic_review,True,not_reviewed,False,[],53,0.868,0.283,0.849,4.24,21534eb1cf39de4bbdc239980d611f063469cc6e12860213b2875b1bc06c12f1,True,2dfc1ccea79fc1c805477c966f3783fcfaa9700dc6577105e4525c3ca53d305f,pending,pending,pending,
517,حمام النساء - دورة مياه - نساء,staged_needs_visual_and_linguistic_review,True,not_reviewed,False,[],38,0.868,0.0,0.868,3.04,0533bf1a68ac1be4c5147d6367bf94fec3a552f9a1f1b6fd805b0afc90aac996,True,273f6bab8b1374a6e852263a4d2993c2a997ea69427480e8bc2e21f81668e457,pending,pending,pending,
9813,الؤشر,staged_needs_visual_and_linguistic_review,True,not_reviewed,False,[],53,0.868,0.698,0.755,4.24,a295ef4ff3cb430379b1dc3b233fae7984d0e481e56a97aa1c0b21fb9a7c078b,True,e827e5407f88b239e3f85f415e027a65babe752fc389a90f594cd1df8c76e589,pending,pending,pending,
445,أمير المؤمنين,staged_needs_visual_and_linguistic_review,True,not_reviewed,False,[],61,0.869,0.0,0.869,4.88,2ad5d0690eca053ef8cfe8cb2cff49749cdd175bf8cfe8626b63d3e75a5185e2,True,80182f274d6574e4881cda46e7e256f76a090c61d6be209d7099a4c03d73c499,pending,pending,pending,
336,الله العليم,staged_needs_visual_and_linguistic_review,True,not_reviewed,False,[],54,0.87,0.0,0.87,4.32,6ea22f4633afca71a3cf042b80a7c819efc48d83be8880623314d62cc68aafb7,True,29beeef366f206ed12a36f7b77facb26cc3a3543c2625e561aa6e5f6785183c4,pending,pending,pending,
420,النجاشي - ملك الحبشة,staged_needs_visual_and_linguistic_review,True,not_reviewed,False,[],54,0.87,0.0,0.87,4.32,dd9e39a648ea3889e5b24d352e89299dc7f6cd634f278e9efa047b628c3f36fb,True,86cb3e68fe373ca2def661e1b0ec3760d894a106c149038c67897810de684af9,pending,pending,pending,
575,سورة الجن,staged_needs_visual_and_linguistic_review,True,not_reviewed,False,[],46,0.87,0.87,0.87,3.68,e83d6cc4056a2cb3980f7da2c93a7f2e6ff78ddcc40735b3cdbe9bfed0f0feba,True,203c237c7f66f61abf969d1f0281765ef7aabe07de9a7dea273935e44c272b68,pending,pending,pending,
608,سورة الفجر,staged_needs_visual_and_linguistic_review,True,not_reviewed,False,[],46,0.87,0.413,0.804,3.68,9c9ecff18ba4dde5b05674d5e51bb0ba993c6cbb9931270650f0a6bfd7d07422,True,17f92b2cd1a22a284d54d4de001e90b7ad3e6bc83309dea735fd763e06136572,pending,pending,pending,
615,سورة القلم,staged_needs_visual_and_linguistic_review,True,not_reviewed,False,[],46,0.87,0.457,0.783,3.68,1ce2402ae9daf77f0a6d566ebece6eda79a7f362748a172e454b9a369c595caa,True,78e7bb8404bafdac364154535f2ab3f115fd8d81b671dcdf313510c656eeb066,pending,pending,pending,
642,سورة النمل,staged_needs_visual_and_linguistic_review,True,not_reviewed,False,[],46,0.87,0.37,0.848,3.68,5c06eb003d8ee122f5be8b359c101f521105bdd9a1aacbe434f5defc42169896,True,50c9e5b10b861ef40883c9c623840998d2e8761740ed29bd5cf7d8519c652db6,pending,pending,pending,
647,سورة ص (صاد),staged_needs_visual_and_linguistic_review,True,not_reviewed,False,[],46,0.87,0.478,0.848,3.68,60451b51d6ba1120011302860366298c5e8d20ad6eacc1d7dad2703681d1fe7c,True,dd1578c529b22033bfad6541e96ad4cbeb71d8a3fbc1d6bc8d4bb8f1b0155dbd,pending,pending,pending,
656,سورة محمد,staged_needs_visual_and_linguistic_review,True,not_reviewed,False,[],46,0.87,0.435,0.804,3.68,9ae42f9f873a0b93a4234f15a8a94b53848a78642a13fe57800339c52676d6dc,True,d3b069bc481777741fda005dd9b57b54c4504e3a0f521cdce55d5fd0e45050a9,pending,pending,pending,
666,شرك أكبر,staged_needs_visual_and_linguistic_review,True,not_reviewed,False,[],46,0.87,0.739,0.87,3.68,22ce018bfbb1dedbb09f896b91e6e85e3ae065932d43424768d7617eb5a65b80,True,8b58482214ff3fcbe948b2836edc00b26f889b5a8a03e7a3fa47e28dc2de8dcb,pending,pending,pending,
712,قذف المحصنات الغافلات,staged_needs_visual_and_linguistic_review,True,not_reviewed,False,[],54,0.87,0.37,0.815,4.32,2a28adb45c912bad968021ad1b59aa0a40c776543b6ea010510743c0e2c07d02,True,7fdbd65d9d5d96f80057f94afb19732ff23bcccd001c221d0c0276df24c7de67,pending,pending,pending,
719,كظم الغيظ,staged_needs_visual_and_linguistic_review,True,not_reviewed,False,[],46,0.87,0.348,0.848,3.68,0a0f791b8f4aa6cd2cfbd45cd7a6b350394ac86355bb68c9838695847ddeb143,True,d7d7f0040dd4fc4da1bd56907038452d92e3a0093967e6e3237e21849a863769,pending,pending,pending,
731,مثقال ذرة,staged_needs_visual_and_linguistic_review,True,not_reviewed,False,[],46,0.87,0.804,0.826,3.68,e72ed4fe2e61421fa48fe08fb5f90cd090fb519bd17eeec5cb2570b9e32f8ed2,True,9daa065254f94371fa4bb4963aa9f9ef0c4d724f2c2c187bdf593cb1ea7d3c94,pending,pending,pending,
925,قضاء الحاجة,staged_needs_visual_and_linguistic_review,True,not_reviewed,False,[],46,0.87,0.87,0.848,3.68,905be4210908aa46541e2dd8ed3036a498ab35a04a4129933f7ebb250226da6a,True,e017e02b3dea576c9a28c588695e013080d5bdbe94dc749f4d73eaba17bffbfe,pending,pending,pending,
974,هجر القران,staged_needs_visual_and_linguistic_review,True,not_reviewed,False,[],46,0.87,0.348,0.87,3.68,9107d079c6cde808e8de60ed5e70686fbb445b03072e7dfab99ded0b50d98e7f,True,28d885984d536cf58c23dfed8d523847326de1d69471aa08fba89fc090112845,pending,pending,pending,
980,يارب,staged_needs_visual_and_linguistic_review,True,not_reviewed,False,[],46,0.87,0.674,0.804,3.68,da2b3e131d87d5ce98471215e8f1940bd3579ccf5be246cbef7676c4c5f27fd8,True,372eb9c766f5a5b6af9ea58e27d116063c332ed9ffbe039755f315d73bd92674,pending,pending,pending,
1012,إغماء,staged_needs_visual_and_linguistic_review,True,not_reviewed,False,[],46,0.87,0.0,0.87,3.68,5ae564bf0a641695bfa2a0ccd53790ec47a6669b5c56fba3ebb445ace2c91620,True,5a27930922812fd088e34184b644e2b234d6045622763775f6ff89710c98b467,pending,pending,pending,
1063,البخل,staged_needs_visual_and_linguistic_review,True,not_reviewed,False,[],46,0.87,0.0,0.87,3.68,cbdd3d4f962a8c98ee4d3bf96550512cd46827ca56bf6492a0d03fb6ec446c1d,True,b6e6ba57e17dcdc4815d2decfcbbb21d3a5990e4894844072fcdeaf85f781019,pending,pending,pending,
1111,التناصح,staged_needs_visual_and_linguistic_review,True,not_reviewed,False,[],46,0.87,0.826,0.87,3.68,9958d1dfcdce16481a055d9b0fb9baf01304a6ea14c322b236117ff9d4282d5d,True,a39cde10183b4f768baa7b640f1d9b71b5552c99809a8a46d20d094c8cfecd27,pending,pending,pending,
533,ذو الحليفة,staged_needs_visual_and_linguistic_review,True,not_reviewed,False,[],62,0.871,0.581,0.645,4.96,e176f620a31599c4543441f28775c897e609e146dc302155b9a54325bbdd64be,True,1bbadbab8fe2b1446ea21bcd451c14d4dcc584f265c2c714951e19627c8e2935,pending,pending,pending,
757,هارون عليه السلام,staged_needs_visual_and_linguistic_review,True,not_reviewed,False,[],70,0.871,0.271,0.857,5.6,2af14e7d3125bcfcdf98cc4c7fecf00c1d0312b0172841c73a0fcb774a6aea13,True,a1e9522d16dc2b3962b65b5061cb3b598bb3995922a96c721eb5d4e67ef87061,pending,pending,pending,
136,آدم عليه السلام,staged_needs_visual_and_linguistic_review,True,not_reviewed,False,[],39,0.872,0.0,0.872,3.12,dc47bab031ef9cd8815cc7e88cbee3055af69ed6da63a13acff3524f2a714641,True,5b564625454ff0fa998bfc914aa46dd07d2b603542354b3ef144e11e9befc041,pending,pending,pending,
179,إسرافيل,staged_needs_visual_and_linguistic_review,True,not_reviewed,False,[],47,0.872,0.872,0.851,3.76,a3e31b2c0f6aaa814c56ede2f1dd5d0c7f82c383a6d0c66a151d74e252f6b142,True,66dea8cfe6a71977edc2255e5b42fff0cd68edfabf4925f80bc662d14556baa4,pending,pending,pending,
185,إصلاح ذات البين,staged_needs_visual_and_linguistic_review,True,not_reviewed,False,[],47,0.872,0.809,0.702,3.76,c7fed9fac072f543c631fee70b2a7cdf27c2f2ad67adc0f481ed66fd8106b0bc,True,6788b3fbace3a18259596d637b2f55f32d6714b3821fe4d3e481bb347f97c976,pending,pending,pending,
204,الامام ابن ماجة,staged_needs_visual_and_linguistic_review,True,not_reviewed,False,[],47,0.872,0.277,0.872,3.76,34e4d6e6ff38488ae609f8a5bcfa5d60988d3f45146d236662f789f8e6649ab7,True,546d88562a76ddeb4f2ecfbf4348cd3d6933478cc6cc7b7d3da73f0beccd07cd,pending,pending,pending,
265,الخلفاء الراشدون,staged_needs_visual_and_linguistic_review,True,not_reviewed,False,[],47,0.872,0.83,0.574,3.76,1a224f0c1c4bc71f0cf453251ad5564dfe4ee2a1e36ca1d1ad3bc333c0ea790b,True,cbe27687e84a151af3397348707ff79216b2213832f198dc601655924b59ff67,pending,pending,pending,
269,الدليل من القرآن,staged_needs_visual_and_linguistic_review,True,not_reviewed,False,[],47,0.872,0.532,0.872,3.76,62567d0d4ebd2192d003c6fc345eb6fc430e2d6f6f5bc2f13a1bca0e4e0e0372,True,7823efaf9a93358e13d255958f5dbaedbb5c24dc99a0ccb2e3f0369797f5fc4f,pending,pending,pending,
358,الله القريب,staged_needs_visual_and_linguistic_review,True,not_reviewed,False,[],47,0.872,0.574,0.872,3.76,36a10c961a5d5e8bab5de3831ceab9cb3e161c6a8e912352af0b56129cb7c2e4,True,4b1caa87d60416e79ff0e0cb4beee470340f9f4c86ab070f83a78ad496894864,pending,pending,pending,
441,الله الولي,staged_needs_visual_and_linguistic_review,True,not_reviewed,False,[],47,0.872,0.468,0.872,3.76,6feaee5665da030ab9e785b8b9586e0fafe7fc89e896654de6008bc027df8945,True,85d8db626b4fcbc6a3920df176dedfde71df278b2f0b5267895d98eb66b8806b,pending,pending,pending,
464,بإذن الله,staged_needs_visual_and_linguistic_review,True,not_reviewed,False,[],39,0.872,0.0,0.872,3.12,ecf96ccf820000c27d8310a9525f0ec40494c51f682d8b65e71c90d213055a94,True,4faa06d4c50ea50ff477b62a7a4ff078a5d2a6829f989b89104796693893ed44,pending,pending,pending,
494,حد الخلع,staged_needs_visual_and_linguistic_review,True,not_reviewed,False,[],47,0.872,0.596,0.851,3.76,58508e42337a0e1c15496ffc3cb9243f0222380d939b679cd59c8f187ff4736a,True,9443b506561c7696d3a6182fdc32854ace27271917b84cc784e6ed5c5f88363d,pending,pending,pending,
498,حد الطلاق,staged_needs_visual_and_linguistic_review,True,not_reviewed,False,[],47,0.872,0.66,0.872,3.76,b109d572cbd6bbecc766dbf0cb662ba5a5e4251fee94f335d16a85ea716ba091,True,cf72f299eead3d0dd15c16898ba2adba89e7f917267196713814de6f43002b0f,pending,pending,pending,
528,خلق الله الأرض والسماوات,staged_needs_visual_and_linguistic_review,True,not_reviewed,False,[],86,0.872,0.663,0.733,6.88,e82987ee16b630eeaf308326a7e47fc02a8b9bcc8dffa8ccf68f2d78e4d664c5,True,d57fccdbba542640f9ea48e824a9338544f91c7cca3743779786d5bd47a8f185,pending,pending,pending,
665,شرك أصغر,staged_needs_visual_and_linguistic_review,True,not_reviewed,False,[],47,0.872,0.745,0.851,3.76,abed2e0295b04f2c66555f40467f5b3e15c47e967a7a82d7b6501de1662eeee4,True,c0ff5fc078424cfd629efa9eb24f943bcc35ab830b3a8088c727f31def053e8f,pending,pending,pending,
695,غزوة تبوك,staged_needs_visual_and_linguistic_review,True,not_reviewed,False,[],47,0.872,0.83,0.745,3.76,5339830a6da8f129a37bfa1a28477f58d95eb94c74a230cc0b431d88b9ab230a,True,3a09edca69fe9ae99b04b4cccb94ef076f5d1aafb5b946ea5224e64089afcc50,pending,pending,pending,
714,قريش,staged_needs_visual_and_linguistic_review,True,not_reviewed,False,[],47,0.872,0.745,0.872,3.76,93bda6c4561c43f921e19c69e92aebe7e5397dc63e0e096cdc85e161bfbcf822,True,c5c8180560b27e34ad964f23a94e67155001c51ec7b33d94635151715ec76bbe,pending,pending,pending,
793,تفريج الكربات,staged_needs_visual_and_linguistic_review,True,not_reviewed,False,[],47,0.872,0.872,0.83,3.76,dcc7eda8c898513471d3dbd0752461e237ca1e122adec52b42aba77487b64ef0,True,5575b5a11745400bb7f66b9f15b913bd845303be1d89172521a607b48957fe05,pending,pending,pending,
877,صحيح الترمذي,staged_needs_visual_and_linguistic_review,True,not_reviewed,False,[],47,0.872,0.0,0.872,3.76,70d77e8c18856090b28f3f63464bf637179011906b458f5798d1d07fb7af7ad1,True,cebfbe2f0c98ad8da97c46fed4eeb86f25f9cfb3875990a42a033ecfffbcdb34,pending,pending,pending,
1058,الانحلال الأخلاقي,staged_needs_visual_and_linguistic_review,True,not_reviewed,False,[],47,0.872,0.34,0.851,3.76,d37bf7521e027b69e696953a98e3b6d9cf12b646e79756f568a3b1e9d32ab5b8,True,01795f00879f290dc5154d17041fcf6650038ce23e79ab7861a6a3a10999f4af,pending,pending,pending,
1060,الإيثار,staged_needs_visual_and_linguistic_review,True,not_reviewed,False,[],47,0.872,0.0,0.872,3.76,4e9b6e80e5e2930b9566878e78bad2a352615776dd58f4153a98d2b49e6e263b,True,54a11a0d7055c241ab21d22a8e4cb83941461278b7712401c073c4f7fc07ea7d,pending,pending,pending,
1106,التكلف,staged_needs_visual_and_linguistic_review,True,not_reviewed,False,[],47,0.872,0.0,0.872,3.76,ffaa91b828e6c526acbae44466f6362f491f65a773500545edabfe130f1c206f,True,101efae6aa84b73f7f0b5ce3bed76f968954f1a5664d58d6bd3df5afeb59df1a,pending,pending,pending,
1129,الثناء,staged_needs_visual_and_linguistic_review,True,not_reviewed,False,[],47,0.872,0.0,0.872,3.76,e5a909289b871dec276a604c26d8d7ce6c47f6f62754c7c04fc4962852c8b5b0,True,361fd04f57e624211bd85459d98a5ca80ca90d66f1df618a11b294924bcffdbc,pending,pending,pending,
1396,الحجر الاسود,staged_needs_visual_and_linguistic_review,True,not_reviewed,False,[],47,0.872,0.468,0.872,3.76,af328d3fa70a60c26ebc92ea5c81a299db0c82382b4c976a4d15bdb768ff2cde,True,2df1398bca34e5aff52aca4c9b84021328e161461fee6a44ff783dcb07543f9f,pending,pending,pending,
9407,نبية,staged_needs_visual_and_linguistic_review,True,not_reviewed,False,[],47,0.872,0.298,0.872,3.76,c06d47a7fff7f385129f4540d60f4b9b0768a4f8fb2d1dede82c9e8e5b2858cc,True,d92ba2192711c85e5ca55a27eb565d8787f941e7c83a40fb366894d404c33f48,pending,pending,pending,
9791,الاسهم,staged_needs_visual_and_linguistic_review,True,not_reviewed,False,[],47,0.872,0.851,0.851,3.76,40f4baf971531b7b9d33510901dcd478fa5c34871d86579b53d1068da41ca6b4,True,c8a8c1c0f4e262b84b2f70d12eda8f331fc9e47d472bd981203f9233b967268c,pending,pending,pending,
10040,شاهق,staged_needs_visual_and_linguistic_review,True,not_reviewed,False,[],47,0.872,0.851,0.872,3.76,42026e0fe259eb57316b8b91f3e09cb0cbd4f18636da632b40e72e031c5ac492,True,dc257c6f30f907bb2f58d5ce452d8c8eb0cc0105863b89a226aee1d8465d99b0,pending,pending,pending,
11887,النسائي,staged_needs_visual_and_linguistic_review,True,not_reviewed,False,[],47,0.872,0.34,0.872,3.13,2c12c60c3d25e83664ec651ebb57679d0933e6f76ac5ad02774bee853fa25372,True,13a4ffb939de020fc5f48700b93c054d9d2a9c6de33452354e9de9119f524bd0,pending,pending,pending,
680,عالم الغيب,staged_needs_visual_and_linguistic_review,True,not_reviewed,False,[],55,0.873,0.0,0.873,4.4,3dc70e10e43c6c26e9c601584a0a0eec07de91ea2e140f6a8b9f8dd0396c05d4,True,e43bc577d7509ff82ad5a15616cf1358f00855ecf2a3981f9c77a876c305b6f8,pending,pending,pending,
563,سورة البروج,staged_needs_visual_and_linguistic_review,True,not_reviewed,False,[],87,0.874,0.644,0.828,6.96,f99a69c448a12dc9ec98a66d7dc5fdd26830a71451ec34df936a3572d6fac1f1,True,602e3dc338e637678d5357c1913b0643a795de88ab719ec3def9ef0bfde7f82a,pending,pending,pending,
196,الاضحية,staged_needs_visual_and_linguistic_review,True,not_reviewed,False,[],48,0.875,0.417,0.812,3.84,311eb72538e901a5e93c130b640dff56d8e456cc34ab4e531c9bbc57a8f6feb2,True,682b4e0bf00e8c3aad3ebf0dd5cdf01f619c73e32808b9e7d64e9da1cec59a71,pending,pending,pending,
330,العرش,staged_needs_visual_and_linguistic_review,True,not_reviewed,False,[],40,0.875,0.5,0.85,3.2,ad58e7adefaed8127bc34526e213be4b6f2e4e5835386b388965c65d94ccb543,True,9c4e08796a046eec8102932083b1b3ddf5c7ef580fd23c85cfbb968152c6c06f,pending,pending,pending,
354,الله القدوس,staged_needs_visual_and_linguistic_review,True,not_reviewed,False,[],56,0.875,0.393,0.875,4.48,36c6e30fe412a224cfe7c7648d82ef3cbcace29c0cbaa0e39db1c541c8f907e2,True,9e6d761c3996e43ae8a37665c21fb03ab5e20fe0baeb0891a718b63e56955909,pending,pending,pending,
409,الله المليك,staged_needs_visual_and_linguistic_review,True,not_reviewed,False,[],56,0.875,0.054,0.875,4.48,9ac2d493c4dd2e9599254a03d10b420fda607dcb02dbf97d60b3ea988237191d,True,dbabe9112b04348ea46aff7140b2d9b53bdce1daf6175063c63ca46e1382d294,pending,pending,pending,
510,حديث ضعيف,staged_needs_visual_and_linguistic_review,True,not_reviewed,False,[],48,0.875,0.438,0.875,3.84,a656b1e0e700d0419e5f0fb72db4a5a12003786f2836ee049df1e2d4012411ca,True,efce48f568778cccc744d65f5171dcfa7fe4071f398756562355129cd2c411ca,pending,pending,pending,
552,سورة الأحقاف,staged_needs_visual_and_linguistic_review,True,not_reviewed,False,[],72,0.875,0.694,0.792,5.76,0b08ced090028c422a6e994e28ce78acc0c547777fe10dc3940552ea485c7c91,True,58658ff546d2e2bec61c33139bff0bea312c010f67e02157c6ba627deb39cd61,pending,pending,pending,
560,سورة الأنعام,staged_needs_visual_and_linguistic_review,True,not_reviewed,False,[],64,0.875,0.5,0.828,5.12,57ce6bd06ecc73dcbed7f5df31fd4d4c5aed08707d35cfcb93600105f59b8903,True,e1a6ee6e9c32772c6f4c88b5ecf30aa38c555cb7c34046720ab6d13e00ee39be,pending,pending,pending,
638,سورة النجم,staged_needs_visual_and_linguistic_review,True,not_reviewed,False,[],48,0.875,0.854,0.875,3.84,8c2f18d2e395cbebc2985d6ed54be5436fc82bedf0a5d66fe1e0f4e24feffc6d,True,666e6af14cf53e04163bf4684d0a6ed324c70f984cc1a313d8a64628ad28a8a3,pending,pending,pending,
876,صحيح البخاري,staged_needs_visual_and_linguistic_review,True,not_reviewed,False,[],48,0.875,0.0,0.875,3.84,d7e3664ba5b70b673393a2d7e2b1a91ea694a0563248b71794d75a81ce6fc706,True,768eeeca581c303283c003d26ec8a3427883795238d98778094fc8bd6f2a1df9,pending,pending,pending,
932,كتمان الشهادة,staged_needs_visual_and_linguistic_review,True,not_reviewed,False,[],40,0.875,0.5,0.875,3.2,ebc6687dc9c70a0747f7310a30ad68db5df2e663c9129213f409562b1134bd64,True,38c34b2e3e8a75498d97734787652d985b59d65dcadf283e58666b8c308b8029,pending,pending,pending,
943,مبطلات الصيام,staged_needs_visual_and_linguistic_review,True,not_reviewed,False,[],40,0.875,0.5,0.8,3.2,644363375be1f1750c9b8bbad1a35f3e8ae398d1ef7af37015257a52212e8ecc,True,27c3b4141b98b70000a40608f727f97a5448b05286cb926da9242cd1fee92cfa,pending,pending,pending,
977,واعظ,staged_needs_visual_and_linguistic_review,True,not_reviewed,False,[],48,0.875,0.854,0.854,3.84,54a9cb08323e621107792a0aeb334b6fcf57ca00bcb942269ea35c27e26bf214,True,45ab30286d4d5075be9c790c26a7c9c12318511946d53fd11da34844161ccc0f,pending,pending,pending,
1019,اكل الطيبات,staged_needs_visual_and_linguistic_review,True,not_reviewed,False,[],48,0.875,0.0,0.875,3.84,c46a24123fb0d02f1742d7fe3f84fe8986d6762961125814dc8e467c265892fc,True,e9f95e22aec1612c7d876f65ae41b845dd87b84b3bceb1773764f0da34499b46,pending,pending,pending,
1072,البلادة,staged_needs_visual_and_linguistic_review,True,not_reviewed,False,[],56,0.875,0.321,0.875,4.48,c81be443f2ea1f9693f593f40beb244988b770844649646e6ab5146f567015fd,True,e4cedb718524add943622a10d78f5434028d3637ce93e8ed81e3cae728fdd39e,pending,pending,pending,
1076,التأمل,staged_needs_visual_and_linguistic_review,True,not_reviewed,False,[],48,0.875,0.542,0.854,3.84,fed5e92e5640ef3f65538a6da826b7552fbad6965e29211ec87c94904f566d93,True,2a2c7e3e775d261205f6a38a8935446986cbfc34004dca58010ae6b40d7b630b,pending,pending,pending,
10001,جماهير,staged_needs_visual_and_linguistic_review,True,not_reviewed,False,[],32,0.875,0.875,0.75,2.56,c970fc67ef24cfa3e0054e761e7fe5b0009d40b1cb6431cfce3821885bb0aed4,True,06a44e9a6a1c53377ab6c1dc2a6156ec0c4d9e554d581c49f06687da440502e6,pending,pending,pending,
252,الله الحليم,staged_needs_visual_and_linguistic_review,True,not_reviewed,False,[],57,0.877,0.316,0.877,4.56,1c9c8fdca9e75fea8b89df275e54694db82f0a14fb264b049ffb24ca66fde4e1,True,cc3d04e672872e2254b3a483a6d8f681eccc280491b39915d15b8a86972a6611,pending,pending,pending,
595,سورة الصافات,staged_needs_visual_and_linguistic_review,True,not_reviewed,False,[],73,0.877,0.849,0.836,5.84,3102450606135a3521ba83e445d26a0447eca05533d57b2ba0e1fff904fbb669,True,8c34fe4f2b144bf6b41eba0158f6d584459bbe2e3b27f0dbdd2e7fcfd6e52d0e,pending,pending,pending,
634,سورة المؤمنون,staged_needs_visual_and_linguistic_review,True,not_reviewed,False,[],57,0.877,0.316,0.877,4.56,ae36806f46f0e051b63238b4dd0fe4b41ffa2052b575c5ef2e800c4610225cd5,True,3e5db8a394a7683d464e1f2c144189035e25d3e8a7259eaea017203c7db87574,pending,pending,pending,
236,الله الجميل,staged_needs_visual_and_linguistic_review,True,not_reviewed,False,[],49,0.878,0.0,0.878,3.92,079a1bbd3403a2522ab4a732e6ec999c186b87a78244240c3d1f618878a80157,True,79fb6cb8dc70635e81e5dfd99a57b593cece6bf43c3654a4231ea1320685e74b,pending,pending,pending,
248,الله الحكم,staged_needs_visual_and_linguistic_review,True,not_reviewed,False,[],49,0.878,0.531,0.837,3.92,50d4fee37d7f39ce22ba82e92ce21c01bf67d02fc261ee85fae6afe8b1846665,True,3f97bda8ad902d867a99109c1bd6d7001816e30ed417bc68bb62831153595fc8,pending,pending,pending,
315,الشيخ محمد بن ناصر الألباني,staged_needs_visual_and_linguistic_review,True,not_reviewed,False,[],41,0.878,0.0,0.878,3.28,17ea0aed20c88b8f8ac10f3da8c577a57c0aec6e286229d7e1b946dbb718dd45,True,0e35784cc30fe96a3278f14814ba3c7021c6cc694746bc8705bc5ec002f4675d,pending,pending,pending,
367,الكعبة المشرفة,staged_needs_visual_and_linguistic_review,True,not_reviewed,False,[],41,0.878,0.537,0.878,3.28,765232bd62b2fd861a9d167218afc7773fdbd9a38843686dd21492dbc8fc85e9,True,0e91b56f9d69d9ea7cdff57657dc5ba62581ac8b70e5e55b4b72b5c6aecd931e,pending,pending,pending,
417,الله المؤخر,staged_needs_visual_and_linguistic_review,True,not_reviewed,False,[],49,0.878,0.061,0.878,3.92,93ef0b5e199fdf838752e4444be9ccab80227fe61974455fb53a35db205b0bc2,True,557ef714a1103325c47c822f3aa617ff794462b244d54e4364f47a184596ef96,pending,pending,pending,
559,سورة الانشقاق,staged_needs_visual_and_linguistic_review,True,not_reviewed,False,[],74,0.878,0.568,0.743,5.92,6c4ac19cf16a51e3253623f63533cb4ba739c3c822a6c9d5e97c9c663ab43f00,True,5cfc0292a53cf96376d73d59340c37ff27f06280481b8eb8146196ac1e1769f4,pending,pending,pending,
616,سورة القمر,staged_needs_visual_and_linguistic_review,True,not_reviewed,False,[],49,0.878,0.857,0.837,3.92,7b68c8606a7318d2e98cb19d98f83cdde6600ae8ac47144d533eb9d93353a595,True,1b6b06e8ce0cb75d3b34cb655e1600a58bc01f0e892c997313291ab17eb6a40d,pending,pending,pending,
621,سورة الليل,staged_needs_visual_and_linguistic_review,True,not_reviewed,False,[],49,0.878,0.429,0.837,3.92,4ae95b665ea3347836baf8c52a84ae863d265a3cde2351c3a8251075ff3d2109,True,412fb7ff7db90d8bf6a74bb7214c12d1b9e28b4be03e66f531bb4081ff2440b5,pending,pending,pending,
660,سورة ياسين - يس,staged_needs_visual_and_linguistic_review,True,not_reviewed,False,[],49,0.878,0.347,0.857,3.92,e98e9da9d59ee70ee6878a980df2a51f4db1c714781816e90124fe8625c97d9f,True,098e572b8b69435810e1b9908aa52cb0c3b7de79897bbed003c4205ead9c7bba,pending,pending,pending,
878,صحيح النسائي,staged_needs_visual_and_linguistic_review,True,not_reviewed,False,[],49,0.878,0.0,0.878,3.92,be5cdd06b39684b24c53ab71bbc99b03e209c52ac33f8f7266de90a8811a4acd,True,6396347c5c7d3cbdba945b3e93a1ce11d5f52e759d8c40d4246ce61179a0e42b,pending,pending,pending,
947,محاسبة النفس,staged_needs_visual_and_linguistic_review,True,not_reviewed,False,[],49,0.878,0.51,0.878,3.92,fa9f854645a6132133398be4be6a9c56f0827a73e96e9aefbdbadc49295ec822,True,a8ac768465b2b6e1414e9a67bc3ac3e7aac42d5dbda637117b9576aaa031caaf,pending,pending,pending,
1136,الجهل,staged_needs_visual_and_linguistic_review,True,not_reviewed,False,[],41,0.878,0.098,0.78,3.28,b57cc51fe885ff3f3fca056e16485382173549af9b8469e195c7e9eade2f4ca1,True,2148448ad74ce0185bd70dcd0e9e317a3dee0276e90a5d53527eab075905131c,pending,pending,pending,
1155,الحكمة,staged_needs_visual_and_linguistic_review,True,not_reviewed,False,[],49,0.878,0.612,0.837,3.92,863810f9d3075139916f5c2c8b634595392e206e9c23b3378dadeeccddfcf15f,True,b422a0a137353e54cd21916e8830121881455f233594b8ba65ce17321f9a9c58,pending,pending,pending,
1493,فسق,staged_needs_visual_and_linguistic_review,True,not_reviewed,False,[],49,0.878,0.469,0.878,3.92,8700d59edeb914ff7eefaf10b2e5ba9bdd1f840b27cedf1cbdbb330ee97f8736,True,018f4175fad60c813941a6d3d607e2ea40c2436414b6b01dcd05138784674922,pending,pending,pending,
741,مصلى النساء,staged_needs_visual_and_linguistic_review,True,not_reviewed,False,[],58,0.879,0.259,0.879,4.64,e8151b87e4b4dcbf5bd74ef5c1ff72ef8369f27944aa2f7bd5b16ae5ab8e145c,True,c5c70202747fd7123ad7df2eae0f1a403bb0606af4af7a5147a8ccdb0842d6a4,pending,pending,pending,
923,قرض,staged_needs_visual_and_linguistic_review,True,not_reviewed,False,[],33,0.879,0.879,0.818,2.64,facc2ef5ac16dd650cc2f44aaf64e83f7d8d1d3f16876f77ab944f2cc81c8783,True,7ec90135c0b3bf8bc3eccff6b9cbd239a61d53921c2d6d7a3e8a4252b117f92d,pending,pending,pending,
1158,الحياء,staged_needs_visual_and_linguistic_review,True,not_reviewed,False,[],33,0.879,0.0,0.879,2.64,1c50b5e0e8f14f4fde5abaf2335c0fcf78ca3866787a13c615dfcf855be83082,True,1d4b223287b14096d7893e1ef477fc7580469edf598b3a8608c7a97fc87272f4,pending,pending,pending,
9784,وصلة,staged_needs_visual_and_linguistic_review,True,not_reviewed,False,[],33,0.879,0.879,0.667,2.64,d21875f7d325f973b14d7e12932a71947e85fa72a181ca8302ecf5549780d1bd,True,df277952619527dbde544e91bb5969bc7f744d52a290c009ef8e797363719332,pending,pending,pending,
213,الله الأول,staged_needs_visual_and_linguistic_review,True,not_reviewed,False,[],50,0.88,0.0,0.88,4.0,00102026733fc7419e67042b7a0800c28c7a6b90a66acf9e9d38e7df49d2ccb6,True,a93a479e4b9a31ce353d4a682dd71c3c0732097560d9443c806615abc9854744,pending,pending,pending,
388,الله المتين,staged_needs_visual_and_linguistic_review,True,not_reviewed,False,[],50,0.88,0.6,0.88,4.0,632b5cd4fefe20881e3bc4e390a2fa56569be244a00781e4b3f9cfab4e65c6e8,True,f4967cb1075e29097eb63e8a9a1c04290dc1ee4c4c481bd74622b10bcdff7909,pending,pending,pending,
614,سورة القصص,staged_needs_visual_and_linguistic_review,True,not_reviewed,False,[],50,0.88,0.88,0.84,4.0,bf96a3880829981fa204d2f2436961579294193a496517a411d4e9f40b6aa9f6,True,226e5f462552c4b6756b5156dfd4d9ccfd204af6814ed191863aeda1c6b9457a,pending,pending,pending,
618,سورة الكافرون,staged_needs_visual_and_linguistic_review,True,not_reviewed,False,[],50,0.88,0.4,0.86,4.0,d8e049e3b395a731394b82991509da522a2a272949a981c73398ba46af75b19b,True,78db18567488c60b7d63224e195e83ccf5cbb70b83d62cbc9f6d88b67cd4fb62,pending,pending,pending,
622,سورة الماعون,staged_needs_visual_and_linguistic_review,True,not_reviewed,False,[],50,0.88,0.86,0.84,4.0,6f64571ba862e4803d969a799f452ae59e685aec2eb43e0e3049e468f82066d8,True,4611209e08b77b8b9ad40f41281018cb6a993c852bf71b2b06f22e5d89d77877,pending,pending,pending,
658,سورة نوح,staged_needs_visual_and_linguistic_review,True,not_reviewed,False,[],50,0.88,0.82,0.86,4.0,1e04c73b3247256d8b7e098f6cb3ec3980b5587f4bbc9a7a0a04dd4539a381ee,True,2fd9ada4e7517ae7bf5c813b0763ca67d8a24b7094e082600612bb7e3f3410fa,pending,pending,pending,
1069,البغض,staged_needs_visual_and_linguistic_review,True,not_reviewed,False,[],50,0.88,0.78,0.86,4.0,9a6f06fd2b6d0c1bf984160967037508bcbc94aae71b9eda0607fd8e0420e288,True,04d5e69c20df8e0a92f53f053af1cb6edc1892b52394fc562d7432bfcdeb265f,pending,pending,pending,
1157,الحنان,staged_needs_visual_and_linguistic_review,True,not_reviewed,False,[],50,0.88,0.62,0.86,4.0,032228d6cc0d2d62e4c6611fbe194cc07debf1b4bf1b72eccbc668a1d86902dc,True,eac3ec86262c58e5d92a698d7b94004d6856c426997a82a789ef716d2c1e3211,pending,pending,pending,
1162,الخشوع,staged_needs_visual_and_linguistic_review,True,not_reviewed,False,[],50,0.88,0.74,0.86,4.0,54f8cca16d70df5e299b3f3dfb60e02972756a05868544367c85dec4833c8030,True,337fe638d31b17458b360a1504db5172a7bf44819040f5d1e5e81142dc57cd08,pending,pending,pending,
520,حملة العمرة والحج,staged_needs_visual_and_linguistic_review,True,not_reviewed,False,[],59,0.881,0.407,0.831,4.72,a817d2c8224bd09823d50dbde85b737e55c45111dd3606dd906e7fd21cc09709,True,4f44f0d6c9daae16410bdd65983b165f8b2ae4801b75e419e35807df9ea82991,pending,pending,pending,
539,ركن الاحسان,staged_needs_visual_and_linguistic_review,True,not_reviewed,False,[],42,0.881,0.405,0.881,3.36,9af5557f5617814366f33f9eb460cd4f6ee069211b3ff50550d3644ebf2c0601,True,daac3ba30f74206e11e0851a2cdb0fa78868827c31a224efe7762a5f0c4dd3a3,pending,pending,pending,
713,قرن المنازل,staged_needs_visual_and_linguistic_review,True,not_reviewed,False,[],67,0.881,0.642,0.836,5.36,bb1bba1d60c9d406c49e4b4ca89511a44953a3ab9e6667369cb81795f0a014dd,True,459aefcc1380ad1104669aa86579b24f84dbf4357812e9dc33f28d732cccf083,pending,pending,pending,
740,مصلى الرجال,staged_needs_visual_and_linguistic_review,True,not_reviewed,False,[],59,0.881,0.322,0.864,4.72,bd63218c8ddeb2c627e3e9cbab4f7aafb5589574acf69fb89e47d8cdc9ab2660,True,40aba2573cd4af13faa2dea20c451c08b6275ce896aea0b1f4668ffdfc786214,pending,pending,pending,
1500,قيام الليل,staged_needs_visual_and_linguistic_review,True,not_reviewed,False,[],42,0.881,0.0,0.881,3.36,7172293f375949f7a0da500fd62ab0bd8e6b8865d2fd57e607207c690e793097,True,e326b5e30a0f54b179d893883d07843ee373c5f6a1e346b5b81777f2c05933f2,pending,pending,pending,
156,ابن ماجة,staged_needs_visual_and_linguistic_review,True,not_reviewed,False,[],34,0.882,0.0,0.882,2.72,1d09962f7ca7607257d1b072d40bf96888edbbcec5c2e70fb094ac8bc8120070,True,c490b933466bd9dc44beccc6fec36fcbd60d9ad3f10129f6cae54022645bdf22,pending,pending,pending,
218,الله البصير,staged_needs_visual_and_linguistic_review,True,not_reviewed,False,[],51,0.882,0.118,0.882,4.08,f610c0fb3a683afa215876968ffd5014eccaa6b2aff955b2d1f51cb70cb3c986,True,6e58d926816c63c5704ff83f0c92ad59d6f4306d6a41b09cc2d513242241d373,pending,pending,pending,
227,التهليل,staged_needs_visual_and_linguistic_review,True,not_reviewed,False,[],51,0.882,0.059,0.882,4.08,c26eb9af74f263169d553b08feefaec56c9226ad72d5d632b76d369297f30abd,True,1ab77cbeee0959de474b597cf81c2f6a713ef2db2b62a3125b1d975e2999f8da,pending,pending,pending,
246,الله الحق,staged_needs_visual_and_linguistic_review,True,not_reviewed,False,[],51,0.882,0.0,0.882,4.08,4dd44f0d61ea1c1013d3d97e8bd3464af8b426523842224a6fe9e836336e55d3,True,588b557d25649cef943ab6cc68ed378fd7799330409f3df0c47dd344cd9c1187,pending,pending,pending,
408,الله الملك,staged_needs_visual_and_linguistic_review,True,not_reviewed,False,[],68,0.882,0.044,0.882,5.44,bebcd82a352f7c959a5bc86d319f04d0adaf17208bfca19a32b01a2c9b0ba601,True,f7c2224570efbed45a1f7c2fbd85d1bc4516e400a340afae13bcda6f7defbc14,pending,pending,pending,
450,أنهار من عسل مصفى,staged_needs_visual_and_linguistic_review,True,not_reviewed,False,[],51,0.882,0.882,0.863,4.08,8d1197168de21d5306caff0ea9901b978fb112465893d36303e61ee79c185721,True,0f177020a57f0b388a2ff1f016d00af437f90db41b629d99786bb74f23a67f83,pending,pending,pending,
485,حج الإفراد,staged_needs_visual_and_linguistic_review,True,not_reviewed,False,[],51,0.882,0.471,0.882,4.08,66420818bfea1b28a67d70b6afc547b578fa89f79adf16b5bfb398e505d6f22d,True,34a49550c30770a5a824973b3bf08be7e517834e5df0ab5104896e0778123b66,pending,pending,pending,
488,حجاج,staged_needs_visual_and_linguistic_review,True,not_reviewed,False,[],51,0.882,0.49,0.843,4.08,cb57d79ffe33a920c72969a988d4a6b17cb0e707a97d5c8219c27f2f557016d2,True,7cae7c4663136a8d8b98ec4209c33ced6e9c0bd26156b52c05df4c3b662fecc2,pending,pending,pending,
564,سورة البقرة,staged_needs_visual_and_linguistic_review,True,not_reviewed,False,[],51,0.882,0.471,0.784,4.08,84339f0f1cf248e7351d49f05ed2ea0c56f74c70936ee4eb9176f5d64461e653,True,cf3dc097dd90be235428d31618f67bb94ca0fbf66406fa5d82f513c7da13e521,pending,pending,pending,
606,سورة الفاتحة,staged_needs_visual_and_linguistic_review,True,not_reviewed,False,[],68,0.882,0.309,0.882,5.44,c67617492f90a03055179579123ad0f99f26786635965e3002369921cb0adaea,True,c1605de804aa0b73b80c28a04457588b302b98cd79213a4e6a12bfcf8640bb2e,pending,pending,pending,
693,غار حراء,staged_needs_visual_and_linguistic_review,True,not_reviewed,False,[],85,0.882,0.659,0.871,6.8,2f471f49e78759e8c7f495adea4a173a22e0295a746544970fe00afdc88f1902,True,1af210f7f182d9492fc80bd6cce277750c65c0eb0476b773d8b36fb6f9cad410,pending,pending,pending,
812,جفاء,staged_needs_visual_and_linguistic_review,True,not_reviewed,False,[],51,0.882,0.0,0.882,4.08,dd31de0a2a1f018ff0cc26af52b412f0b08ee97896ae26db76501e1fdcb86749,True,e6c2c48a0254d7658f99de55b867297b655cf7f5f7963c6b0f3afe8ed46779d3,pending,pending,pending,
1086,التحصين,staged_needs_visual_and_linguistic_review,True,not_reviewed,False,[],34,0.882,0.853,0.853,2.72,b07ba674beabe655a2f17333f856151b219eff19bc2b3045eb34ef8adb5e72ad,True,be70c0524f94c660f54cd7c25ee4392ce591a99ab7f854113e0cccd01cff357f,pending,pending,pending,
1225,الشهامة,staged_needs_visual_and_linguistic_review,True,not_reviewed,False,[],51,0.882,0.078,0.882,4.08,d9ed4471b135c0ef109dded6ad6209032575f6cf7ad1457312e71df58e356262,True,ff8e04dff42e66a7dce16703040a4dceb7c073892d3e5c658a0d11a169a20a9f,pending,pending,hold_contact_review,Hand overlap near 1.35s needs contact review.
12559,عبر,staged_needs_visual_and_linguistic_review,True,not_reviewed,False,[],51,0.882,0.843,0.882,3.4,f67b298de4b8307c29e499cb5327b42ebac4addafa6f4191e9afa927e49be064,True,fb87c189dd37e274812b7786638800899408c846c11769f28d4c87f902347feb,pending,pending,pending,
739,مسجد قباء,staged_needs_visual_and_linguistic_review,True,not_reviewed,False,[],60,0.883,0.25,0.883,4.8,74b5ea8a0e6398d16e1e7772b43ec5be37667ef9160d5b7a8e54353c98604908,True,ea83939d69a5b7b52f8c3d961fb91a1dfd9fcbef912f05f7b60ac903b59013fb,pending,pending,pending,
842,رفع الحدث الأكبر,staged_needs_visual_and_linguistic_review,True,not_reviewed,False,[],60,0.883,0.65,0.867,4.8,68cc54d96707b05c7cd7450bc66fdef13a84ce914783c4a7396e60df0efbe7de,True,c1b355928265270babe08ee927f7ae0cd1c0bb2a2ba3eacb4db21d37de67f5cf,pending,pending,pending,
994,إزالة الغموض,staged_needs_visual_and_linguistic_review,True,not_reviewed,False,[],43,0.884,0.86,0.884,3.44,ebc5fc0c865cf65a272218a4b352b703b2810e47168a651239e5453f317933c4,True,f941ae3c0be085049028f92637915ce741254070d9d4ffe19a32da153359b6e6,pending,pending,pending,
1116,التواصي,staged_needs_visual_and_linguistic_review,True,not_reviewed,False,[],43,0.884,0.86,0.884,3.44,1805e6d92dc974d022dcf22d3cd136a8aa8e21f990cf1a00e3da2c4de6a57f5f,True,c5ac3f4a611bb98cc253a95446b83fd34cb04b0d59297674068979097d616f04,pending,pending,pending,
385,الله المبين,staged_needs_visual_and_linguistic_review,True,not_reviewed,False,[],52,0.885,0.577,0.885,4.16,c455d9ca64feae41005e39213e78737678f9084b53ec02814cf981dcb460fe9e,True,f1bb034ee89100b0676d9c461757a9f719f17dcbdd61e500758f0018e215e09a,pending,pending,pending,
386,الله المتعالي,staged_needs_visual_and_linguistic_review,True,not_reviewed,False,[],52,0.885,0.0,0.885,4.16,60b779b519ad5c64101787c375b382cf4d629eea55625bcf498ccc3496a6c9bc,True,9b1af9f1febe81e23df1dc9ca629f0c76ec2a36b7fa43b7034e9f713a62fd89c,pending,pending,pending,
530,دار السلام,staged_needs_visual_and_linguistic_review,True,not_reviewed,False,[],52,0.885,0.885,0.885,4.16,b5c9d7d2b4111bd44687f6b67a4c85997bb816e79998dd0eb08d282d7649faf3,True,f4a11eb8051c3831af72412cdf3b25dd64577ff1d0799be709d589a38b7a4abe,pending,pending,pending,
610,سورة الفلق,staged_needs_visual_and_linguistic_review,True,not_reviewed,False,[],52,0.885,0.404,0.827,4.16,8577e132331a79ddec1aaf52760d4049e347a8ae69821ac99fb10d58aadcc142,True,333fb31e0e96a415485e10c2c9538b8fb6e1f64868c02441aef961fb246cfb23,pending,pending,pending,
611,سورة الفيل,staged_needs_visual_and_linguistic_review,True,not_reviewed,False,[],52,0.885,0.442,0.827,4.16,8bc649cb4bdafabf5087dacdb7f6371d49514d0029559b864b0c91f5c25ac7db,True,f16d64dde925363334dfe8b3e90987a22061d23f22fd2c06b297a1038bcd91e4,pending,pending,pending,
649,سورة عبس,staged_needs_visual_and_linguistic_review,True,not_reviewed,False,[],52,0.885,0.308,0.885,4.16,34a57ec93d4d09070bccd4c9b2e680c856a141b6be61a0c00a25178b444854b4,True,d3517ef8c0c174c50a96775211381816ae1e7118d19f016805837b1c85fc62d4,pending,pending,pending,
684,عدة المطلقة,staged_needs_visual_and_linguistic_review,True,not_reviewed,False,[],52,0.885,0.596,0.808,4.16,2370f50f43a880d711e4aaf543fa88195291d3af6f7e0dcf77372706e0dd159d,True,92dc47aa59dec6c529165b993b97ea57d24585d221cb765220e000956516f37d,pending,pending,pending,
1202,السرور,staged_needs_visual_and_linguistic_review,True,not_reviewed,False,[],26,0.885,0.885,0.885,2.08,5eceaffb7878798618004b7855444509371b87e3d295754ef2ffd6bab304c1cd,True,2aeabe282ec4d5f8d26964af0556a0d4a407752eae992b49c201db0a90ab5d38,pending,pending,hold_contact_review,Finger overlap near 0.68s needs contact review.
12137,حجر,staged_needs_visual_and_linguistic_review,True,not_reviewed,False,[],61,0.885,0.0,0.885,2.03,d1c19a4e22a21a601e3aa58d8c8bc23dfe082f21495f7fcddade85c5bc70da00,True,ec946db7a6d2b3782fb679ebc240d5635c730fe20dce5db423bb80227f724f46,pending,pending,pending,
12613,حجر,staged_needs_visual_and_linguistic_review,True,not_reviewed,False,[],52,0.885,0.885,0.654,3.47,4bad84fddb3e14a066f1010d6dd3e0271835832c8fbd61819d8df04351309dc7,True,87c31afc4ee454e6c603bc337f6e766546b3084a26a5bb2d312d1d7330df72b2,pending,pending,pending,
319,الصلاة خير من النوم,staged_needs_visual_and_linguistic_review,True,not_reviewed,False,[],79,0.886,0.367,0.797,6.32,e0d25395571be4aeaba03de794aa9cd6ca8e9da32438b75aa8c1826ce75e3d65,True,4b50025ef1fe31ff9fc587f4c1609ee748fe51248391236c284f2eb1ab3509ab,pending,pending,pending,
384,المبيت بمنى,staged_needs_visual_and_linguistic_review,True,not_reviewed,False,[],44,0.886,0.886,0.864,3.52,eb0a1e1e61a8e88e0dde25d7e62ab761a6d2cc1b28286a2e443be63ac0814f2a,True,5d563a7d0f3ec22c23f9fb13e493148539c6ef093fc330e47b14179da83ab50d,pending,pending,pending,
452,أنهار من ماء غير آسن,staged_needs_visual_and_linguistic_review,True,not_reviewed,False,[],44,0.886,0.432,0.864,3.52,c7bc0082e51ebf912ef76786620600991cef50eb01e6e2d04d2d5d2c711249b9,True,533757cc1b4b20ffd1ad72e95ccbde7b7ccffc234accb96e2b9f060193023cef,pending,pending,pending,
717,كرسي المعوقين,staged_needs_visual_and_linguistic_review,True,not_reviewed,False,[],44,0.886,0.841,0.886,3.52,250da3baafde811a955158002eb5a2159cf0d4eb5b8cce771c536c1fe04c6fff,True,b05c4010b2d0f3dbdfac43046a73650c134558b8d69cd65a7055d00547d1de2a,pending,pending,pending,
794,تفسير الرؤى,staged_needs_visual_and_linguistic_review,True,not_reviewed,False,[],44,0.886,0.455,0.886,3.52,973b335d6fa414ffc7d524e1880be84515c27a34f7e1a2f03c0117d068d6c998,True,bbb9df2c31502d6981e88738d2e9a43357fc2a0ac54128e74abc41c94eb17c61,pending,pending,pending,
814,جهنم,staged_needs_visual_and_linguistic_review,True,not_reviewed,False,[],35,0.886,0.829,0.857,2.8,9fc843e73756d6e46b6140f286bb26989a47a7799a1d35d14878901b916af01b,True,fe1178583e1c1a03bc759e4e9cb952e0761931017d300f74f78a318a4ac308db,pending,pending,pending,
906,عيد الفطر,staged_needs_visual_and_linguistic_review,True,not_reviewed,False,[],44,0.886,0.0,0.886,3.52,6ad5fed7e4d252d776f1d53f31186d255e2b4b9ca95dee082561ddb76eccb476,True,cef2d25739b68ff64e78a8e3499c001de642a1e4dc1d91f542a086c5fff21f46,pending,pending,pending,
1150,الحشمة,staged_needs_visual_and_linguistic_review,True,not_reviewed,False,[],35,0.886,0.629,0.857,2.8,d3a4010098af9c09d27d3b1ace70092f842d26e417d4270c72b5b7fc88d32c8c,True,9821f280d32fea045d6f29f3d9f54aedd034fe21abab547655ebce9c3d860335,pending,pending,pending,
240,الله الحافظ,staged_needs_visual_and_linguistic_review,True,not_reviewed,False,[],53,0.887,0.642,0.887,4.24,c81cd846f2aea0d950a251be7c2f6ec193b736049243243da1be56cf0fd3c2ad,True,9dd142c78889521c48c4d7b08b0d55d1e579ea32ceef88335815d04d5f3d8861,pending,pending,pending,
243,الله الحسيب,staged_needs_visual_and_linguistic_review,True,not_reviewed,False,[],53,0.887,0.66,0.887,4.24,18cc1cf57533837706aa10c47fc596fa21b44a352d790427380287ee4f68a664,True,2bb9868487c2142ac03cca038c568cb7aae2a91d6610bb7fd58ec92d638767a4,pending,pending,pending,
341,الله الغفار,staged_needs_visual_and_linguistic_review,True,not_reviewed,False,[],53,0.887,0.358,0.887,4.24,b05c0f7eb324682c6e085b3affc41be3666406f02dc8fdf61fded42e8065671a,True,0d7e463a2949071b110672c8cd1e79a0de13e57308b992b8303f4ad02427c158,pending,pending,pending,
387,الله المتكبر,staged_needs_visual_and_linguistic_review,True,not_reviewed,False,[],53,0.887,0.623,0.887,4.24,95e63870fc5e571ab83b4976b79eaea4204f092fdd393890b1661da98f1b7935,True,f4e531cc4a1be98406debb0306622f899c011e52135f839750ec97c219a5a44f,pending,pending,pending,
476,توحيد الأسماء الله والصفات,staged_needs_visual_and_linguistic_review,True,not_reviewed,False,[],80,0.887,0.25,0.887,6.4,cf0ff28efd50face2dfec548ccae31dbb3cf09e0f5a802176f8e0435d4613ef1,True,80a3a6e0b87bf99d0bf301d85d8dc076afef6e36f2e0314df67f5b7604af8d5b,pending,pending,pending,
588,سورة الزلزلة,staged_needs_visual_and_linguistic_review,True,not_reviewed,False,[],53,0.887,0.755,0.868,4.24,dc51931db55f99fd8532d793f92678d653f1457c0fed0a67126b56413241eedf,True,3ae6380c328ef9d87dec191a1ec014d54a63909c40199067e0b5d081430dfb8a,pending,pending,pending,
694,غزوة بدر,staged_needs_visual_and_linguistic_review,True,not_reviewed,False,[],53,0.887,0.774,0.868,4.24,0ff9f65d32188c16e342a50dcb425a9c40b3a1b78346bc6cdf4f3d8e6ad5fd9f,True,ec14706acf59a6249635f3b5cd1fbe3b58ca5559c3721bed941f762e5974ead7,pending,pending,pending,
754,هابيل,staged_needs_visual_and_linguistic_review,True,not_reviewed,False,[],53,0.887,0.0,0.887,4.24,eb91c741b74d30a23db576af58c814a3a21f119592ea31b6e631f20c01e8886b,True,68675c0e9ff8dbc07fb80169dc31a2908de66efb11aab0e46ce5339835c96767,pending,pending,pending,
781,تذكر الموت,staged_needs_visual_and_linguistic_review,True,not_reviewed,False,[],53,0.887,0.0,0.887,4.24,17cbe28113c10c8fcbd98c27a39d2e1dd365f237c57dd54235c2339132521563,True,57c8363eef7f5b5bb473dd43f95de2ed343d45f2a9f58a940e3ee32c6e14b9c9,pending,pending,pending,
939,لبس القفازين للنساء,staged_needs_visual_and_linguistic_review,True,not_reviewed,False,[],53,0.887,0.34,0.887,4.24,c5ba94100ba897650f94c77432a6cc8b24af2c5111faf40955c5567151f3b353,True,e197d676bb4c513ae47a99d49b356eb826541bc8050a47ef4c0cbed7a556449d,pending,pending,pending,
254,الله الحميد,staged_needs_visual_and_linguistic_review,True,not_reviewed,False,[],54,0.889,0.019,0.889,4.32,9b5a8730565039805ba8b8d05a07f22575527b7826e42ea0073944d7676a4f41,True,1bfc0a42e9e36d0bc849a15a2ba0e70ea53d11c05593ee10015e947abaeffd89,pending,pending,pending,
413,المهتدون,staged_needs_visual_and_linguistic_review,True,not_reviewed,False,[],54,0.889,0.333,0.87,4.32,4512af6e2f497f05b474674f3763abbc71e90375b497ff7312cd819897039442,True,e0787d919005dcf008485e044338367c9adde313b96f12aed1edc73f5246464a,pending,pending,pending,
415,الله المهيمن,staged_needs_visual_and_linguistic_review,True,not_reviewed,False,[],63,0.889,0.159,0.889,5.04,67cfb26bf40b5125ad53018719ba28b78e5875710a64223747079870f7b8277e,True,d372ae6272c4371978d9c10c0d30d4a2643a0c60ccc0bf06d1e5b5d3ed20b2b1,pending,pending,pending,
499,حد الظهار,staged_needs_visual_and_linguistic_review,True,not_reviewed,False,[],54,0.889,0.426,0.889,4.32,3289d451b1ad4550861a6b71876f45c34c72f18c758872190ce54360cac3dce8,True,46ae8720521e678a8fe60276ab1255f31ee7f07b54cca6f240eedcf7fc44be3d,pending,pending,pending,
521,حور العين,staged_needs_visual_and_linguistic_review,True,not_reviewed,False,[],54,0.889,0.296,0.889,4.32,5de5ef4fa518c67ee56c1993457ef61c3e2253a06598a1e216cd1de8a36a1af8,True,826f7ecc74df94bd8ababb9a1587ac8984b54a70f254ce53cea4a7174726fbd4,pending,pending,pending,
526,خديجة بنت خويلد,staged_needs_visual_and_linguistic_review,True,not_reviewed,False,[],63,0.889,0.302,0.873,5.04,ad86fda3d8e00f6778e568bdd0f043c63b706e36b92753665d823d5b3b6c1d7f,True,aca1e7e4a95fa323cf7d7bf4d7889c95a61cbd821badfd8fc8e52077215a422f,pending,pending,pending,
558,سورة الإنسان,staged_needs_visual_and_linguistic_review,True,not_reviewed,False,[],54,0.889,0.889,0.741,4.32,36a720528a5cd02eba0e6d76c73ffe38027158f35d783e2e395f562aac33a50b,True,226bf01128e73e9463bd220ad37fd0978ad050920ed9e4f2413fcf2eff18b4d9,pending,pending,pending,
566,سورة البينة,staged_needs_visual_and_linguistic_review,True,not_reviewed,False,[],63,0.889,0.635,0.825,5.04,1d234dd9c2cd46ae15a5e88c34f03d8eb8a4bb0696c7713e53fa5a0ff0ce270f,True,1617be85051a54cd1a76df7723a2053598728456c6aa916293deea56f27a0ae7,pending,pending,pending,
572,سورة التين,staged_needs_visual_and_linguistic_review,True,not_reviewed,False,[],45,0.889,0.889,0.844,3.6,32a229bd8c548ed2dd3d74d0de444a55da65cbfbe4ef108b969fb7d2a779c6fb,True,18ce24ce27ceb13a39d5fa97a50008cdad5f5ad46c32b2c37c78a465937e611d,pending,pending,pending,
578,سورة الحجر,staged_needs_visual_and_linguistic_review,True,not_reviewed,False,[],63,0.889,0.556,0.857,5.04,11ad39a68c26496a0423887e39e80468d56aea5b0711c880f04fd18d81d26fec,True,13f0b3ee6a90d6b084770e9a71932ed8d89f5e40cc0f59ff4b509ac665047ff3,pending,pending,pending,
601,سورة العاديات,staged_needs_visual_and_linguistic_review,True,not_reviewed,False,[],72,0.889,0.764,0.875,5.76,870c2e58e0dfb216fcfe355100d255d17c556d47f1af1ff12c9ddd0c02aeb068,True,8f3897a4dedeb58dd5342be21c9e4bbb80a5f656add7e1838b2f124fa119781b,pending,pending,pending,
655,سورة لقمان,staged_needs_visual_and_linguistic_review,True,not_reviewed,False,[],54,0.889,0.722,0.889,4.32,44a685da9092a9d8475a1ec15010de94f80f67677fb730d51969c9627e688c8b,True,ed85ae240908e775eee5a6f61a6cd48b6b8b3bae5606be229976d898568d72eb,pending,pending,pending,
703,فتح مكة,staged_needs_visual_and_linguistic_review,True,not_reviewed,False,[],54,0.889,0.833,0.889,4.32,ae93138af8c327af7d699e1b77e4a3a9fd14c732af38ed21a9d2e9a5caa814ed,True,411bc126117db82edd34920c08ffd5471ad4568aec324ef3d0ce533346daaf19,pending,pending,pending,
745,معركة تبوك,staged_needs_visual_and_linguistic_review,True,not_reviewed,False,[],54,0.889,0.87,0.87,4.32,a0850501375235c5eb941d50fad0103286c0009f88fa25a6ae85e7ac0684b9d6,True,5ec55a75fce49fed1bf3a7dbb9769ac3e0e420e0106a2dee151cc9ee54e832ab,pending,pending,pending,
761,واجبات الحج,staged_needs_visual_and_linguistic_review,True,not_reviewed,False,[],54,0.889,0.463,0.889,4.32,6871f630c034b2bb135a3c2883475cbb627640fc0ce2ba5d15736920b4cde57b,True,e284bd393ff8d2178a9a9468dc72b60a600c5b1ac3db3bac8887a1aef5db5d47,pending,pending,pending,
996,إسبال,staged_needs_visual_and_linguistic_review,True,not_reviewed,False,[],36,0.889,0.889,0.778,2.88,5e87fc7c6071a598e526f2bdaad21ad9211bd4e9b15c2409c7b1b75b7b0872ae,True,f1a7fd554d4f71d707dc52536637301db40df383cb645a08784d2ae3d97da027,pending,pending,pending,
1021,الأثرة,staged_needs_visual_and_linguistic_review,True,not_reviewed,False,[],36,0.889,0.0,0.889,2.88,23b3ab6af9d149ac9c64fce8e832a93ed30484d57e782e210432784f889e6431,True,6bd04a953443995728f2a6e0f7773924f2b4a28a3f5d8c5a41897debb89d7367,pending,pending,pending,
1149,الحشر,staged_needs_visual_and_linguistic_review,True,not_reviewed,False,[],63,0.889,0.667,0.841,5.04,f00fde5cfdf5390846d53ef542b6a25e39ce5d600c5a135b048f5b69e719312e,True,6e0756dc368aae6d5ab654cd9c3be9769c15b1c227bd1dc47c3158f1f27fbe0c,pending,pending,pending,
261,الله الخبير,staged_needs_visual_and_linguistic_review,True,not_reviewed,False,[],82,0.89,0.049,0.854,6.56,8885582589479a50a37998989556b25d60eb73a63f50c27d8b3731c0436c76f9,True,f18c92b9ccb3dbefe200047b5b482446097a06fdb976a5b39f68f10efa51dc21,pending,pending,pending,
327,الظهار,staged_needs_visual_and_linguistic_review,True,not_reviewed,False,[],46,0.891,0.326,0.891,3.68,d646bf806b71f6bfae77fbc70eaf5d7c63222224a5080c2318d4107d6fb75048,True,a8512c88d32e52c675aad9c541adbf8df9bd5ad11d0879513dcfa3170b349db8,pending,pending,pending,
430,الله الواسع,staged_needs_visual_and_linguistic_review,True,not_reviewed,False,[],46,0.891,0.543,0.87,3.68,20ce942e93bc52bc1512468aa01eeee5c5b8fdda97eefcecc9c75b7e9b6d5a35,True,139a97d16ddb7ad9ff84e9f5838e31a74cef04905f206386ff3f888b5652908a,pending,pending,pending,
454,أيام التشريق,staged_needs_visual_and_linguistic_review,True,not_reviewed,False,[],55,0.891,0.564,0.873,4.4,962e9cc7029989b91cc0e0345875a0c9c2f7781f9744e7932010a8e2eae7e1d2,True,abc367722ded8d0f167c3d3b5f431955248d62c7556ca72a4f834d2f13f3c018,pending,pending,pending,
469,بنو اسرائيل,staged_needs_visual_and_linguistic_review,True,not_reviewed,False,[],55,0.891,0.0,0.891,4.4,aaa72417fc4b74e1956e127268ce590edd592396aa333451a9791aca2f40faa2,True,60a13a33732ddeee775894738cac59efa788aae79afac520b50bb2bf0c79ea80,pending,pending,pending,
554,سورة الإسراء,staged_needs_visual_and_linguistic_review,True,not_reviewed,False,[],55,0.891,0.891,0.836,4.4,cd3251bc8acec8bc528b5378b60ce460205ba4cfa68f8952780f5c8d3b2d96a0,True,f94ddab768f732cde0bb8c6dfe913f3f60cbb7ce3d4cf1a790f233bae1e978df,pending,pending,pending,
556,سورة الأعلى,staged_needs_visual_and_linguistic_review,True,not_reviewed,False,[],55,0.891,0.364,0.8,4.4,ba8ef3cea794e9e2ae5df657a1722749ce553ab575b1e958c79127313063f918,True,2ea44bb76e9a639a504cbfa5bce9ea383f9f68bc5ff78e9227ffc9bf4499a190,pending,pending,pending,
600,سورة الطور,staged_needs_visual_and_linguistic_review,True,not_reviewed,False,[],64,0.891,0.594,0.797,5.12,fd051e671130c99b5a86703e69bc13300cc8cd12f7c42d300634112042df713e,True,be9b5fee312c2a5e6be4263cf9687cbde0f6bdfe3b15f4855d9264d45c186ccc,pending,pending,pending,
628,سورة المسد,staged_needs_visual_and_linguistic_review,True,not_reviewed,False,[],64,0.891,0.891,0.75,5.12,1e56bfb587f26070ea6268bfd7d46c342d64b48441dc548826df8b37e3d9b534,True,f90fcf35ea37f50ccb89b4b71eebffd9725b83d0240d509e1d8912a6018175d1,pending,pending,pending,
718,كسوة الكعبة,staged_needs_visual_and_linguistic_review,True,not_reviewed,False,[],55,0.891,0.8,0.891,4.4,d884c21cfc887cec50f24c0768382e86310de54f95317cdd0b90bc4c8337faeb,True,cc82d5435633bab1ec215716d9b8325693b1f3f24ff3362fc3b3ef20843123e8,pending,pending,pending,
803,ثبوت الطلاق,staged_needs_visual_and_linguistic_review,True,not_reviewed,False,[],55,0.891,0.836,0.873,4.4,c9dc45cdb726032eea511f4e652eedf69d83ef3e02c9e3fbe3688c8c683dfdb2,True,890baa0b76805018010f4740f4b843f2928fe84eed3e5e7983025d739a839a75,pending,pending,pending,
865,شجرة الزقوم,staged_needs_visual_and_linguistic_review,True,not_reviewed,False,[],55,0.891,0.836,0.873,4.4,b9b17cdcdbb1b8806ba79c7e4b14c46ac226d2e1d2bfd61a2e7b6fb0407e3455,True,ddc84bd4014c200d09c3d4a4a58fed502b9c6b28596a2ad616e458b22b49c5a4,pending,pending,pending,
894,عادات وتقاليد,staged_needs_visual_and_linguistic_review,True,not_reviewed,False,[],55,0.891,0.891,0.873,4.4,55cddfe8d31968a83d53efa966e10b3add606cee643644f115a54737c7519bcc,True,469d36c4a0c0b0309d0b983a6a5e46307bfb484656e4b9437e2da2c511dede1b,pending,pending,pending,
1153,الحقد,staged_needs_visual_and_linguistic_review,True,not_reviewed,False,[],55,0.891,0.782,0.873,4.4,00a8610e9d506aec2ed5b2d3cca499aeb0437aa138e7b492ba5413a10ef87b0e,True,5e210af74da6b23d3b2f5ff58a59e670973b8517d616a5cbc0d40c9404c63a51,pending,pending,pending,
4212,البيعة,staged_needs_visual_and_linguistic_review,True,not_reviewed,False,[],64,0.891,0.234,0.891,5.12,6c503b985e05c4333b8901b628a04d18400bdb35d84e327b48fdd85d95ec55e5,True,ca50df55a1f20910f73a7a0c1b73e1b53472f817eb12d2b18492239f2b75266b,pending,pending,pending,
176,أركان الحج الأربعة,staged_needs_visual_and_linguistic_review,True,not_reviewed,False,[],74,0.892,0.649,0.878,5.92,d397e66fa95ab52c7f058c9f42c7ef4da001c311e68dca01f22c793c377cb693,True,1eae6a06bb345db12a461cce2dc87d8c6a7d0ede74b76fa4d830049ad7d2da03,pending,pending,pending,
375,الله يحفظك,staged_needs_visual_and_linguistic_review,True,not_reviewed,False,[],37,0.892,0.459,0.622,2.96,d598f906eb800145d246b49c72d8fe2eb3149ff27153f5f9a8617b29db6ea71a,True,7ab52273aae6cce8dc2e38767e5d52570d82da0968c0ba29cd991e4a8cd45a5a,pending,pending,pending,
838,درس,staged_needs_visual_and_linguistic_review,True,not_reviewed,False,[],37,0.892,0.0,0.892,2.96,5f8b4d676e4500445431a6345326ffb0e195ba2c0af93543204982b01e2ec446,True,ee13d53b0d17e19a009a38fd4f1584f11739ab056cd092acdddea3d929db55c1,pending,pending,pending,
1166,الخيلاء,staged_needs_visual_and_linguistic_review,True,not_reviewed,False,[],37,0.892,0.865,0.838,2.96,fee67a38bfab7dbaf8cb7f7e1bf31485fae916ee60dbbbb3ecc73c790a651f65,True,cf14f23c83e1f0f8d2b8bdd40c82a5e954a2e3589839afbddf1cc2c89536da4c,pending,pending,pending,
198,الله الأعلى,staged_needs_visual_and_linguistic_review,True,not_reviewed,False,[],56,0.893,0.0,0.893,4.48,c499164ab5a0c1a94ba04e6a754025ba17c61d553a9a550774e70f2404c222a5,True,8e46511e27b78351216a1d4f06fd2dfd889729a964493d09a1df714def7d7738,pending,pending,pending,
348,الله القابض,staged_needs_visual_and_linguistic_review,True,not_reviewed,False,[],56,0.893,0.643,0.893,4.48,8931330162fe8d381e94d8154a0f0bc0b4eaf09cb29640fa8673c22c001505ad,True,894b825e384675f6cc1a529aa3b22442d87f12100920af2c90d2cbd1e88deb70,pending,pending,pending,
479,جنات تجرى من تحتها الأنهار,staged_needs_visual_and_linguistic_review,True,not_reviewed,False,[],56,0.893,0.554,0.857,4.48,e4b07705b056b690ee209c024db6fe5354b8b0fa76a57bbc3c97605afc031ec2,True,f52517a17ede6f46ad1e17744584685b0e3ee6076ed03b934612c7bba25bd377,pending,pending,pending,
515,حكم الوصية,staged_needs_visual_and_linguistic_review,True,not_reviewed,False,[],56,0.893,0.875,0.857,4.48,f4aec049499cb52dca2f49ff0d4b229d6406c00429d95961985cb1544c92b0d6,True,cbb64ebfb9069cfe8adea21f880edc9818eadc4eb10c8930e0a8f58e8effa62a,pending,pending,pending,
580,سورة الحديد,staged_needs_visual_and_linguistic_review,True,not_reviewed,False,[],56,0.893,0.696,0.875,4.48,ff23d1ba6204292e6fcb1aa1a9962fad23b6be2fb2d2d618f51323e058e98be9,True,cb1252d50034412f52b9ca87bee3949d5f9f56a2297ee826456064f3640b29b9,pending,pending,pending,
626,سورة المرسلات,staged_needs_visual_and_linguistic_review,True,not_reviewed,False,[],56,0.893,0.875,0.821,4.48,60748231c453eb0a331284c2565f4bc4c3ad16aa8d5c36632bb74261fac4b7a2,True,29f05dcfe362cec17e1fb2afddc62424f7d5c84aae0e478bbfc19ee2e4512236,pending,pending,pending,
744,معركة اليرموك,staged_needs_visual_and_linguistic_review,True,not_reviewed,False,[],56,0.893,0.661,0.893,4.48,42692114d7528caf5171534f62f04cd4d1dec61e9c8ce5b25f9e908fa42421be,True,70f70efc84c94e19bac1af9b893932914bbfcecffd95b67ee8e5a782c31f4394,pending,pending,pending,
431,الله الوتر,staged_needs_visual_and_linguistic_review,True,not_reviewed,False,[],66,0.894,0.318,0.894,5.28,21cc74a469b81b92b71f70e638351d3d645a1e0061c0fcaff3b48fa6376de025,True,d0fdd561af42383f5105dcbc5a447adca4429fcacc44d09ab5a8ebd314cc18af,pending,pending,pending,
524,خالد بن الوليد,staged_needs_visual_and_linguistic_review,True,not_reviewed,False,[],66,0.894,0.0,0.894,5.28,4bb5eb48225c25bd25e46e1abecc2a3cfc0df2ebf4d30548d263f7ae9cb3fcd9,True,f5755e6af334e5ed1b2d05acf15f9db0d121d4abd8e1aa31de46b7e3d64c9e03,pending,pending,pending,
599,سورة الطلاق,staged_needs_visual_and_linguistic_review,True,not_reviewed,False,[],47,0.894,0.83,0.83,3.76,89d0c613caee7cabe8a3c1ec51a94f36628646a97d4b6978a44e08ec4a142920,True,f309f4323ac4776a2e27d014583095de08926c1dfab6682d38b114d9303c93bf,pending,pending,pending,
288,الزبور - داود,staged_needs_visual_and_linguistic_review,True,not_reviewed,False,[],57,0.895,0.684,0.895,4.56,aef775a7654b13eea36c94fa5b78edca3f7c9d547ed790a5d111a2327f8f2360,True,6bc2aac664858d9c5902d6464e2fcae2fe9aacb983e6c9765b7fc19d065d5de3,pending,pending,pending,
291,الله الستير,staged_needs_visual_and_linguistic_review,True,not_reviewed,False,[],57,0.895,0.632,0.614,4.56,e7257f561405d4f3d4d3374760e2db5d84b06d27894bf805a49ed319815f759e,True,fcebb8e986acb0ab7b6ad9045da0763ed72fe8eef6cfeb962a98d0f0a5e3a67d,pending,pending,pending,
349,الله القادر,staged_needs_visual_and_linguistic_review,True,not_reviewed,False,[],57,0.895,0.0,0.895,4.56,5f10dee4732b73a378b8ef092234259d94da12fe18c1a34013c3ea125f2ac4ee,True,d9297867c9d75edbecd49e3471f8bb7fc525d3af86c29cbaa75b025a097e51aa,pending,pending,pending,
400,المشعر الحرام,staged_needs_visual_and_linguistic_review,True,not_reviewed,False,[],57,0.895,0.526,0.895,4.56,5394481ed1481ce5e7821fd8df0e4d32fb65dccf66733f3c0a73bc3346d408fa,True,8c2384ae6d57f896c0e232a0f52b7bc0a8b6dc0e3ad8dc27bc81134b3a18ae7a,pending,pending,pending,
467,بلال بن رباح,staged_needs_visual_and_linguistic_review,True,not_reviewed,False,[],57,0.895,0.614,0.895,4.56,4a78eef979582896221a0bee9f99b49b8cf7c8f5d212d1ec4de20cfc8f807657,True,fe00a90f41262d87eaa76905222cb7c7f09d1a3278cbf52f0862583e1d5a1356,pending,pending,pending,
482,جنات النعيم,staged_needs_visual_and_linguistic_review,True,not_reviewed,False,[],57,0.895,0.596,0.877,4.56,2a73b553e25c871a8be63879207072860098d7e330766ad127d516d0ac8c7fce,True,c73db668c6898542855a740d9fd233a5e0a62ce97034e0302c7d0580ffbaf1fd,pending,pending,pending,
569,سورة التكاثر,staged_needs_visual_and_linguistic_review,True,not_reviewed,False,[],57,0.895,0.702,0.86,4.56,3709e6bc44f2a14802bcdc669d15f91d2ac35d2317637f998905d5a3f21d16b2,True,50445cb4bea66b9353059c2831914ba3e1f272cdd0279c7cc5256283c6468d06,pending,pending,pending,
632,سورة الممتحنة,staged_needs_visual_and_linguistic_review,True,not_reviewed,False,[],76,0.895,0.618,0.855,6.08,cf644d07a2768c0ff506e02cd97ec105255e635160be16227f607f184626db4f,True,11f55e6cf320c32070fb268c220048e9b7b2f1de18b19f548c63180022c3e748,pending,pending,pending,
650,سورة غافر,staged_needs_visual_and_linguistic_review,True,not_reviewed,False,[],57,0.895,0.281,0.895,4.56,61eed7ea1775a14f5f99b68e2abb67e093e7ac10e3b8ce0129cda430b728d47f,True,3ed1ca1c7464324cd0b943a7ff98b260877472066c1c72269a47a28fc7b51726,pending,pending,pending,
687,على بركة الله,staged_needs_visual_and_linguistic_review,True,not_reviewed,False,[],38,0.895,0.526,0.895,3.04,e6a9ee844dde00c7e700e38167adc7c69d08ba4925fbad6a6bbc514d72aece7e,True,50f137a5093cb8c1657d80e3334c079823b0120f9baeff21c3dd3bf84eb2e409,pending,pending,pending,
602,سورة العصر,staged_needs_visual_and_linguistic_review,True,not_reviewed,False,[],48,0.896,0.833,0.896,3.84,65c7094c72b11e4e32f1f1f82f1d73665abac105cdaba281baffebac1b928ec8,True,650ddf8339a5c5de90b472df43548808d3e326b61a4a7719598e6afbaa1c2a0f,pending,pending,pending,
609,سورة الفرقان,staged_needs_visual_and_linguistic_review,True,not_reviewed,False,[],77,0.896,0.506,0.857,6.16,41397e721734dd9f459f98246cd08bebbd6a2162d7fcc08b076ade54a721c124,True,ee8584161e12f53fd30cae1ac18faf0745facc622d664b82c7705ad3de1ab125,pending,pending,pending,
1100,التفاؤل,staged_needs_visual_and_linguistic_review,True,not_reviewed,False,[],48,0.896,0.458,0.896,3.84,0c6b24d7ab60d2bfd9078a92440612262799bd0adad9797423b75378b830b346,True,59381fca1df710a3089ad4ac8b50b99b457a3a198fbf995f75299b2e6f3d5527,pending,pending,pending,
1143,الحديث النبوي,staged_needs_visual_and_linguistic_review,True,not_reviewed,False,[],48,0.896,0.521,0.812,3.84,45f82310688746c9cab0e797fed955fa6593fc677e04a10791853ca95a48fb0c,True,5c09794175deb48bf84b2438b829cb50ce8d16ec01926615dd998ec74bc57291,pending,pending,pending,
167,أحسن الله عزاءك,staged_needs_visual_and_linguistic_review,True,not_reviewed,False,[],58,0.897,0.034,0.879,4.64,391c86e4d9ad32f25a2703fb0214210537aa8a8ce47900159a0cd22b9cb4acd8,True,fbba764fc9e0ba21b75585f8405c324d00b173bd6c8ef226fb4607b0f540a02e,pending,pending,pending,
242,الحسن بن علي بن أبي طالب,staged_needs_visual_and_linguistic_review,True,not_reviewed,False,[],58,0.897,0.879,0.879,4.64,70f1e8acc991786c08e73fd449e6ecdc20d03630d1061f536685169279d26409,True,ce9998948379d5e1c9993e4a111d465b9b41e99f0fc0a28fe083eefd4587a1b8,pending,pending,pending,
309,الشيخ صالح الفوزان,staged_needs_visual_and_linguistic_review,True,not_reviewed,False,[],39,0.897,0.0,0.897,3.12,fd96d2231f3356489ed86ee378c8bb1f70c14f5e57aeefa55679b38c12ab4ee0,True,f78c4acf3e967b38395cb272b802a3a932470d336b55e91b92dadb057bc31d21,pending,pending,pending,
389,الله المجيب,staged_needs_visual_and_linguistic_review,True,not_reviewed,False,[],58,0.897,0.603,0.879,4.64,0b34d27e30af47aed735d92e3f2a93e95d9a3204afbd7ca5335fb629fba56da2,True,c35798cbe3ca438cedb150c3bfec0c58d6516f4c4f03121d25e3bed86eaab11c,pending,pending,pending,
436,الوديعة,staged_needs_visual_and_linguistic_review,True,not_reviewed,False,[],58,0.897,0.672,0.828,4.64,824a9593e3ca12cbb047bc54cb63cef2436f55314a88b34acfe26b25cb792446,True,e0a9d8b66b1583626ea092addb69df8b3b4291fafa427e9d748e46a4c59adcf5,pending,pending,pending,
456,آية الكرسي,staged_needs_visual_and_linguistic_review,True,not_reviewed,False,[],58,0.897,0.655,0.897,4.64,4ca3976732976792365297432a496d916a7f675d76a79a10ca1d96c2caabb157,True,58f9784db9f27ca69364afcec36e6c4b6c0bc11dbe51b93883d99e7d64e3a1ff,pending,pending,pending,
471,تأشيرة الحج,staged_needs_visual_and_linguistic_review,True,not_reviewed,False,[],58,0.897,0.741,0.879,4.64,40c87d8b090182f8cb1d0e587bcf4ee338e8ecff4a5c0ea2c069311fd34eb29d,True,e8a8cde160841af2ef0133050dc6d3616a9d2886317a88f128b7472198da9f10,pending,pending,pending,
481,جنة المأوى,staged_needs_visual_and_linguistic_review,True,not_reviewed,False,[],58,0.897,0.879,0.845,4.64,b1eae7b3b40b7877490cfbf33abe208b2e3d1c79a6400f99ef8310efcc37930c,True,31daf4d4ace8f9d0d16c7f9aa56dd809f080f0e1f91ed72c61a87bbf30e8a5f5,pending,pending,pending,
743,معركة القادسية,staged_needs_visual_and_linguistic_review,True,not_reviewed,False,[],58,0.897,0.621,0.879,4.64,7c542f9c5a05b95371e005d5ec00916aeb686aa98b4af860beb9e5a32d5a72c9,True,79181286ed5c7e34d07bc2f5372b6619928be6b59ec0851a8c52d65749352d38,pending,pending,pending,
1178,الرأفة,staged_needs_visual_and_linguistic_review,True,not_reviewed,False,[],39,0.897,0.872,0.769,3.12,377bad052073683bdffb4c417dc0bab7fff45c517f1184db85dc367815760526,True,2f1e7cc1a4dfef4d5727e285fa875058602a338ff896c22d03a4253ebca9e260,pending,pending,sampled_presentation_checks_passed,
214,الإيلاء,staged_needs_visual_and_linguistic_review,True,not_reviewed,False,[],49,0.898,0.633,0.898,3.92,b036bbe16753cd101cef79915dddc53e23448b82e3cf250eb9961d76587ddfba,True,5ff231c2e554a837c4970020b9dacddd142fb8870b0607e137a1b5fa30991eba,pending,pending,pending,
274,الله الرافع,staged_needs_visual_and_linguistic_review,True,not_reviewed,False,[],49,0.898,0.0,0.898,3.92,607f8f112fa53b7a7a083f707f602d605371c3d8a6810dfc2aa2c9768d4e0a17,True,39a511fb9c5045259f1a45c38d6f3636f167a52ff6984c41e1e4c4643a176867,pending,pending,pending,
468,بلقيس - ملكة سبأ,staged_needs_visual_and_linguistic_review,True,not_reviewed,False,[],59,0.898,0.0,0.898,4.72,92ebcf1579d5beabe90762aa2b2b0dd68e6acf07dda0c261fb51b61082d67710,True,fa5e97d197482f080871a2ed005d9ea7f0662d6f03a3eb821792e1ffe089836b,pending,pending,pending,
562,سورة الانفطار,staged_needs_visual_and_linguistic_review,True,not_reviewed,False,[],59,0.898,0.898,0.881,4.72,1e4994c0082d6d07d9daddd78903c4d1ed8386cbc3e6d262c194af718b544b0c,True,7b860a312a49667b710f0cdbacf887cdbd8d2dc7cf1eb1c908505c1c42b28d7e,pending,pending,pending,
624,سورة المجادلة,staged_needs_visual_and_linguistic_review,True,not_reviewed,False,[],59,0.898,0.898,0.814,4.72,1ed2b4108ad64b1e09d8f03703bc5ddf1fb66e2e8c4660e834b5378732dfaa6f,True,29f5416bf0b246b3279e44df1ba8514229627b59403d2fed1470cf24447043b3,pending,pending,pending,
663,شجرة الطوبي,staged_needs_visual_and_linguistic_review,True,not_reviewed,False,[],59,0.898,0.61,0.864,4.72,a1c04be2fb938c568dfccc826a85fa23a67a5bacd5196fbb1e9d47c30c6ff5b5,True,20e797b282af680ac9d467172c83a48944f4ffe66167401349c3d68c5ac70551,pending,pending,pending,
696,غزوة حنين,staged_needs_visual_and_linguistic_review,True,not_reviewed,False,[],59,0.898,0.61,0.864,4.72,48958f914120069773d49dbce0d50f7b465fba45d7d9d0d71ebedb25b9312a14,True,4278567f063ea72860d40d7cb5f6f9f84408bab437e99dcf44853d70e1a272f5,pending,pending,pending,
762,وقف الله تعالى,staged_needs_visual_and_linguistic_review,True,not_reviewed,False,[],59,0.898,0.288,0.898,4.72,f46650de79fb5200bd1e7a67e0651ece7bca0d87d2508de115f7a0b98eb12917,True,bcec0c984fb2adfcfee8b4d24b85c52721b248fc12b952611b2f4d46aa7f710f,pending,pending,pending,
834,خنزب,staged_needs_visual_and_linguistic_review,True,not_reviewed,False,[],59,0.898,0.729,0.864,4.72,204521d3408483cf1d028f0ec43eed2a9a713b67ca5e1e7ecd18fb7588d11f4e,True,ba9576128f67e5d4198804db3d0a603ed8c9bd6edf0e3044cdb30ce770e86efa,pending,pending,pending,
200,الله الأكرم,staged_needs_visual_and_linguistic_review,True,not_reviewed,False,[],69,0.899,0.638,0.899,5.52,0e4939dc9d8cfbc32f42fb1460020fd5bb65f23e7328e6c1eacdaaddd92856c3,True,65788006e68efe799387b4cd3267eda57b9d7c0b9dee993e0f85cb1152a48933,pending,pending,pending,
183,أشهد أن محمد رسول الله,staged_needs_visual_and_linguistic_review,True,not_reviewed,False,[],60,0.9,0.25,0.883,4.8,1e5a7dc977adb756a7f6086103ffb757ea335d6e1d775e9f57b49d03fb0d3134,True,b957ddf8f867c425253e57869225eff5cf8fe01b7c2c8d70b013d410e4cfdd29,pending,pending,pending,
257,الله الحيي,staged_needs_visual_and_linguistic_review,True,not_reviewed,False,[],60,0.9,0.0,0.9,4.8,6c4be7a43a494501241bade16e38b4552db39be57ab39331b822bb9f42bffb7b,True,ab7f899655da248861a7c17a4d695e63b0b3f92fc7933f2f5d75408b7fe97f11,pending,pending,pending,
362,الله القهار,staged_needs_visual_and_linguistic_review,True,not_reviewed,False,[],70,0.9,0.0,0.9,5.6,d6851d0720986aa839b9d26356dcc4f7ce716eec2aeb99e4ad8c79ce5dec6cfb,True,e8b67e357aecd8fd17589b6cfa30a92a3fbc55725f6227ba3838bc314544bc27,pending,pending,pending,
402,المعتمرون,staged_needs_visual_and_linguistic_review,True,not_reviewed,False,[],60,0.9,0.533,0.883,4.8,8a9865f89a12022297978b855f59f468a5b28226660fe182cda5df254d69a6a4,True,714337ed1f26a8ca93fe96476c7c4e117002196edbb4fab2297c7397d8e5b997,pending,pending,pending,
513,حديث موضوع,staged_needs_visual_and_linguistic_review,True,not_reviewed,False,[],50,0.9,0.38,0.9,4.0,af636a63640875d14001f65f2eb75f0f0c7eccd85014853ee395a2f53b922817,True,82ba3c8d802895f99f68ab262770622c9b9259b1e66feef8153a24fbcbe89fb8,pending,pending,pending,
527,خزنة الجنة,staged_needs_visual_and_linguistic_review,True,not_reviewed,False,[],50,0.9,0.84,0.88,4.0,60707fabc0ee4a13e7a25148cbcaa69d9e1bd9ae00b479ad64e0797966375e6a,True,0e3cce616cdc3bb8528e9bcdde3d40d8f87313b50a91edebef1754b52341eead,pending,pending,pending,
582,سورة الدخان,staged_needs_visual_and_linguistic_review,True,not_reviewed,False,[],60,0.9,0.9,0.867,4.8,1a961aa3ed0ed40f643721ad7d55cbbedeba66ff5e69ffcb9a047809affa20ef,True,ba7d3f9f34d0167f69e2c2556e310decaf7d158e33da4b91f643d0d3f8d255f5,pending,pending,pending,
639,سورة النحل,staged_needs_visual_and_linguistic_review,True,not_reviewed,False,[],60,0.9,0.55,0.9,4.8,5909fe78d9a0242023cb40eb687dd7cebb8c2501e70ad2d1c9eaf3148fe4845e,True,7f666b7353962bc0729b98742dff7367ea95eca9d16cf9a9ecc0daa2f233f801,pending,pending,pending,
652,سورة فصلت,staged_needs_visual_and_linguistic_review,True,not_reviewed,False,[],60,0.9,0.883,0.9,4.8,8422193b3b466a9c1a0e85dbf15bba533187fda824788060fb52304473bc73cd,True,ebd1843c7b2aef2fbee81e0615f9a7b84afcc9aa217dd72553aa7057ab622eea,pending,pending,pending,
668,شروط الحج,staged_needs_visual_and_linguistic_review,True,not_reviewed,False,[],50,0.9,0.84,0.84,4.0,b7d2d239bffac8472d3f1573584be8aa5a58eb670ff74f84caef5a8eb419bffc,True,dd818ce234ae9fcaa648bbc847fc33381e349cec9fb4764e63130f6b791d5b7b,pending,pending,pending,
888,صومعة,staged_needs_visual_and_linguistic_review,True,not_reviewed,False,[],40,0.9,0.875,0.85,3.2,d2d1c5c565a7b1d55a27afecc24e542f2785f732a6c69cbb256fa8c223429810,True,87f696311af7ea99fa9e254f6ad69e2c12be23c8492c5e86308a67f29078ff1f,pending,pending,pending,
1472,شفاعة,staged_needs_visual_and_linguistic_review,True,not_reviewed,False,[],40,0.9,0.35,0.9,3.2,b50171691ea0992e3a43d49c09c3c1424f5ed75a5ca5af875ec5460b9eb6da40,True,a91749648c048efe5186266159fd74ff6583dd18851997b1e86b2b21b11d3dd8,pending,pending,pending,
1489,عقيدة,staged_needs_visual_and_linguistic_review,True,not_reviewed,False,[],40,0.9,0.475,0.875,3.2,e8166b03ae0587cfdfd6f0158be39aed376924025a38eee0ce1fbcdd1f531742,True,016ca8b2852b4e768faa789e63b62d284eeaaf2f21ffb0c2133a445142a85ac1,pending,pending,pending,
12082,داخل,staged_needs_visual_and_linguistic_review,True,not_reviewed,False,[],60,0.9,0.9,0.617,2.0,6f160a312cbeb8da1647663dee5c26471c9472396ce21b2d80fffd80fd200f89,True,e1d4031f275ac2adfa909af27c62e782a6eb73cebe0c248e4d14afa2e582a741,pending,pending,pending,
155,أبرهة الحبشي,staged_needs_visual_and_linguistic_review,True,not_reviewed,False,[],61,0.902,0.016,0.902,4.88,e7510c607953448dac543c8db0faa694dad20c190fe526522a2742d0605998bb,True,465bd659d5f42bf09a4d0f0786f958cbdaa9a52fb31356fafb6c1cb57af6bb47,pending,pending,pending,
187,أعوذ بالله من الشيطان الرجيم,staged_needs_visual_and_linguistic_review,True,not_reviewed,False,[],61,0.902,0.246,0.902,4.88,1116ee2a8320760bb884b757bea3df43ff0adf28d543d27218cee9bbb7bf5bc7,True,faa77e3c14bcc501341f26ea9dbef321737320270e997601eefb8bf6442e4f32,pending,pending,pending,
244,الحسين بن علي بن أبي طالب,staged_needs_visual_and_linguistic_review,True,not_reviewed,False,[],61,0.902,0.902,0.885,4.88,77a95f79e2e1e89f8682b3982b9c90d85b3a0c0af1ffdeafab7432de289a2f33,True,4d89c6e6c9858335591dedbc7d58e0378d5b6db99369eef7e91d7893d364faa6,pending,pending,pending,
245,الله الحفيظ,staged_needs_visual_and_linguistic_review,True,not_reviewed,False,[],61,0.902,0.656,0.902,4.88,69a5515e90640fd51e352b97b0bb956fbe88c4453e96e34574d9c2a8157dc097,True,4074e8306091e63d603d5e1724102587351c5224f3a5a906dcc2493698a7ed86,pending,pending,pending,
356,القذف,staged_needs_visual_and_linguistic_review,True,not_reviewed,False,[],51,0.902,0.314,0.843,4.08,cbf56283a89be2c2c07306ab65c471bc6626b6fc371f782875f2d9f8d3b56bf7,True,e5867f26cc9ee3f96641055cf7b1b428887dc4787c820bc115f1fda136e37121,pending,pending,pending,
466,بسم الله الرحمن الرحيم,staged_needs_visual_and_linguistic_review,True,not_reviewed,False,[],61,0.902,0.0,0.902,4.88,b4ff03223d5f84c989f15f03a5dddcbbc785a3ae3aeea588febdd117651489ad,True,90fc0a92e42b4d569436a406ca8d689c140236bbda8be0477081304a520b5af2,pending,pending,pending,
491,حد الايلاء,staged_needs_visual_and_linguistic_review,True,not_reviewed,False,[],61,0.902,0.738,0.902,4.88,e29dc34080244fa8b938d13e83ca6a1b7653763a2fd1acb9c997337929eb39c0,True,57145c6fa31c992569bfbfb81d8c57656463180748aaa4fcf1aba432064145ee,pending,pending,pending,
592,سورة الشعراء,staged_needs_visual_and_linguistic_review,True,not_reviewed,False,[],51,0.902,0.902,0.863,4.08,fef27203f4ef9a76701fa4c3fb788abf4d58776c0be9d830ace315416b25bd51,True,570064e7017bdbad79df183f6c33878d6da35d49972a3647853e75a8741c60d2,pending,pending,pending,
643,سورة النور,staged_needs_visual_and_linguistic_review,True,not_reviewed,False,[],51,0.902,0.353,0.882,4.08,d5ff6e01172f92e28d583253dd8f27ff2cd1726658b33a994aa15bbcdcbd0606,True,09bd40382b5d7d3c2517c90350088a611480b0179426bcf70febd8dbaf533462,pending,pending,pending,
908,غسل الوجه,staged_needs_visual_and_linguistic_review,True,not_reviewed,False,[],51,0.902,0.882,0.882,4.08,d6e4cca65f6778adff36b84fe35ae1c5a012631a98a97f65382df6897e0b9999,True,266f294f60bea00b737388bdca5c40c7ed2f961c80cfbe35a978246a6160e964,pending,pending,pending,
201,الله الإله,staged_needs_visual_and_linguistic_review,True,not_reviewed,False,[],62,0.903,0.0,0.903,4.96,c1e7a9dec98b425e70063d1b02fd3a8d19d7314bb3c89a2e4ddf4f673257d583,True,e9181804a7cd6b7a74f0401b9430733e4aa126e69a07f13212b63b4f32f98bfd,pending,pending,pending,
239,الله الجواد,staged_needs_visual_and_linguistic_review,True,not_reviewed,False,[],62,0.903,0.0,0.903,4.96,18711fd174f2e751db951b0317047b0e1338e93242094b04f205ded6eee56017,True,8798b5e091de4c2bdd79ed3722000d508793c2a14a249e698a42d88ba02f3c8f,pending,pending,pending,
1208,السكينة,staged_needs_visual_and_linguistic_review,True,not_reviewed,False,[],62,0.903,0.581,0.903,4.96,bb9731a20b1052a70ce7e931aa49b93e2e7e93dade1f7521bbfb33f251ab4032,True,a31b8cef529e67371a9b154268e4379c85fb1a98ac54246103047486e7603718,pending,pending,sampled_presentation_checks_passed,
422,الله النصير,staged_needs_visual_and_linguistic_review,True,not_reviewed,False,[],52,0.904,0.0,0.904,4.16,bed284e83abc3f56409741f9202fcb3c1431cf1e0d709e6fb3da7f01b36fafbe,True,59aada755da23d00fe4635da4bc6b22de71057c220d0ad9a3ad1724cff0fb1ab,pending,pending,pending,
453,أهل الكهف,staged_needs_visual_and_linguistic_review,True,not_reviewed,False,[],52,0.904,0.885,0.827,4.16,595d5a4bb486be0817dfe86cad9887169e5ab6732b8d16ba5f338465dd8b8643,True,29fd02cf16e2af59b97cb0803d9caa70c871eba615e8c159491322d101706b83,pending,pending,pending,
490,حد الاغتصاب,staged_needs_visual_and_linguistic_review,True,not_reviewed,False,[],52,0.904,0.327,0.885,4.16,d5202b48f4d366a26ea89d1f01c57daf342c6b790483af6dd6791c9ba4425659,True,35eb4d8ce87388fa032695d211ee270b3f1c9abc7201aa2fc2ddfd6d1c3eca77,pending,pending,pending,
685,عدة الوفاة,staged_needs_visual_and_linguistic_review,True,not_reviewed,False,[],52,0.904,0.346,0.788,4.16,ccc13b72c1e3bcefc848de07dbe91585b35b92f6b0559fa48a0cb5a3ef12dc47,True,5e98615cba7943ce3def9d488c413732af6ab9f5ecb93ff5e918b797af7c82ae,pending,pending,pending,
940,لبس المخيط للرجال,staged_needs_visual_and_linguistic_review,True,not_reviewed,False,[],52,0.904,0.635,0.885,4.16,f20da8c0af9e53ef508339f61cf201e67bd1280fa4fb4f277ea7d7c5f849b838,True,f25ff294333dc71ad756e162f48a3a6c8b5537a98f3f2d9f1ca7d0cdbcb99080,pending,pending,pending,
1108,التمييز,staged_needs_visual_and_linguistic_review,True,not_reviewed,False,[],52,0.904,0.0,0.904,4.16,dc7a0ffcc8a5a20ae148487ae7a990ab2c33071494ce6aed88185916f16750e4,True,ea96a98c697b65ce67faf2def9968e26bcccfe0f88f2c9c7a9fd7414a2a47b6b,pending,pending,pending,
216,الله البارئ,staged_needs_visual_and_linguistic_review,True,not_reviewed,False,[],63,0.905,0.635,0.81,5.04,e01f6357fed9b8068903f2e961194dd557f689e6a6b9a136bd76953acd55f47d,True,5f3fc9b3cf1e07b31310cdc86856a272dedd0ebe2715899aac450823df6ea203,pending,pending,pending,
249,الله الحكيم,staged_needs_visual_and_linguistic_review,True,not_reviewed,False,[],63,0.905,0.587,0.905,5.04,0f1a7dde8300f74d777bb33f763887fa57eacd542c6a1496045ad31836e19915,True,20c246dc5e6f0776f7c9610abb628332f0041fd1b233b33b560ab304561963db,pending,pending,pending,
359,القسط,staged_needs_visual_and_linguistic_review,True,not_reviewed,False,[],42,0.905,0.595,0.833,3.36,0fc0c7cafd7f2ad0399a93598c3034afa3e65e47fb2a70fa9c8ac7a377c1c3be,True,f4a9857769bd182008b52b858b48e2efd4c574ebd29c1155190b65d805225b57,pending,pending,pending,
378,اللوح المحفوظ,staged_needs_visual_and_linguistic_review,True,not_reviewed,False,[],63,0.905,0.556,0.889,5.04,1cc38d04eaa3df3da2c086ce10265c5cce69be75d809b93e60d4031aa2440a21,True,ffe93e1802621c9db8a94c7be9d013bd7ba341d3b0af8086bdfbbd8207bdeca3,pending,pending,pending,
514,حكم الوديعة,staged_needs_visual_and_linguistic_review,True,not_reviewed,False,[],63,0.905,0.857,0.905,5.04,64a825b2535a2b387a4db38c045d3e957b5bcc449cf99dd256c7ccf05127b94c,True,5a4fe4faeb04ae64940bc0898e15c15d66d9e0018d8305b9cd234ddc7af92cc5,pending,pending,pending,
931,كتمان السر,staged_needs_visual_and_linguistic_review,True,not_reviewed,False,[],42,0.905,0.0,0.905,3.36,f6efab06125a19cc4617cfb08b4c8a24ecd9f1bf99aa688ee3fe17eaa7415e6c,True,b6dd7f9a6f878c726f939bdb5ef8cd166f21e7cc30fc97cfaf5cb399ea02903a,pending,pending,pending,
161,أبو لؤلؤة المجوسي,staged_needs_visual_and_linguistic_review,True,not_reviewed,False,[],64,0.906,0.797,0.812,5.12,c8979b1b65141e68522d970c4da3082f96503e7115f70f8c60ea7a7ea298cb83,True,e90672d7d15162bc649b95c5f360f593614f6561fa118f168fc7cd09df911595,pending,pending,pending,
285,الرمل,staged_needs_visual_and_linguistic_review,True,not_reviewed,False,[],53,0.906,0.906,0.868,4.24,89505d8ad8a5ad4e62811d86d5e192877fd6fa28c581b67e5bed4a1074d593dd,True,fd87533364a85ecec2506debf795917c863672f41eb619cb428b9ed059e1b8c7,pending,pending,pending,
368,الكوثر,staged_needs_visual_and_linguistic_review,True,not_reviewed,False,[],53,0.906,0.604,0.868,4.24,4b3f793bb686ef6bb1f442b453828b7edacba002e8c36f2ad43e4e408f089e6e,True,e9b43c9b1a0b12280df66334a7c85cc390dc0f1228c3d75a7848bbc0a2dda682,pending,pending,pending,
455,أيام معدودات,staged_needs_visual_and_linguistic_review,True,not_reviewed,False,[],53,0.906,0.321,0.906,4.24,73bb14c6e63d7a8e628f380f65639194c1a5fa28b3944386801c8883255ea515,True,89748df6db9528eea59a63a68e6d4910b918773ff67556db3c445c51bf0fd9e3,pending,pending,pending,
472,تأشيرة العمرة,staged_needs_visual_and_linguistic_review,True,not_reviewed,False,[],64,0.906,0.719,0.875,5.12,29480faacf330b081307c50bda33efcf10bb9a8271351971f04173ca7caaa33c,True,17c8760eafc308f138d835f00971e8f65e88a19532c0d035ef21820933694f7f,pending,pending,pending,
506,حد اللواط,staged_needs_visual_and_linguistic_review,True,not_reviewed,False,[],53,0.906,0.868,0.811,4.24,361cada6c27aedc932684646b365b0fd973e0ca0f9538e0a58e1cf1d250b5f97,True,fe146a9e1849ebb5349455e462c6a44819e842408fb7c73e42345c002c1e7502,pending,pending,pending,
561,سورة الأنفال,staged_needs_visual_and_linguistic_review,True,not_reviewed,False,[],64,0.906,0.656,0.844,5.12,ee7ba8491eddf578290f7d234bd3a04f06dfc80d14fea16c9c6eaa68d19d2a6e,True,8676dd5491c40f8b81719590e8b388e41ac86fd38c9503a1e1563f27fc1e0f72,pending,pending,pending,
579,سورة الحجرات,staged_needs_visual_and_linguistic_review,True,not_reviewed,False,[],53,0.906,0.887,0.868,4.24,72e4676e7dabef7d2d07a0cb645efcac21474a6fcd7292844fc135c4fec31866,True,6faa1d58b94b941e7ff342338903e30e73198909d89ada54cc86d7e8cd93cad4,pending,pending,pending,
613,سورة القدر,staged_needs_visual_and_linguistic_review,True,not_reviewed,False,[],64,0.906,0.703,0.828,5.12,9ecb37b009afd183d7da080b75d09c0b364769a787e102f508d9b4e6be3afcc8,True,564f07fbee06591377c29467afd7c3b36a7ddbdaae1ec7abf48fef5d20725fd4,pending,pending,pending,
623,سورة المائدة,staged_needs_visual_and_linguistic_review,True,not_reviewed,False,[],64,0.906,0.734,0.844,5.12,24c5218a5641c0c4e7999eb0955ddc4cd681fdbd7d5fc61df0c750875b6c9a5b,True,c97a22861ba732eb69b7393e63ebee76d96601c47efc03182939ab1b9899abdf,pending,pending,pending,
645,سورة الواقعة,staged_needs_visual_and_linguistic_review,True,not_reviewed,False,[],64,0.906,0.812,0.875,5.12,c764f3b7aeffb91be591554b9d0d0c34ca76efa8bd802f8bd98a8644aaef89e2,True,f56f0f935f12f687955b6ac1a3a6f3eff3523ab20ab239a241c7fe2e7b2e0e2e,pending,pending,pending,
702,فتح بيت المقدس,staged_needs_visual_and_linguistic_review,True,not_reviewed,False,[],64,0.906,0.797,0.906,5.12,e0207d615f101e4a49537bbbb9e251c1c4c7b109ff29dae9e93973b6e2586638,True,4a3ac232b6f3eba2b602feb49724986bb2921cb0a82f04bef11aa671526f6500,pending,pending,pending,
948,محرم المرأة,staged_needs_visual_and_linguistic_review,True,not_reviewed,False,[],64,0.906,0.906,0.812,5.12,1a82bfce799eccb70ae8be4ffd360a73d3e5125ed6ffe81f322f64d768e99778,True,d72347cd28b11c6651c0e4f87ea941684488b8c605d7cead98be0cd69e1ab40c,pending,pending,pending,
1115,التهنئة / تهنئة,staged_needs_visual_and_linguistic_review,True,not_reviewed,False,[],32,0.906,0.0,0.906,2.56,b6a2d71b6c3fc090b58e1ca560c6b1a6e3c6e03ec03494896f7479253a0ee77a,True,fa0e4197d3328b5937ef1f88a30700762d94cc61166ed2e9b6e320bf09f16f54,pending,pending,pending,
1135,الجهر,staged_needs_visual_and_linguistic_review,True,not_reviewed,False,[],32,0.906,0.906,0.906,2.56,f892732e0452c99cb0ef982aad561d9bd65d38ecffde9a11e3cf0b9b237886d5,True,976fa6c4ada211581e1b4b23d1050dadc46673e5b0365f532cb0e63f9c99ff16,pending,pending,pending,
1183,الرشوة,staged_needs_visual_and_linguistic_review,True,not_reviewed,False,[],32,0.906,0.906,0.812,2.56,1e398833d18ffa4c83d830aca080387ed953ca162d477061a78517756e512701,True,30a9285bb25bcbb746abf4d81a932a1166aa34e3ea0f4962437904b21cb1843a,pending,pending,hold_contact_review,Overlapping palms near 0.85s and 1.68s need contact review.
1015,افتراء,staged_needs_visual_and_linguistic_review,True,not_reviewed,False,[],43,0.907,0.0,0.907,3.44,0a5a9c071b4ab28cbad3f0206754d6341679fde954261add72a03d7e7f51afb3,True,3e6dd56d12c99f73490b896ede5ea1a9d6c65f52cabeda8fe268d624ba09f116,pending,pending,pending,
1220,الشريعة الاسلامية,staged_needs_visual_and_linguistic_review,True,not_reviewed,False,[],43,0.907,0.442,0.86,3.44,47d536a603a8c138c31b245236b9fe36dd7c49ee843dcfa0d78a46d008e9691e,True,2604855554fd4ce44cc011219668ef33cebd9d9dc2d4042a39277bd8202d5417,pending,pending,hold_contact_review,Two-hand contact near 1.13s needs contact review.
12146,عالِم,staged_needs_visual_and_linguistic_review,True,not_reviewed,False,[],75,0.907,0.627,0.893,2.5,ccf6a80bdf699cde1321438022c84157a279b8374e2d6861c84742606608045e,True,e72a5ace5e70c05010408c1348b87c161fcb54a58c1e6f9557840735ecc93dae,pending,pending,pending,
232,الله الجبار,staged_needs_visual_and_linguistic_review,True,not_reviewed,False,[],65,0.908,0.277,0.908,5.2,ebd7b46f4b6ac3091b42d08dde7ca5c6874708333a61f78dfc63b78635e5fa0d,True,db18bc99652cc8d7a86aef3ef12d6c7ac3e0e693a416092dd7c72d4c36497f6e,pending,pending,pending,
573,سورة الجاثية,staged_needs_visual_and_linguistic_review,True,not_reviewed,False,[],76,0.908,0.882,0.882,6.08,affffb17fad7ad8c03d40da06d0cc6da2609dc7e534b318976774cf455fafeb2,True,b49617b18ac6a30ccd85dab50bd4582d9818e3fa32968ed49ea1f764f4019edc,pending,pending,pending,
1130,الجحود,staged_needs_visual_and_linguistic_review,True,not_reviewed,False,[],65,0.908,0.8,0.877,5.2,054f145d82107015c5d72c327f8827f8a592757722c4d3cf3bed2d097f41e782,True,82f51f21e8390f19a4ff8871875cb3ae21d84f67671489997c371dee43109ff9,pending,pending,pending,
166,الإحرام من الميقات,staged_needs_visual_and_linguistic_review,True,not_reviewed,False,[],66,0.909,0.682,0.803,5.28,1cc949484788b5189152a828c7b727fc51a99df6fd5c288a23e5a0aec0e2962e,True,961a74882c8263e0ee41cc1378c045350c52a84d09e7aebc339fa7a3c908af65,pending,pending,pending,
545,سعد بن أبي وقاص,staged_needs_visual_and_linguistic_review,True,not_reviewed,False,[],55,0.909,0.855,0.891,4.4,f3e01363bb178ed1c2545f1cd665ea4b1385e52cc523d4d0da016078d8345f2a,True,0167509ac68d08906fc30525ac1bebb6879e1eea4b59050d28fc6da933e3c43a,pending,pending,pending,
604,سورة العنكبوت,staged_needs_visual_and_linguistic_review,True,not_reviewed,False,[],66,0.909,0.909,0.879,5.28,766a65a7f3228e5f9c8fd1e99109fce9ddd94ed9172e4a1e9b6b21c32cd420c1,True,ebdeecffd8e53705068a41e23291d5ae87d8a56e03334edad3f36962ad920dfd,pending,pending,pending,
625,سورة المدثر,staged_needs_visual_and_linguistic_review,True,not_reviewed,False,[],66,0.909,0.909,0.818,5.28,25778ed71e9ab59aefbc5f416a76c79481d013c134f9eb8c4ea794cb87b1d010,True,d43531411f3b270394028ba17f087f42fdcea7ab5e80eb7a7b7c5543b9dcd501,pending,pending,pending,
646,سورة سبأ,staged_needs_visual_and_linguistic_review,True,not_reviewed,False,[],66,0.909,0.5,0.909,5.28,473210655a79849beff850af3b4f08a7555f5d61d4137f35560e1aa9a393edc2,True,c5b6a4b9938f580c69fa1769e8aff95ebac09205ce2d29c6995d3ef362f55184,pending,pending,pending,
721,كيفية الوضوء,staged_needs_visual_and_linguistic_review,True,not_reviewed,False,[],44,0.909,0.841,0.727,3.52,3ea5200bb59f37884b490d8859ef17b57e1c50a9d072465a7a88fb70294bf19a,True,766bd394c74a15145f0519751daef9746da24c4d2181f624ed6424008d781bba,pending,pending,pending,
891,طول الأمل,staged_needs_visual_and_linguistic_review,True,not_reviewed,False,[],33,0.909,0.0,0.909,2.64,0c8099a541abbda2e8c02b66c9e7de7029afbc9fb9bb3f0d02bfb47cc3551450,True,ec4c03cf9eefa61bd21d3757ea89ced4665dae764279777d473b008b4da40f48,pending,pending,pending,
12115,آلية,staged_needs_visual_and_linguistic_review,True,not_reviewed,False,[],66,0.909,0.894,0.864,2.2,ebc90fcec2030cc2b89d04cee9dfd3fc87ba42e51929083cded58b0a28475c72,True,f91213747c413b51a45737571c301c01585a1e7b682f62cf07b88a39de0d559c,pending,pending,pending,
217,الله الباسط,staged_needs_visual_and_linguistic_review,True,not_reviewed,False,[],67,0.91,0.687,0.881,5.36,05fb7832b92ab2bdb3a1e5e77ca4a817eb1b413a5d6cc5a2a8f31b9c25d31837,True,dafd081d85ffffb9f25f0d20600e3afa81cb54437058cd92b5d7cda64fe860d2,pending,pending,pending,
576,سورة الحاقة,staged_needs_visual_and_linguistic_review,True,not_reviewed,False,[],67,0.91,0.761,0.91,5.36,ba899a10f6c70cc9124fa8f8dac0bf7f1000cce1dfa605d2f322bbd8e292094d,True,ea3b764bfa521c18bf1021f3b4d12fb451ca5459e437821710b15bc205f61871,pending,pending,pending,
630,سورة المعارج,staged_needs_visual_and_linguistic_review,True,not_reviewed,False,[],67,0.91,0.896,0.896,5.36,08d40cf21d5cd4d5d3094e40fdeef5302ff4b801816aef96744c96bbe289db95,True,209ad628a862dfba481cfa5bcca203786f92babc6fbefb5f7848e72f308671a7,pending,pending,pending,
148,زكاة النصاب,staged_needs_visual_and_linguistic_review,True,not_reviewed,False,[],56,0.911,0.786,0.804,4.48,be1e1e30682cd17a6311b999de748bdc850a19d0ff444eb8c7990f5ebc754493,True,9e5bdd10f59d66cee6445aecf72c04e03d0e1b0e55a62040fc378c02aaa3579e,pending,pending,pending,
159,أبو طالب,staged_needs_visual_and_linguistic_review,True,not_reviewed,False,[],56,0.911,0.893,0.821,4.48,876317f05cf2a3a4bfc79d2e881eeefafe7620af5d34d70a7296020d3f1f86b1,True,97eac9b133585ad8c7058ed8e7bb0e5d70aa3741e1fad18d4f5bfa275c8c4aa0,pending,pending,pending,
463,باب الكعبة,staged_needs_visual_and_linguistic_review,True,not_reviewed,False,[],45,0.911,0.622,0.911,3.6,5fdb49ca50dc0c82c6fb18e432db0a966ed0d2b079bc9b4d17803b017d6608e4,True,653d700a1731791d1c70d4cfe0668281f479e820328abd3f7efcd3f323ececaa,pending,pending,pending,
1065,البذاءة,staged_needs_visual_and_linguistic_review,True,not_reviewed,False,[],45,0.911,0.022,0.911,3.6,c74be65aed50d367e7f33fe930d12dd711f335c81c42f76c9e69c6926cc43b58,True,113986201c8868a3bf5bd5ddf33ba54216647c7a6d46c2fa3363f86adfe3de91,pending,pending,pending,
1079,التبرج,staged_needs_visual_and_linguistic_review,True,not_reviewed,False,[],45,0.911,0.867,0.867,3.6,f91e867a6f6e841c990c3fc44b2eb4c9d9ef4bbd4a13ed4dbc7d5d62a1e6f30f,True,f42e16571c5c069896b94262ca8a023a75bc9dbcfc38842ca2cb622c6deb0777,pending,pending,pending,
1090,التخنث,staged_needs_visual_and_linguistic_review,True,not_reviewed,False,[],45,0.911,0.0,0.911,3.6,29fa70100c1cd991939bc3e6e55aef9003cc8338468432e60135d5489c5aec61,True,f5b06af6bdcf2856305506cfc94069412080899e0cbc28abeff44a1962112eda,pending,pending,pending,
426,الله الهادي,staged_needs_visual_and_linguistic_review,True,not_reviewed,False,[],57,0.912,0.439,0.912,4.56,fcf10b5c36eee886fd6d72bd6520181466bc8fe948cf6c3fb49ebdbf3e2286ad,True,820e46ca43263f016f74d9cba5c4c35965a6b4c61b1fb59d73fc2852bd4af1b9,pending,pending,pending,
620,سورة الكوثر,staged_needs_visual_and_linguistic_review,True,not_reviewed,False,[],68,0.912,0.618,0.868,5.44,d6d6eae4af8016fee8dca1f1b3a46ab170eaba37337d69dae3ecf1f3a28ae0e1,True,8321cae04d01363841e107cf37a32fc0b5c17c98324fc5a0f458f659de7afe36,pending,pending,pending,
701,فتح المدائن,staged_needs_visual_and_linguistic_review,True,not_reviewed,False,[],57,0.912,0.895,0.895,4.56,be7b941eda293e403bd269ef03af2742f91dd3a04de331fe7203911516760ffd,True,6058edea11c171b39ade33de842e5ac9cba807dc2d6038c31a49d792ad3fb9fd,pending,pending,pending,
960,مصلحة شخصية,staged_needs_visual_and_linguistic_review,True,not_reviewed,False,[],46,0.913,0.63,0.87,3.68,6f1568cd4745aecc1ed91109b3c406b7ff2d7b518bb6410412a40bb748cad445,True,317c941a9c3a7b9926914ab1503be5c6a900516cada695b8807a084f87dba479,pending,pending,pending,
587,سورة الزخرف,staged_needs_visual_and_linguistic_review,True,not_reviewed,False,[],58,0.914,0.638,0.759,4.64,75d5efbbef5d057de6a6509e54b7961b405aeb49c26f6e19434d8bc27fca498c,True,5e9cd381175ff9f5146ecd2031ea0b2b7887a432babfda53c53b69b37cd2d2be,pending,pending,pending,
736,مسجد الميقات,staged_needs_visual_and_linguistic_review,True,not_reviewed,False,[],70,0.914,0.643,0.886,5.6,21c40dbc97220a4771298fd384efad5e0c6d3c95e450ec7252e944424e05af61,True,fcdc452faa07dae350d0291862e6fb5e37b866d2dd607683ac65d6301b8a481a,pending,pending,pending,
746,معركة حطين,staged_needs_visual_and_linguistic_review,True,not_reviewed,False,[],58,0.914,0.724,0.862,4.64,e37994d5d5b1b2839c4f8f196430fb656df8670b5a645b0a9bfbc6f3005069f4,True,d4a885bdde9dc5deb0d0c816049125e7b35af78e9610fa70c5914d2c3cbb2a02,pending,pending,pending,
1113,التنفير,staged_needs_visual_and_linguistic_review,True,not_reviewed,False,[],58,0.914,0.638,0.897,4.64,51ca5a7857630c79b3d7539e86bb363330b7a6e4aa7df21e0d7e30fc18fa9ba7,True,c5e5f5b1bb90b2bfa8cd930e655aa338314c4875e5b538f9f5133a5c3cbdbf0f,pending,pending,pending,
350,القانتون,staged_needs_visual_and_linguistic_review,True,not_reviewed,False,[],47,0.915,0.277,0.872,3.76,4478cc237127b2f1056b83bae1580320e361a395427ac10e68d6bf5015f93b67,True,f06694afa4ea85282be49cd4665f270a946755f341ede0302cd4eb145931f992,pending,pending,pending,
502,حد القذف,staged_needs_visual_and_linguistic_review,True,not_reviewed,False,[],59,0.915,0.492,0.847,4.72,81055b60a23c62d535a165a8852ed4574eedd43d75478d8a31534f8747487f86,True,0209788ff2b74495b3bb95d03eda37e7b173cfbe815285ee58b73a18ecd69d9b,pending,pending,pending,
654,سورة قريش,staged_needs_visual_and_linguistic_review,True,not_reviewed,False,[],59,0.915,0.78,0.898,4.72,325f676ec1dfe0a36190e19ab5a4b4a769d3a7497bcead3be7ce7b2216ab2be2,True,a88b405b8bc55501cdf7a55fd4b5972128ef43c0d6de536090fe11e9cf8408c9,pending,pending,pending,
755,هاروت وماروت,staged_needs_visual_and_linguistic_review,True,not_reviewed,False,[],71,0.915,0.62,0.901,5.68,106841a2996c865c4eefe43fe824bf87b9439023e7730646083cb7de5326ed70,True,d9e18e6941fb4f4366cc900020cfeee8ea6c369850b6038d85f02205e9ebe556,pending,pending,pending,
846,زمهرير,staged_needs_visual_and_linguistic_review,True,not_reviewed,False,[],59,0.915,0.746,0.898,4.72,b46a6db82f7ac31fb07880b7055706c2c1e7edbd212ef3307bd36e72fa4c6f2c,True,4ee6608a5c611ec0a55185a5b41e346f45095cc2086631ae99e3785167254ad1,pending,pending,pending,
1109,التناجش,staged_needs_visual_and_linguistic_review,True,not_reviewed,False,[],47,0.915,0.447,0.915,3.76,a99c499763ef52a5a21d69c3ea591d803b39abf0b34e3a592ed77bdfb2a1fe4c,True,5e05ea2574d16067596cc94e0ac89db17a8c426bdd723cd7efab5508765ff66c,pending,pending,pending,
351,الله القاهر,staged_needs_visual_and_linguistic_review,True,not_reviewed,False,[],36,0.917,0.0,0.917,2.88,2124b42d2b08661e2e886cb466d7928c75908d9c8064e0d475197773c0d448cd,True,0f89f5531a5f6aaa0e4286a92abe35d4311704c896ae5e257e46bff38ffa7b31,pending,pending,pending,
487,حج مبرور,staged_needs_visual_and_linguistic_review,True,not_reviewed,False,[],60,0.917,0.4,0.9,4.8,73448041cf7aab905c76455d1d376f899e0d2230aabc5e757def6446ac12b48b,True,27bba7520b4bc06d48bb8984f1ea78c49ebd08aea8670a05b536590239c2f1bc,pending,pending,pending,
678,طواف الإفاضة,staged_needs_visual_and_linguistic_review,True,not_reviewed,False,[],60,0.917,0.55,0.917,4.8,35b943c9a7b4bf2901b86174ea3514ebf2a371e4d390eda8b25ba7994ee1b613,True,1716c045261318b964ca3b820f45a78e3f3b5145814b40886aa85b625fbd71da,pending,pending,pending,
1188,الرقية,staged_needs_visual_and_linguistic_review,True,not_reviewed,False,[],36,0.917,0.028,0.917,2.88,0cd3b5de3cb66558fbe8de337fc4bc78db68a55714692266b570c45a64259f9a,True,7526c1a7b483a554c92d4dda5f3674304c548d2040dd650637a81baa1d3d7d95,pending,pending,sampled_presentation_checks_passed,
1442,المعوذتين,staged_needs_visual_and_linguistic_review,True,not_reviewed,False,[],48,0.917,0.646,0.562,3.84,79167c6d2ddfc9f5fe6dc910a58765d603fe3a01e6b26e9f542c636de6cd5373,True,7dc62b4b0bd6f5d7c4cb0212a98302d26e4ee0eabf5c0c9d7794e2d353602fbe,pending,pending,pending,
294,الله السلام,staged_needs_visual_and_linguistic_review,True,not_reviewed,False,[],73,0.918,0.301,0.918,5.84,f7bee7b12a4006c5bbae62413c9ed1207c6b37351e5d6ad12d5c62f240e7622a,True,631f46634c5894ed1e4018be4cdff888ef3f27d08aa8ad4e2cd9cb7c2a644027,pending,pending,pending,
440,الله الوكيل,staged_needs_visual_and_linguistic_review,True,not_reviewed,False,[],61,0.918,0.23,0.918,4.88,5fcebf0ec88624895a997fb79b9484099f3c2d2c7d5f1a20408de44d1be5d4dc,True,065fd80dea617828c97c38725f53a7704d83437f670c1f11c8d4d1f9454439c2,pending,pending,pending,
442,الله الوهاب,staged_needs_visual_and_linguistic_review,True,not_reviewed,False,[],49,0.918,0.612,0.612,3.92,31f4fc49fa4c55646ee44a6d12e5468b4d545892f5593cdbb2e3d0ef7a114e1c,True,bba947511dea6cb11d0ff8a52f767364f68bd3227ec5922b11b0601c4782f0ae,pending,pending,pending,
570,سورة التكوير,staged_needs_visual_and_linguistic_review,True,not_reviewed,False,[],61,0.918,0.262,0.885,4.88,f89f3bd15f2f499660c11abd2f6f1975328fac6a1f892d8b58d939c678640a83,True,0f01ff61ce53f78f1f33fd7c369b3f78c9a1a2ba3232fea8e5266b0854db8091,pending,pending,pending,
1462,رؤية الهلال,staged_needs_visual_and_linguistic_review,True,not_reviewed,False,[],37,0.919,0.0,0.919,2.96,d87727d5ba67c1d75036d91c75ab83496416a6255d126a8f1a4f2d0c8531aaf7,True,5d3aa099f69142c49a123fef8036f63274a12345caa8aa3c506f7ebf072773f6,pending,pending,pending,
926,قطيعة الرحم,staged_needs_visual_and_linguistic_review,True,not_reviewed,False,[],50,0.92,0.66,0.84,4.0,c742bc295a345bc724c261caff34af40cdebb17adfa57c7614b80bd7ad9fe1ee,True,72d1a89dd8dcaaabb6795ab24d7426faf0b1b0af5219bfb11efbf10985c6649e,pending,pending,pending,
1389,توحيد الربوبية,staged_needs_visual_and_linguistic_review,True,not_reviewed,False,[],75,0.92,0.307,0.92,6.0,7a8ca067756e576f605c156aef7fbf3dfc1cd7794b39e25ff423711ca2263712,True,cb2e03ea8e1d39dc26ce64585452885eeb089ca3937205abc1d464e3ad15ded8,pending,pending,pending,
263,الله الخلاق,staged_needs_visual_and_linguistic_review,True,not_reviewed,False,[],38,0.921,0.632,0.921,3.04,f27c0122c2c554a55b1c0a8c6a8a241b744c2cd2df2097457438e79811073d90,True,92ed97e5bf02480451976528d7f11e530ed3b4668437c9a0d7548a2db33f9d12,pending,pending,pending,
565,سورة البلد,staged_needs_visual_and_linguistic_review,True,not_reviewed,False,[],63,0.921,0.683,0.825,5.04,5d11920d975b782d355316fb63c2f629adc97bb4ee78e13f7028d6a1006c812a,True,71af79734c08a0fbbe9a816cc9213a70936f22865b1911bdd75908a3b5ad45ef,pending,pending,pending,
637,سورة النبأ,staged_needs_visual_and_linguistic_review,True,not_reviewed,False,[],63,0.921,0.778,0.889,5.04,0f5b6e48a3b571337d45bb473c47ece34c1e1539fcd3b97da09bc7c2d9450332,True,a47fdd836d7ceb34dd82eacdbf57738184fa5710309f494918eb5545e107acf8,pending,pending,pending,
12233,عُرف,staged_needs_visual_and_linguistic_review,True,not_reviewed,False,[],89,0.921,0.0,0.921,2.97,601645ed2a10fb4d7335b99e6b766b971da382a6d00d71c224dee77ff3211bb8,True,3d574fc5dcfa49a2b35c5169c5322153c5b3cf056e7ad7bf2d47e51fd4fbbd65,pending,pending,pending,
278,الرحيق المختوم,staged_needs_visual_and_linguistic_review,True,not_reviewed,False,[],64,0.922,0.922,0.922,5.12,a79c95702b074994720f1d320e4e19b0b3bbd2aa62d78dce20d57dab487cb70e,True,ccd54adffb600841001a70fad209bd1f957cb3f1118ab646fa09644d401aca55,pending,pending,pending,
495,حد الردة,staged_needs_visual_and_linguistic_review,True,not_reviewed,False,[],51,0.922,0.569,0.882,4.08,cdd2e6226c401228aaa81a4267978354cf6b560af6f0bc8f86155dcc1db19aab,True,e1ba9bd22128d02d95a71409deca2a30b17025fcfd8f290d7da83b5b0703da21,pending,pending,pending,
511,حديث قدسي,staged_needs_visual_and_linguistic_review,True,not_reviewed,False,[],51,0.922,0.647,0.882,4.08,bf6021cbf28454e220afbe9c4a3f36c6b249acb52e4ce35b9092a1ef90423c8e,True,aa95dbc68221f5f68422127c5eaf680a383dac4befa9e650554828dc5e19d8d6,pending,pending,pending,
277,الله الرحمن,staged_needs_visual_and_linguistic_review,True,not_reviewed,False,[],52,0.923,0.0,0.923,4.16,4e5bd9933feed710ddc6945d31c0f942d9e2118e660d6d531ca6a784a285fd93,True,01a35b48181450a9affd7e60873cf36271f90c2d5b1a9798acf72af8918103e4,pending,pending,pending,
357,القرآن الكريم,staged_needs_visual_and_linguistic_review,True,not_reviewed,False,[],39,0.923,0.308,0.872,3.12,0c63ceb1ab0454f668babdb1c4b51b649e8d343c0dbf985cf92b73e4f9022745,True,f8cb13b7bca80c43b59c1a1442ece10ca252668b67619fe9c68c5904dba0484f,pending,pending,pending,
568,سورة التغابن,staged_needs_visual_and_linguistic_review,True,not_reviewed,False,[],78,0.923,0.769,0.821,6.24,04d5d0a2d13b9228abf74b3870a70e979586a8f934b3b604148047ea9ab305db,True,bf548dcd0668eece66349a372e4e8b668ce5fedf517305a4bcc69c5956d87ee4,pending,pending,pending,
583,سورة الذاريات,staged_needs_visual_and_linguistic_review,True,not_reviewed,False,[],78,0.923,0.923,0.91,6.24,e0179a7753eaf9673920ca7ff2bb1ac3dd79efa75efcd4e93a6105a6a5d6a5a0,True,f9506328d073698701dec5ae504476bd1478358890e1088fb6ac90583d3e28c2,pending,pending,pending,
1131,الجحيم,staged_needs_visual_and_linguistic_review,True,not_reviewed,False,[],39,0.923,0.846,0.872,3.12,3a286e6f4e14cf28b6908d89c6a938cbf2a60502de05c8222fbdcb002abd5bb5,True,2212866b08a62ff4cdba1c6dc76124de48c6db58a2cfbafc8646b8377c456447,pending,pending,pending,
540,رمى الجمرات الثلاث أيام التشريق,staged_needs_visual_and_linguistic_review,True,not_reviewed,False,[],66,0.924,0.485,0.909,5.28,fed7d921d73af6a4f082e55196f2006c839f38c4251a2a221353aedc1765e32c,True,20807e72bb0757b0fb78f22457ffd48cc2729f8fbcd798c42e00db3de243899a,pending,pending,pending,
612,سورة القارعة,staged_needs_visual_and_linguistic_review,True,not_reviewed,False,[],79,0.924,0.772,0.823,6.32,a40d7ceab3bf9667508a8f97dcd9ba829ac70087b736e1a84953a1a7c24a3f1b,True,a236a688e47a974956482b685099121ad8326d47327e4dc7e5c18ffed8ce5cc4,pending,pending,pending,
186,اعجاز القرآن,staged_needs_visual_and_linguistic_review,True,not_reviewed,False,[],80,0.925,0.912,0.875,6.4,0b0983045ea8b4e93c2b19b410414f38f114a640a8aa9bb8461e5ebdc28f1875,True,5a2fd300307bfffa936946febf2dc107eba6004980f9a14368ec405afafa09a7,pending,pending,pending,
250,الحلق أو التقصير,staged_needs_visual_and_linguistic_review,True,not_reviewed,False,[],67,0.925,0.403,0.925,5.36,6b72e840b8e33f2e1936ac420933046a7d15a70d7b799a2a69f139b445704a8e,True,87eeff92926fa4e0a3f88fee459475422a2587df2b9f257d0aac82798853d76f,pending,pending,pending,
581,سورة الحشر,staged_needs_visual_and_linguistic_review,True,not_reviewed,False,[],80,0.925,0.85,0.925,6.4,84164334a211401b54b82daa29f9a7ddfcea177d8fcec951de1729ff0c15ffc4,True,01e976b1ca1560d91fc71e3e460610fb24e07fabfc9edd7637194c029623d387,pending,pending,pending,
969,أرث ميراث,staged_needs_visual_and_linguistic_review,True,not_reviewed,False,[],53,0.925,0.774,0.906,4.24,0807ba8bac1da696e7499027e3ee6db198eba173b4b5f91b0cfb6060fe096e0a,True,0b2304de1bd4101053d8943c5d127fe6e175aa82a2712a5d97234ea82d8d3d2b,pending,pending,pending,
332,العشرة المبشرون بالجنة,staged_needs_visual_and_linguistic_review,True,not_reviewed,False,[],56,0.929,0.607,0.893,4.48,2deed9a1225ab34d457eb169dfc96f7a757964c36e8960c75942e8b531314110,True,fcf90e5b956a1347dd15a200472844d39e26597d7c24cd1108be89ec56b01a7d,pending,pending,pending,
1161,الخداع,staged_needs_visual_and_linguistic_review,True,not_reviewed,False,[],42,0.929,0.905,0.929,3.36,4a25e1ff1b2e6ece0fc0532bc204e151690dc796743176375f139f70f43a30b1,True,5e83ae0bce5ef85384c599aecfc11db3a6320bafe42eb7c81d789e2487a43644,pending,pending,pending,
286,الله الرؤوف,staged_needs_visual_and_linguistic_review,True,not_reviewed,False,[],71,0.93,0.479,0.915,5.68,cd4d177d26dfd340ae1839a867c01a84d933510320d02a9884d5cd875c077ae0,True,63c63b69b2511bcbf7619695dc36c184c076a2c65d9cf8e5fb9da33be14d4ba6,pending,pending,pending,
1088,التخلف عن الجهاد,staged_needs_visual_and_linguistic_review,True,not_reviewed,False,[],57,0.93,0.281,0.842,4.56,c8926129da61d3c350622a4e55c3703200983005aead0db940a5850a6623ae6e,True,0d631fb5c8b787d737db3939d3628eb722f6e37cb24523b95dfb095c4b67c144,pending,pending,pending,
10135,موضوع,staged_needs_visual_and_linguistic_review,True,not_reviewed,False,[],29,0.931,0.897,0.828,2.32,27c9687b52798b186b4643e27f16dba0a95a10857fa2f6aa9c302fa3e45461cc,True,9301fe6945f6c2f497a9802c98fbec845f1a84d1db4378955d25aff61b0f1fd0,pending,pending,pending,
304,الله الشكور,staged_needs_visual_and_linguistic_review,True,not_reviewed,False,[],44,0.932,0.0,0.932,3.52,6ce09d6c2100bce0d599cb99532947253fa01b87056957f14da431485953c8f0,True,9bb4e7c3cb2f9dde295dae131fef869be25a9e68dc84ed7ce256243f67d51c98,pending,pending,pending,
1078,التبذير,staged_needs_visual_and_linguistic_review,True,not_reviewed,False,[],44,0.932,0.545,0.932,3.52,084626d2f7c16112e31dda14dc3e8d379475db7ce04a727ad0e03cd63424e953,True,b4cd36d9377f8df3047574800dd48ef17fe94297a4a297b17c68cf9afc027dd6,pending,pending,pending,
1105,التقتير,staged_needs_visual_and_linguistic_review,True,not_reviewed,False,[],44,0.932,0.227,0.886,3.52,a67b00809e63dc5c540051d7debbbd86f736c9f78eaf5c757868c30f4ad15a49,True,4f33704306eb8a8eb9054b6a56eb64f996bf6330a28eee32d6aa75d836ef20ed,pending,pending,pending,
149,الزكاة عروض التجارة حر,staged_needs_visual_and_linguistic_review,True,not_reviewed,False,[],45,0.933,0.711,0.933,3.6,2d720ae24d67b3b4c2f10940c069255d5a2779879df4f8f8a1f9e3e985554e2a,True,29ee13f4e1d8702d3822ec7c1cf81268e2ddfb6e79ca33947e3643150b76d030,pending,pending,pending,
1087,التخاذل,staged_needs_visual_and_linguistic_review,True,not_reviewed,False,[],45,0.933,0.533,0.844,3.6,a59d511898ddefbd828252eeca5d51862255d34ba28db2379132edd47050bd46,True,0961f7fc8abaf1934b716966b06b5b2b43ad2c1e3fcbf97d1291ea241a46fcb1,pending,pending,pending,
1104,التقاعس,staged_needs_visual_and_linguistic_review,True,not_reviewed,False,[],45,0.933,0.889,0.756,3.6,e86d0ad8e73333a7528903e7c927e744c1aefc15947a31a40ae56838799bc9cb,True,5e29b84f02d69818c93d2e95b41a94523d5b5ad9a832f4c9fab3370b2fab0d52,pending,pending,pending,
10080,قصر,staged_needs_visual_and_linguistic_review,True,not_reviewed,False,[],30,0.933,0.567,0.933,2.4,e3abd3985295f12514c514982a8e01bd8474069f7e07244fcfa5dc0b67e5768c,True,7f4aef308b76c93734c55034bc5706559832830cede8fcd3b6ae5fee83dfb05f,pending,pending,pending,
949,مخلوق,staged_needs_visual_and_linguistic_review,True,not_reviewed,False,[],61,0.934,0.902,0.869,4.88,de2540eaebddaef431ad2981a97685942feacf80a2ef8c8880e2d41a5abfe6e7,True,36f5b26ff228f050474c886dad001c530d9ad3797da5e2c7221048a3771bdda0,pending,pending,pending,
281,الله الرزاق,staged_needs_visual_and_linguistic_review,True,not_reviewed,False,[],62,0.935,0.726,0.935,4.96,ccca8247194af2f5b7d8eb942158cbb92dd45d9bfd3449424c1f22b42a34fe08,True,2cd648b16c0dda1d2136a4b19386f398a0be04c1f83a004eea3a916f20ae7eea,pending,pending,pending,
331,الله العزيز,staged_needs_visual_and_linguistic_review,True,not_reviewed,False,[],46,0.935,0.348,0.935,3.68,d493422797f68e99513a1f7dc03437c8e102981488f87f56b270160a5130a77d,True,3b14f60ce3a9fc16f6af55277c65a2bdfbd220f17e388ad324066b4d6f7a404f,pending,pending,pending,
750,موسم الحج,staged_needs_visual_and_linguistic_review,True,not_reviewed,False,[],62,0.935,0.935,0.919,4.96,67dd8f2fe09ed9f2897918e1229dd1396448a5fbf0caebe4fe18326b852e25b3,True,23d9bb4ab139fb40d4c33204ffd1b63c3e7469e15693073d67be3b8a7c69b287,pending,pending,pending,
1096,التشاؤم,staged_needs_visual_and_linguistic_review,True,not_reviewed,False,[],62,0.935,0.177,0.887,4.96,1374b34573d87dc13d802fb51a9259da22876a5275090c1683ff6a97b6004289,True,0696b6031af962f553bb65b244fe5422499f8c3ed9df6627559079fda9ea5235,pending,pending,pending,
648,سورة طه,staged_needs_visual_and_linguistic_review,True,not_reviewed,False,[],47,0.936,0.426,0.936,3.76,e597c87eb0a28269887278b647fc005ffc6e0448d542ce13740711c8a6a49f47,True,d1a37878ef17334f9d43390aa5b17ef090934a57f9aa5982c3bb2990f79d6f41,pending,pending,pending,
1390,توحيد الألوهية,staged_needs_visual_and_linguistic_review,True,not_reviewed,False,[],63,0.937,0.0,0.937,5.04,b77a3b2bddc701a70d679ded2aa30a0e33322f4cf3785c7d405ae641a0a9348f,True,4b30974cf46f8e8a58173566a3e1e53ce9b56c9ef196ee33e5b1bc23c6ef0c18,pending,pending,pending,
414,المهدي المنتظر,staged_needs_visual_and_linguistic_review,True,not_reviewed,False,[],66,0.939,0.939,0.667,5.28,62ce19f61b33bbfafdefb5f2c8eae7a3d484503cfff9c7b297bc5d0e3116ec99,True,27d023c08d2faa32ad5d76f71262fb28bcedc668fd987ac73c2dfa6c5f43f63b,pending,pending,pending,
416,الله المولى,staged_needs_visual_and_linguistic_review,True,not_reviewed,False,[],49,0.939,0.49,0.939,3.92,a021fc3a32ceed8753540738f44544805f92219091d13a4d7cd95ff0448270b4,True,3f4a23f17ccdf6253066b5ffe9b611084242678b9fa1675c4fdd466831ec77a8,pending,pending,pending,
673,صالح عليه السلام,staged_needs_visual_and_linguistic_review,True,not_reviewed,False,[],50,0.94,0.02,0.94,4.0,f661f19f85ca2e76c15d0f16e16d7df67ca7ed92d02842a118129fe7d98da337,True,a0e519007cdfb8440438849d0739f9aaa992dbc45f93df79e99ce04412f58755,pending,pending,pending,
290,الله السَبوح,staged_needs_visual_and_linguistic_review,True,not_reviewed,False,[],68,0.941,0.456,0.941,5.44,e73d050f262728cee4b88c89de992d143e94a222fcea68277516a1bdb69158da,True,b48b92485ac5c77889b81aa9800337f63b33685f27603369c5a5c0ea81a34475,pending,pending,pending,
603,سورة العلق,staged_needs_visual_and_linguistic_review,True,not_reviewed,False,[],68,0.941,0.676,0.765,5.44,b4b3f7d93faa928426e019d4120ead5ae45772e8861ee8a06eb49db22738932d,True,c2d71d8e103394be7725855e4bcb80c3037dc04d3c729c0c10c71cfc8a8638f3,pending,pending,pending,
1094,التسمية - البسملة,staged_needs_visual_and_linguistic_review,True,not_reviewed,False,[],52,0.942,0.462,0.885,4.16,afa028e25f553243a1a0724ab77193e24ae1f28b6ab269c2397f41c7e3697f00,True,d7c6f204b01771c966075b0b32d966091d1772ef45cd49ef34e45a96c0714d74,pending,pending,pending,
1124,التيمم,staged_needs_visual_and_linguistic_review,True,not_reviewed,False,[],52,0.942,0.769,0.904,4.16,476672cf13dbdb968638d77742299ef82e012cc79a2805745a189b23e6c01cbb,True,1abbd689aad5db476b8134e1b1d875623f81c891b33445c7855d959822998ddc,pending,pending,pending,
151,صلاة القيام - قيام الليل,staged_needs_visual_and_linguistic_review,True,not_reviewed,False,[],53,0.943,0.0,0.943,4.24,bab4d2965223bf18b2368808085d8059d2e0aa3ed393207b898c81db7999686a,True,6cbac6cffe0dc3e0ebfeb840c8ff3396ab66ed237e2d7d80e4c1df0c51d3f5dd,pending,pending,pending,
429,الله الوارث,staged_needs_visual_and_linguistic_review,True,not_reviewed,False,[],53,0.943,0.057,0.943,4.24,d544e737091b4ebf118d5ddb8fa3a0cdac0c4d029919496d68c747a0abadfc73,True,e315141315ab2cf5882525f4a676e20087142700efe74e1f7389397c669f84ce,pending,pending,pending,
150,صلاة الجنازة,staged_needs_visual_and_linguistic_review,True,not_reviewed,False,[],54,0.944,0.463,0.944,4.32,93e7a563751ebc68b4ee7f3fb1889f14262293c2f1b6520bc0b95c75d84e85e3,True,e0f051775412b10da80bc3cc1da198133e8bc7d6f50cdcb919b8648a33b9d866,pending,pending,pending,
617,سورة القيامة,staged_needs_visual_and_linguistic_review,True,not_reviewed,False,[],54,0.944,0.778,0.833,4.32,88fa8db1e7e4e7e2a321c3fc1fb936d05a73b54c8ac65d50ff1d7c8a09ffc4d6,True,fc6d7f8c0875c781ddc587e177dd293d4d5edf38286427d3d096646c414eddeb,pending,pending,pending,
374,الله على كل شي قدير,staged_needs_visual_and_linguistic_review,True,not_reviewed,False,[],56,0.946,0.268,0.732,4.48,9325acf528d482b8bc352e61d13627c1dcbf9637c3d567a4a16757c5aa546b35,True,47aec266233f43af3599fa23ae6d73ca7fd075e361ed377936a63fc8d0a9d51e,pending,pending,pending,
1132,الجشع,staged_needs_visual_and_linguistic_review,True,not_reviewed,False,[],56,0.946,0.607,0.875,4.48,c8802781b778ee2bd597712d2d4d7c9c55ffe8cdfb99b33830bfe5f5e1866f49,True,885e4fa9a541dc05fa6f143f45c4e265d2291d1d10235873d149334496ddbd38,pending,pending,pending,
4104,مخبر,staged_needs_visual_and_linguistic_review,True,not_reviewed,False,[],38,0.947,0.263,0.947,3.04,5f0b1340882ed3522ae7c91ed54d62ca5cea123e53622caf73f0c412b66daaee,True,77c1b67161f5f7102e951f239d08b0ba87e7c83ac796649dca8d7f173d6d7385,pending,pending,pending,
282,الله الرفيق,staged_needs_visual_and_linguistic_review,True,not_reviewed,False,[],61,0.951,0.607,0.934,4.88,0dfd7dbb4be35d0e6ceb4e6a3dbc1999e5c87f723abd0f011c3b659fdc86f0d4,True,49c683d8e6e3b3cb6391f5c4c2586343fcb2d49d50ce4a7997a2f31ab51a5774,pending,pending,pending,
1400,أسباب النزول,staged_needs_visual_and_linguistic_review,True,not_reviewed,False,[],42,0.952,0.5,0.952,3.36,601dba123c849c14a0a0fcd9e4336fb952359f60f14efbd2f9c4fc20a2ab8373,True,e580a084cac4a6afd4fcf527cdcb0ac7dae91c007aaf790cb3286013550fccb9,pending,pending,pending,
276,الرجوع إلى الله,staged_needs_visual_and_linguistic_review,True,not_reviewed,False,[],50,0.96,0.0,0.96,4.0,21283266187210ba3a419cdf1626bd3ad2fcab3bf4857a671434901f8c6c59f7,True,63cf85dbd708d997cdec5ff6cf34e4a369b32a099aa5bbc0d1da7ffa965b7b67,pending,pending,pending,
283,الله الرقيب,staged_needs_visual_and_linguistic_review,True,not_reviewed,False,[],56,0.964,0.554,0.964,4.48,8c2d0be1002f7693751e83ab675a198106b5ef67ad0fbbc62797bed1adbf2abf,True,216895d76312865a230ad8c903dbe14ede4df18109b7193ef9c1bff72cee6539,pending,pending,pending,
279,الله الرحيم,staged_needs_visual_and_linguistic_review,True,not_reviewed,False,[],57,0.965,0.0,0.965,4.56,2f1811c646b60c8c70ae56b76b0300e579ddc81f21b6f5d2f9d47babb5f144c2,True,36a5a37483880156bbd21d149b77709f202ada36c63d91445e5668b7b40209a0,pending,pending,pending,
1159,الخبث,staged_needs_visual_and_linguistic_review,True,not_reviewed,False,[],44,0.977,0.886,0.864,3.52,307ccd59b6d5aa469e9eea5d009b1b82b5906166e22cd9382597a948c6b6c6d2,True,9db2cd22fda5201116c080559052416055e5290c37809e58e5d39272e8d70121,pending,pending,pending,
275,الله الرب,staged_needs_visual_and_linguistic_review,True,not_reviewed,False,[],69,1.0,0.768,1.0,5.52,4f6761fac452b09fc62194dfff8bb945d035334e5eeb68252f9083c76f4f8a0d,True,f1a95113072eb68fbc8f933269846198520bcfb61ac2c37e8401406940a87f35,pending,pending,pending,
952,مس ذكره,staged_needs_visual_and_linguistic_review,True,not_reviewed,False,[],43,1.0,1.0,0.907,3.44,e09acd4d579202b1cf1bf2d141047a3b85e2ae9cb1614d39415f219d187d747c,True,ab7bcf496fc55afc767622c14301321b016273ef6048f1c4e7846a9d448479da,pending,pending,pending,
958,مشيئة الله,staged_needs_visual_and_linguistic_review,True,not_reviewed,False,[],47,1.0,1.0,0.83,3.76,56637ed2e9cb3699f8f37ce8f747beba6cd5ad47d93f24ffa48c3510f3627fb6,True,ed1a3b7c6cf7a937ccbcb068c83b0db63776e42d95265f6dfc9f17079c1b7873,pending,pending,pending,
1147,الحسد,staged_needs_visual_and_linguistic_review,True,not_reviewed,False,[],48,1.0,0.958,0.812,3.84,25c56dd7e936400fa702bc4e8c13eb2554848a6248c19147ae5a85b7a1f3f4cf,True,587bf254f61c615ec143911ae131c8081e755bcde6e8973856e29a0ff6087967,pending,pending,pending,
1151,الحطمة,staged_needs_visual_and_linguistic_review,True,not_reviewed,False,[],53,1.0,1.0,0.981,4.24,eac1502567979ea44ce136aa77c465ef93a44badabe2f37160ad09a9bf60428a,True,80616f022d758987356d5a5e171cf6d1d4f03b5107a1fb32ec7798508bbf5cda,pending,pending,pending,
