title,source_url,state,candidate_sign_ids,candidate_motion_ids,review,permission
أَبٌّ,https://terminologyenc.com/ar/browse/term/3637,label_with_motion,6103,6103,pending,not_verified
آباءٌ,https://terminologyenc.com/ar/browse/term/231,new_term,,,pending,not_verified
إِباءٌ,https://terminologyenc.com/ar/browse/term/5251,new_term,,,pending,not_verified
إِبَاحةٌ,https://terminologyenc.com/ar/browse/term/75220,new_term,,,pending,not_verified
إبارٌ,https://terminologyenc.com/ar/browse/term/5252,label_without_motion,1669,,pending,not_verified
آبار,https://terminologyenc.com/ar/browse/term/544,label_without_motion,1669,,pending,not_verified
إباضية,https://terminologyenc.com/ar/browse/term/8779,new_term,,,pending,not_verified
أباعِدٌ,https://terminologyenc.com/ar/browse/term/5253,new_term,,,pending,not_verified
إباقٌ,https://terminologyenc.com/ar/browse/term/5254,new_term,,,pending,not_verified
إِبّان,https://terminologyenc.com/ar/browse/term/5255,new_term,,,pending,not_verified
أبان بن سعيد بن العاص الأموي,https://terminologyenc.com/ar/browse/term/38671,new_term,,,pending,not_verified
أبان بن عثمان بن عفان,https://terminologyenc.com/ar/browse/term/38672,new_term,,,pending,not_verified
إبانَةٌ,https://terminologyenc.com/ar/browse/term/5256,new_term,,,pending,not_verified
اِبْتِداءٌ,https://terminologyenc.com/ar/browse/term/5257,new_term,,,pending,not_verified
اِبْتِداعٌ,https://terminologyenc.com/ar/browse/term/36596,new_term,,,pending,not_verified
أَبْتَرُ,https://terminologyenc.com/ar/browse/term/5258,new_term,,,pending,not_verified
اِبْتِغاءٌ,https://terminologyenc.com/ar/browse/term/5259,new_term,,,pending,not_verified
اِبْتِكارٌ,https://terminologyenc.com/ar/browse/term/5260,label_without_motion,12003,,pending,not_verified
اِبْتِلاءٌ,https://terminologyenc.com/ar/browse/term/8780,label_with_motion,983,983,pending,not_verified
اِبْتِلاعٌ,https://terminologyenc.com/ar/browse/term/5261,label_without_motion,10693,,pending,not_verified
اِبْتِهالٌ,https://terminologyenc.com/ar/browse/term/16769,new_term,,,pending,not_verified
آبِدٌ,https://terminologyenc.com/ar/browse/term/3644,new_term,,,pending,not_verified
أبد,https://terminologyenc.com/ar/browse/term/5220,new_term,,,pending,not_verified
إبداع,https://terminologyenc.com/ar/browse/term/8781,label_without_motion,12103,,pending,not_verified
إبدال,https://terminologyenc.com/ar/browse/term/5262,new_term,,,pending,not_verified
أبدال,https://terminologyenc.com/ar/browse/term/8782,new_term,,,pending,not_verified
أبدي,https://terminologyenc.com/ar/browse/term/8784,new_term,,,pending,not_verified
إبْراءٌ,https://terminologyenc.com/ar/browse/term/5263,new_term,,,pending,not_verified
إِبْرادٌ,https://terminologyenc.com/ar/browse/term/5264,new_term,,,pending,not_verified
إبراهيم الأخضر,https://terminologyenc.com/ar/browse/term/76348,new_term,,,pending,not_verified
إبراهيم الواثق بن محمد العباسي,https://terminologyenc.com/ar/browse/term/38702,new_term,,,pending,not_verified
إبراهيم باشا بن محمد علي باشا,https://terminologyenc.com/ar/browse/term/40088,new_term,,,pending,not_verified
إبراهيم بن أحمد المروزي,https://terminologyenc.com/ar/browse/term/38673,new_term,,,pending,not_verified
إبراهيم بن أدهم بن منصور البلخي,https://terminologyenc.com/ar/browse/term/38674,new_term,,,pending,not_verified
إبراهيم بن إسحاق بن بشير الحربي,https://terminologyenc.com/ar/browse/term/38675,new_term,,,pending,not_verified
إبراهيم بن إسماعيل بن إبراهيم الأسدي,https://terminologyenc.com/ar/browse/term/38676,new_term,,,pending,not_verified
إبراهيم بن السري بن سهل الزجاج,https://terminologyenc.com/ar/browse/term/38661,new_term,,,pending,not_verified
إبراهيم بن المقتدر بالله جعفر بن المعتضد,https://terminologyenc.com/ar/browse/term/38677,new_term,,,pending,not_verified
إبراهيم بن حسن بن شهاب الدين الكوراني,https://terminologyenc.com/ar/browse/term/38678,new_term,,,pending,not_verified
إبراهيم بن خالد بن أبي اليمان أبو ثور الكلبي,https://terminologyenc.com/ar/browse/term/38679,new_term,,,pending,not_verified
إبراهيم بن راشد الحديثي,https://terminologyenc.com/ar/browse/term/69868,new_term,,,pending,not_verified
إبراهيم بن سعد بن إبراهيم الزهري,https://terminologyenc.com/ar/browse/term/38662,new_term,,,pending,not_verified
إبراهيم بن سعيد الجوهري,https://terminologyenc.com/ar/browse/term/38663,new_term,,,pending,not_verified
إبراهيم بن سيّار بن هانئ البصري النظام,https://terminologyenc.com/ar/browse/term/38664,new_term,,,pending,not_verified
إبراهيم بن صالح بن إبراهيم,https://terminologyenc.com/ar/browse/term/38665,new_term,,,pending,not_verified
إبراهيم بن طهمان بن شعيب الهروي,https://terminologyenc.com/ar/browse/term/38666,new_term,,,pending,not_verified
إبراهيم بن عبد الرحمن بن إبراهيم ابن الفركاح الشافعي,https://terminologyenc.com/ar/browse/term/38667,new_term,,,pending,not_verified
إبراهيم بن عبد الرحمن بن محمد الكركي,https://terminologyenc.com/ar/browse/term/38668,new_term,,,pending,not_verified
إبراهيم بن عبد الرحيم ابن جماعة الكناني,https://terminologyenc.com/ar/browse/term/38669,new_term,,,pending,not_verified
إبراهيم بن عبد اللطيف بن عبد الرحمن,https://terminologyenc.com/ar/browse/term/38681,new_term,,,pending,not_verified
إبراهيم بن عبد الله بن الحسن بن علي ابن أبي طالب,https://terminologyenc.com/ar/browse/term/38682,new_term,,,pending,not_verified
إبراهيم بن عبيد آل عبد المحسن,https://terminologyenc.com/ar/browse/term/69873,new_term,,,pending,not_verified
إبراهيم بن علي بن أحمد القادري,https://terminologyenc.com/ar/browse/term/38687,new_term,,,pending,not_verified
إبراهيم بن علي بن أحمد بن بركة النعماني,https://terminologyenc.com/ar/browse/term/38689,new_term,,,pending,not_verified
إبراهيم بن علي بن أحمد بن عبد الواحد ابن عبد المنعم,https://terminologyenc.com/ar/browse/term/38685,new_term,,,pending,not_verified
إبراهيم بن علي بن محمد ابن فرحون اليعمري,https://terminologyenc.com/ar/browse/term/38686,new_term,,,pending,not_verified
إبراهيم بن علي بن محمد بن ظهيرة القرشي,https://terminologyenc.com/ar/browse/term/38688,new_term,,,pending,not_verified
إبراهيم بن علي بن يوسف الفيروزآبادي الشيرازي,https://terminologyenc.com/ar/browse/term/38683,new_term,,,pending,not_verified
إبراهيم بن عمر بن حسن الرباط,https://terminologyenc.com/ar/browse/term/38735,new_term,,,pending,not_verified
إبراهيم بن فائد بن موسى الزواوي,https://terminologyenc.com/ar/browse/term/38736,new_term,,,pending,not_verified
إبراهيم بن محمد بن إبراهيم,https://terminologyenc.com/ar/browse/term/38737,new_term,,,pending,not_verified
إبراهيم بن محمد بن إبراهيم الحلبي,https://terminologyenc.com/ar/browse/term/38700,new_term,,,pending,not_verified
إبراهيم بن محمد بن إبراهيم بن مهران,https://terminologyenc.com/ar/browse/term/38738,new_term,,,pending,not_verified
إبراهيم بن محمد بن إبراهيم سلقيني,https://terminologyenc.com/ar/browse/term/69876,new_term,,,pending,not_verified
إبراهيم بن محمد بن أبي بكر,https://terminologyenc.com/ar/browse/term/38707,new_term,,,pending,not_verified
إبراهيم بن محمد بن أبي يحيى سمعان الأسلمي,https://terminologyenc.com/ar/browse/term/38739,new_term,,,pending,not_verified
إبراهيم بن محمد بن أحمد الباجوري,https://terminologyenc.com/ar/browse/term/38690,new_term,,,pending,not_verified
إبراهيم بن محمد بن الحارث بن أسماء,https://terminologyenc.com/ar/browse/term/38740,new_term,,,pending,not_verified
إبراهيم بن محمد بن المؤيد,https://terminologyenc.com/ar/browse/term/38741,new_term,,,pending,not_verified
إبراهيم بن محمد بن خليل,https://terminologyenc.com/ar/browse/term/38703,new_term,,,pending,not_verified
إبراهيم بن محمد بن سالم بن ضويان,https://terminologyenc.com/ar/browse/term/38691,new_term,,,pending,not_verified
إبراهيم بن محمد بن شهاب الدين,https://terminologyenc.com/ar/browse/term/38704,new_term,,,pending,not_verified
إبراهيم بن محمد بن عرب شاه,https://terminologyenc.com/ar/browse/term/38701,new_term,,,pending,not_verified
إبراهيم بن محمد بن عرفة الأزدي,https://terminologyenc.com/ar/browse/term/38742,new_term,,,pending,not_verified
إبراهيم بن محمد بن محمد كمال,https://terminologyenc.com/ar/browse/term/38705,new_term,,,pending,not_verified
إبراهيم بن محمد بن مفلح,https://terminologyenc.com/ar/browse/term/38706,new_term,,,pending,not_verified
إبراهيم بن منصور بن المسلم المصري,https://terminologyenc.com/ar/browse/term/38692,new_term,,,pending,not_verified
إبراهيم بن موسى بن محمد اللخمي,https://terminologyenc.com/ar/browse/term/38693,new_term,,,pending,not_verified
إبراهيم بن هبة الله بن علي الحميري الإِسْنَوي,https://terminologyenc.com/ar/browse/term/38694,new_term,,,pending,not_verified
إبراهيم بن هلال بن علي أبو إسحاق,https://terminologyenc.com/ar/browse/term/38695,new_term,,,pending,not_verified
إبراهيم بن يزيد بن قيس بن الأسود النخعي,https://terminologyenc.com/ar/browse/term/38696,new_term,,,pending,not_verified
إبراهيم بن يعقوب بن إسحاق السعدي,https://terminologyenc.com/ar/browse/term/38697,new_term,,,pending,not_verified
إبراهيم بن يوسف الرازي الهسنجاني,https://terminologyenc.com/ar/browse/term/38698,new_term,,,pending,not_verified
إبراهيم بن يوسف بن أدهم ابن قرقول الوهراني,https://terminologyenc.com/ar/browse/term/38699,new_term,,,pending,not_verified
إبراهيم بن يوسف خان بن غلاب,https://terminologyenc.com/ar/browse/term/69877,new_term,,,pending,not_verified
إبراهيم رفعت باشا السويقي,https://terminologyenc.com/ar/browse/term/38670,new_term,,,pending,not_verified
أَبْرَصٌ,https://terminologyenc.com/ar/browse/term/5265,new_term,,,pending,not_verified
إِبْرَيْسَمٌ,https://terminologyenc.com/ar/browse/term/5266,new_term,,,pending,not_verified
إِبْرِيقٌ,https://terminologyenc.com/ar/browse/term/5267,ambiguous_label,"4579,12104",,pending,not_verified
أَبْزى,https://terminologyenc.com/ar/browse/term/5268,new_term,,,pending,not_verified
أَبْضاعٌ,https://terminologyenc.com/ar/browse/term/5269,new_term,,,pending,not_verified
إِبِطٌ,https://terminologyenc.com/ar/browse/term/546,new_term,,,pending,not_verified
إبط - يحذف,https://terminologyenc.com/ar/browse/term/8338,new_term,,,pending,not_verified
أَبْطَحٌ,https://terminologyenc.com/ar/browse/term/3647,new_term,,,pending,not_verified
أَبْعاضٌ,https://terminologyenc.com/ar/browse/term/42678,new_term,,,pending,not_verified
آبق,https://terminologyenc.com/ar/browse/term/5221,new_term,,,pending,not_verified
أَبْكَم,https://terminologyenc.com/ar/browse/term/5386,new_term,,,pending,not_verified
إِبْلاسٌ,https://terminologyenc.com/ar/browse/term/5389,new_term,,,pending,not_verified
إِبْلاغٌ,https://terminologyenc.com/ar/browse/term/5390,new_term,,,pending,not_verified
ابنٌ,https://terminologyenc.com/ar/browse/term/5413,ambiguous_label,"6107,8260",6107,pending,not_verified
ابنُ البِنتِ,https://terminologyenc.com/ar/browse/term/6940,new_term,,,pending,not_verified
ابْنُ الماءِ,https://terminologyenc.com/ar/browse/term/5415,new_term,,,pending,not_verified
ابْنُ مَخاضٍ,https://terminologyenc.com/ar/browse/term/3657,new_term,,,pending,not_verified
أُبْنَةٌ,https://terminologyenc.com/ar/browse/term/586,ambiguous_label,"6108,8261",,pending,not_verified
ابْنَةُ مَخاضٍ,https://terminologyenc.com/ar/browse/term/5416,new_term,,,pending,not_verified
إِبْهامٌ,https://terminologyenc.com/ar/browse/term/5418,label_without_motion,9931,,pending,not_verified
أَبْهَر,https://terminologyenc.com/ar/browse/term/5419,new_term,,,pending,not_verified
أبو أحمد عبد الله بن عدي بن عبد الله الجرجاني,https://terminologyenc.com/ar/browse/term/40995,new_term,,,pending,not_verified
أبو الأ على بن أحمد حسن المودودي,https://terminologyenc.com/ar/browse/term/69899,new_term,,,pending,not_verified
أبو الحسن علي بن محمد بن عبد الملك ابن القطان الكتامي,https://terminologyenc.com/ar/browse/term/41187,new_term,,,pending,not_verified
أبو الحسين أحمد بن جعفر بن محمد ابن المنادي,https://terminologyenc.com/ar/browse/term/38733,new_term,,,pending,not_verified
أبو الحسين محمد بن أبي يعلى محمد بن الحسين الفراء الحنبلي,https://terminologyenc.com/ar/browse/term/41357,new_term,,,pending,not_verified
أبو الحسين محمد بن عبد الله بن الحسن ابن اللبان الفَرَضي,https://terminologyenc.com/ar/browse/term/41170,new_term,,,pending,not_verified
أبو الدرداء عويمر بن مالك الأنصاري,https://terminologyenc.com/ar/browse/term/40815,new_term,,,pending,not_verified
أبو الطيب أحمد بن الحسين المتنبي,https://terminologyenc.com/ar/browse/term/40098,new_term,,,pending,not_verified
أبو العاص بن الربيع بن عبد شمس بن عبد مناف,https://terminologyenc.com/ar/browse/term/40851,new_term,,,pending,not_verified
أبو العتاهية إسماعيل بن القاسم بن سويد الشاعر الكوفي,https://terminologyenc.com/ar/browse/term/40095,new_term,,,pending,not_verified
أبو العلاء أحمد بن عبد الله بن سليمان التنوخي المعري,https://terminologyenc.com/ar/browse/term/40092,new_term,,,pending,not_verified
أبو الفرج علي بن الحسين بن محمد الأصبهاني,https://terminologyenc.com/ar/browse/term/41163,new_term,,,pending,not_verified
أبو القاسم بن أبي بكر الليثي,https://terminologyenc.com/ar/browse/term/40850,new_term,,,pending,not_verified
أبو القاسم بن أحمد بن محمد,https://terminologyenc.com/ar/browse/term/40848,new_term,,,pending,not_verified
أبو القاسم علي بن الحسن بن هبة الله ابن عساكر,https://terminologyenc.com/ar/browse/term/40854,new_term,,,pending,not_verified
أبو الليث نصر بن محمد بن أحمد السمرقندي,https://terminologyenc.com/ar/browse/term/41793,new_term,,,pending,not_verified
أبو الوليد سليمان بن خلف بن سعد التجيبي الباجي,https://terminologyenc.com/ar/browse/term/38555,new_term,,,pending,not_verified
أبو الوليد محمد بن محمد ابن الشِّحنة الحنفي,https://terminologyenc.com/ar/browse/term/41365,new_term,,,pending,not_verified
أبو برزة نَضْلة بن عبيد بن الحارث الأسلمي,https://terminologyenc.com/ar/browse/term/41796,new_term,,,pending,not_verified
أبو بكر الصديق عبد الله بن أبي قحافة عثمان بن عامر القرشي التيمي,https://terminologyenc.com/ar/browse/term/40993,new_term,,,pending,not_verified
أبو بكر بن أحمد بن محمد بن عمر الأسدي,https://terminologyenc.com/ar/browse/term/38404,new_term,,,pending,not_verified
أبو بكر بن سليمان بن أحمد العباسي,https://terminologyenc.com/ar/browse/term/38405,new_term,,,pending,not_verified
أبو بكر بن عبد الرحمن بن الحارث بن هشام المخزومي,https://terminologyenc.com/ar/browse/term/38406,new_term,,,pending,not_verified
أبو بكر بن محمد بن عارف بن عبد القادر خوقير,https://terminologyenc.com/ar/browse/term/38407,new_term,,,pending,not_verified
أبو بكر بن مسعود بن أحمد الكاساني,https://terminologyenc.com/ar/browse/term/38408,new_term,,,pending,not_verified
أبو بكر جعفر بن محمد بن الحسن بن المستفاض الفريابي,https://terminologyenc.com/ar/browse/term/38429,new_term,,,pending,not_verified
أبو جعفر عبد الله بن محمد بن علي بن العباس المنصور,https://terminologyenc.com/ar/browse/term/57983,new_term,,,pending,not_verified
أبو حامد محمد بن محمد بن محمد الغزَّالي,https://terminologyenc.com/ar/browse/term/41356,new_term,,,pending,not_verified
أبو خازم محمد بن محمد بن الحسين البغدادي,https://terminologyenc.com/ar/browse/term/41358,new_term,,,pending,not_verified
أبو داود سليمان بن الأشعث بن إسحاق السجستاني,https://terminologyenc.com/ar/browse/term/38554,new_term,,,pending,not_verified
أبو داود سليمان بن داود بن الجارود الطيالسي,https://terminologyenc.com/ar/browse/term/38556,new_term,,,pending,not_verified
أبو زرعة عبيد الله بن عبد الكريم بن يزيد الرازي,https://terminologyenc.com/ar/browse/term/58003,new_term,,,pending,not_verified
أبو سعيد سعد بن مالك بن سنان الأنصاري الخدري,https://terminologyenc.com/ar/browse/term/38537,new_term,,,pending,not_verified
أبو سفيان المغيرة بن الحارث بن عبد المطلب بن هاشم القرشي الهاشمي,https://terminologyenc.com/ar/browse/term/41743,new_term,,,pending,not_verified
أبو طالب عبد مناف بن عبد المطلب,https://terminologyenc.com/ar/browse/term/57998,new_term,,,pending,not_verified
أبو علامة محمد بن عبد الله بن علي بن الحسين ابن المؤيد,https://terminologyenc.com/ar/browse/term/41308,new_term,,,pending,not_verified
أبو عمرو زَبَّان بن العلاء بن عمار التميمي المازني,https://terminologyenc.com/ar/browse/term/38511,new_term,,,pending,not_verified
أبو عمرو عثمان بن سعيد بن عثمان الداني,https://terminologyenc.com/ar/browse/term/41120,new_term,,,pending,not_verified
أبو محذورة أوس بن معير الجمحي,https://terminologyenc.com/ar/browse/term/38388,new_term,,,pending,not_verified
أبو مسلم عبد الرحمن بن مسلم الخراساني,https://terminologyenc.com/ar/browse/term/38645,new_term,,,pending,not_verified
أبو مسلم محمد بن بحر الأصفهاني,https://terminologyenc.com/ar/browse/term/41219,new_term,,,pending,not_verified
أبو نُعيم أحمد بن عبد الله بن أحمد الأصبهاني,https://terminologyenc.com/ar/browse/term/38774,new_term,,,pending,not_verified
أبو هريرة عبد الرحمن بن صخر الدوسي,https://terminologyenc.com/ar/browse/term/38621,new_term,,,pending,not_verified
أبو يوسف يعقوب بن إبراهيم بن حبيب الفقيه,https://terminologyenc.com/ar/browse/term/41897,new_term,,,pending,not_verified
أبي بن كعب بن قيس بن عبيد الأنصاري,https://terminologyenc.com/ar/browse/term/38717,new_term,,,pending,not_verified
أتان,https://terminologyenc.com/ar/browse/term/5420,new_term,,,pending,not_verified
اتِّباعٌ,https://terminologyenc.com/ar/browse/term/36598,ambiguous_label,"986,10592","986,10592",pending,not_verified
اتِّبَاعٌ,https://terminologyenc.com/ar/browse/term/42676,ambiguous_label,"986,10592","986,10592",pending,not_verified
أتْباعُ التّابِعِينَ,https://terminologyenc.com/ar/browse/term/71773,new_term,,,pending,not_verified
اتباع الهوى,https://terminologyenc.com/ar/browse/term/36671,new_term,,,pending,not_verified
اتِّحَادٌ,https://terminologyenc.com/ar/browse/term/5421,label_without_motion,5289,,pending,not_verified
اتَّخاذٌ,https://terminologyenc.com/ar/browse/term/5422,label_without_motion,10593,,pending,not_verified
إِتْرابٌ,https://terminologyenc.com/ar/browse/term/5423,new_term,,,pending,not_verified
أُتْرُجُّةٌ,https://terminologyenc.com/ar/browse/term/5424,new_term,,,pending,not_verified
اتِّزانٌ,https://terminologyenc.com/ar/browse/term/5425,label_without_motion,12518,,pending,not_verified
اتِّصالُ الصُّفوف,https://terminologyenc.com/ar/browse/term/3659,new_term,,,pending,not_verified
اِتِّفاقٌ,https://terminologyenc.com/ar/browse/term/5427,ambiguous_label,"987,12069",987,pending,not_verified
إِتْقانٌ,https://terminologyenc.com/ar/browse/term/5428,label_without_motion,9933,,pending,not_verified
اتِّكاءٌ,https://terminologyenc.com/ar/browse/term/3660,label_with_motion,10595,10595,pending,not_verified
إِتْلافٌ,https://terminologyenc.com/ar/browse/term/5671,new_term,,,pending,not_verified
إِتْمامٌ,https://terminologyenc.com/ar/browse/term/5673,label_without_motion,9626,,pending,not_verified
اِتِّهابٌ,https://terminologyenc.com/ar/browse/term/5672,new_term,,,pending,not_verified
أَتُّونٌ,https://terminologyenc.com/ar/browse/term/5674,new_term,,,pending,not_verified
إِتْيانٌ,https://terminologyenc.com/ar/browse/term/5675,new_term,,,pending,not_verified
إثابَةٌ,https://terminologyenc.com/ar/browse/term/5676,new_term,,,pending,not_verified
إِثْباتٌ,https://terminologyenc.com/ar/browse/term/5677,label_without_motion,8262,,pending,not_verified
أَثَرٌ,https://terminologyenc.com/ar/browse/term/5678,label_with_motion,3787,3787,pending,not_verified
أَثَرٌ,https://terminologyenc.com/ar/browse/term/71774,label_with_motion,3787,3787,pending,not_verified
أَثَرَةٌ,https://terminologyenc.com/ar/browse/term/16767,new_term,,,pending,not_verified
أَثْلٌ,https://terminologyenc.com/ar/browse/term/5679,new_term,,,pending,not_verified
إِثْمٌ,https://terminologyenc.com/ar/browse/term/5680,label_with_motion,989,989,pending,not_verified
إِثْمِدٌ,https://terminologyenc.com/ar/browse/term/5681,new_term,,,pending,not_verified
اثنا عشرية,https://terminologyenc.com/ar/browse/term/42680,new_term,,,pending,not_verified
أَثِيرٌ,https://terminologyenc.com/ar/browse/term/5682,new_term,,,pending,not_verified
أَثِيلٌ,https://terminologyenc.com/ar/browse/term/5683,new_term,,,pending,not_verified
إجابة,https://terminologyenc.com/ar/browse/term/5684,label_with_motion,8264,8264,pending,not_verified
إجابة,https://terminologyenc.com/ar/browse/term/71834,label_with_motion,8264,8264,pending,not_verified
أُجاجٌ,https://terminologyenc.com/ar/browse/term/5685,new_term,,,pending,not_verified
إجازَةٌ,https://terminologyenc.com/ar/browse/term/71775,ambiguous_label,"5294,8265,11695",,pending,not_verified
إجَّانَةٌ,https://terminologyenc.com/ar/browse/term/5687,new_term,,,pending,not_verified
إِجْبارٌ,https://terminologyenc.com/ar/browse/term/5686,label_without_motion,5070,,pending,not_verified
اجتهاد,https://terminologyenc.com/ar/browse/term/75221,label_with_motion,10596,10596,pending,not_verified
اجْتِهَادٌ مُعْتَبَرٌ,https://terminologyenc.com/ar/browse/term/75222,new_term,,,pending,not_verified
إِجْحافٌ,https://terminologyenc.com/ar/browse/term/5688,new_term,,,pending,not_verified
أَجْرٌ,https://terminologyenc.com/ar/browse/term/3661,label_with_motion,10597,10597,pending,not_verified
آجر,https://terminologyenc.com/ar/browse/term/5223,label_with_motion,10597,10597,pending,not_verified
إِجْرَاءٌ,https://terminologyenc.com/ar/browse/term/5689,label_without_motion,5072,,pending,not_verified
إِجْرامٌ,https://terminologyenc.com/ar/browse/term/16761,new_term,,,pending,not_verified
أَجْرَدُ,https://terminologyenc.com/ar/browse/term/3662,new_term,,,pending,not_verified
أُجْرَة,https://terminologyenc.com/ar/browse/term/6923,label_without_motion,10324,,pending,not_verified
أَجْرِياءٌ,https://terminologyenc.com/ar/browse/term/5691,new_term,,,pending,not_verified
أَجْزاءٌ,https://terminologyenc.com/ar/browse/term/42675,new_term,,,pending,not_verified
إِجْزَاءٌ,https://terminologyenc.com/ar/browse/term/75223,new_term,,,pending,not_verified
أَجْزَاءُ القُرْآنِ,https://terminologyenc.com/ar/browse/term/14768,new_term,,,pending,not_verified
إِجْماعٌ,https://terminologyenc.com/ar/browse/term/570,new_term,,,pending,not_verified
إِجْمالٌ,https://terminologyenc.com/ar/browse/term/5692,new_term,,,pending,not_verified
آجِنٌ,https://terminologyenc.com/ar/browse/term/3663,new_term,,,pending,not_verified
إجْهازٌ,https://terminologyenc.com/ar/browse/term/551,new_term,,,pending,not_verified
إِجْهاضٌ,https://terminologyenc.com/ar/browse/term/5695,label_without_motion,6097,,pending,not_verified
أَجْهَر,https://terminologyenc.com/ar/browse/term/5696,new_term,,,pending,not_verified
أَجِيرٌ,https://terminologyenc.com/ar/browse/term/3664,new_term,,,pending,not_verified
أجيرٌ خاصٌّ,https://terminologyenc.com/ar/browse/term/6782,new_term,,,pending,not_verified
أحَّ,https://terminologyenc.com/ar/browse/term/5698,new_term,,,pending,not_verified
آحاد,https://terminologyenc.com/ar/browse/term/5225,ambiguous_label,"85,10325",,pending,not_verified
إِحاطَةٌ,https://terminologyenc.com/ar/browse/term/42684,new_term,,,pending,not_verified
أَحْباسٌ,https://terminologyenc.com/ar/browse/term/5700,new_term,,,pending,not_verified
إِحْباطٌ,https://terminologyenc.com/ar/browse/term/16765,new_term,,,pending,not_verified
اِحْتِجابٌ,https://terminologyenc.com/ar/browse/term/42685,new_term,,,pending,not_verified
اِحْتِجامٌ,https://terminologyenc.com/ar/browse/term/5701,new_term,,,pending,not_verified
اِحْتِدامٌ,https://terminologyenc.com/ar/browse/term/5702,new_term,,,pending,not_verified
اِحْتِرازٌ,https://terminologyenc.com/ar/browse/term/5703,new_term,,,pending,not_verified
اِحْتِراسُ,https://terminologyenc.com/ar/browse/term/11079,new_term,,,pending,not_verified
احتراف,https://terminologyenc.com/ar/browse/term/11080,new_term,,,pending,not_verified
اِحْتِسَابٌ,https://terminologyenc.com/ar/browse/term/16762,ambiguous_label,"3790,11842","3790,11842",pending,not_verified
احْتِسابٌ,https://terminologyenc.com/ar/browse/term/3665,ambiguous_label,"3790,11842","3790,11842",pending,not_verified
احْتِشاشٌ,https://terminologyenc.com/ar/browse/term/4084,new_term,,,pending,not_verified
احْتِضارٌ,https://terminologyenc.com/ar/browse/term/11081,new_term,,,pending,not_verified
احْتِطابٌ,https://terminologyenc.com/ar/browse/term/4085,label_without_motion,1533,,pending,not_verified
احْتِقانٌ,https://terminologyenc.com/ar/browse/term/11083,new_term,,,pending,not_verified
احْتِلامٌ,https://terminologyenc.com/ar/browse/term/4087,new_term,,,pending,not_verified
احْتِمَالٌ,https://terminologyenc.com/ar/browse/term/11085,label_without_motion,10327,,pending,not_verified
احْتِواشٌ,https://terminologyenc.com/ar/browse/term/4088,new_term,,,pending,not_verified
احتياج,https://terminologyenc.com/ar/browse/term/11086,label_without_motion,10599,,pending,not_verified
احتياط,https://terminologyenc.com/ar/browse/term/8322,label_without_motion,10600,,pending,not_verified
احْتِيَاطٌ (المُتَحَيِّرَةُ),https://terminologyenc.com/ar/browse/term/8323,new_term,,,pending,not_verified
أُحُد,https://terminologyenc.com/ar/browse/term/75881,new_term,,,pending,not_verified
إحْدادٌ,https://terminologyenc.com/ar/browse/term/4089,new_term,,,pending,not_verified
إحْراقٌ,https://terminologyenc.com/ar/browse/term/4090,new_term,,,pending,not_verified
إحْرامٌ,https://terminologyenc.com/ar/browse/term/554,new_term,,,pending,not_verified
أَحْزَابُ القُرْآنِ,https://terminologyenc.com/ar/browse/term/14770,new_term,,,pending,not_verified
إِحْساسٌ,https://terminologyenc.com/ar/browse/term/11368,ambiguous_label,"5075,8273",8273,pending,not_verified
إحسان إلهي ظهير بن ظهور إلهي,https://terminologyenc.com/ar/browse/term/69878,new_term,,,pending,not_verified
أحسن الخالقين,https://terminologyenc.com/ar/browse/term/8786,new_term,,,pending,not_verified
أَحْسَنُ الطَّلاقِ,https://terminologyenc.com/ar/browse/term/11369,new_term,,,pending,not_verified
إحْصارٌ,https://terminologyenc.com/ar/browse/term/4091,new_term,,,pending,not_verified
إحْصانٌ,https://terminologyenc.com/ar/browse/term/4092,new_term,,,pending,not_verified
إِحْكامٌ,https://terminologyenc.com/ar/browse/term/42689,label_without_motion,10603,,pending,not_verified
أَحْكَامُ القُرْآنِ,https://terminologyenc.com/ar/browse/term/14771,new_term,,,pending,not_verified
أحكام تكليفية,https://terminologyenc.com/ar/browse/term/75224,new_term,,,pending,not_verified
أحكام شرعية,https://terminologyenc.com/ar/browse/term/75225,new_term,,,pending,not_verified
أحكام وضعية,https://terminologyenc.com/ar/browse/term/75226,new_term,,,pending,not_verified
إِحْلالٌ,https://terminologyenc.com/ar/browse/term/4093,new_term,,,pending,not_verified
أحمد,https://terminologyenc.com/ar/browse/term/11357,new_term,,,pending,not_verified
أحمد ( الحاكم بأمر الله أبو العباس ),https://terminologyenc.com/ar/browse/term/38743,new_term,,,pending,not_verified
أحمد (المستظهر) بن عبد الله (المقتدي),https://terminologyenc.com/ar/browse/term/38769,new_term,,,pending,not_verified
أحمد (المستنصر) بن محمد الظاهر ابن الناصر,https://terminologyenc.com/ar/browse/term/38816,new_term,,,pending,not_verified
أحمد (تاج الدولة) بن فنّاخسرو (عضد الدولة),https://terminologyenc.com/ar/browse/term/38800,new_term,,,pending,not_verified
أحمد إسماعيل ياسين,https://terminologyenc.com/ar/browse/term/69880,new_term,,,pending,not_verified
أحمد أمين إبراهيم الطباخ,https://terminologyenc.com/ar/browse/term/40082,new_term,,,pending,not_verified
أحمد بن إبراهيم بن إسماعيل الإسماعيلي الجرجاني,https://terminologyenc.com/ar/browse/term/38718,new_term,,,pending,not_verified
أحمد بن إبراهيم بن حمد ابن عيسى,https://terminologyenc.com/ar/browse/term/38719,new_term,,,pending,not_verified
أحمد بن إبراهيم بن عبد الرحمن بن مسعود الواسطي,https://terminologyenc.com/ar/browse/term/38720,new_term,,,pending,not_verified
أحمد بن إبراهيم بن محمد ابن النحاس,https://terminologyenc.com/ar/browse/term/38721,new_term,,,pending,not_verified
أحمد بن إبراهيم بن محمد بن خليل,https://terminologyenc.com/ar/browse/term/38722,new_term,,,pending,not_verified
أحمد بن إبراهيم بن نصر الله,https://terminologyenc.com/ar/browse/term/40085,new_term,,,pending,not_verified
أحمد بن أبي بكر بن إسماعيل البوصيري,https://terminologyenc.com/ar/browse/term/38725,new_term,,,pending,not_verified
أحمد بن أبي دؤاد بن جرير بن مالك الإيادي,https://terminologyenc.com/ar/browse/term/38744,new_term,,,pending,not_verified
أحمد بن أحمد بن إبراهيم الطيبي,https://terminologyenc.com/ar/browse/term/38708,new_term,,,pending,not_verified
أحمد بن أحمد بن أحمد بن الحسين,https://terminologyenc.com/ar/browse/term/38723,new_term,,,pending,not_verified
أحمد بن أحمد بن سلامة,https://terminologyenc.com/ar/browse/term/38709,new_term,,,pending,not_verified
أحمد بن أحمد بن عبد الرحمن,https://terminologyenc.com/ar/browse/term/38710,new_term,,,pending,not_verified
أحمد بن أحمد بن عبد اللطيف,https://terminologyenc.com/ar/browse/term/38724,new_term,,,pending,not_verified
أحمد بن أحمد بن محمد ابن العجمي,https://terminologyenc.com/ar/browse/term/38712,new_term,,,pending,not_verified
أحمد بن أحمد بن محمد السجاعي,https://terminologyenc.com/ar/browse/term/38711,new_term,,,pending,not_verified
أحمد بن أحمد بن محمد بن عيسى,https://terminologyenc.com/ar/browse/term/38713,new_term,,,pending,not_verified
أحمد بن إدريس بن عبد الرحمن القرافي,https://terminologyenc.com/ar/browse/term/38714,new_term,,,pending,not_verified
أحمد بن إسحاق ( أبو يعقوب ) بن جعفر,https://terminologyenc.com/ar/browse/term/38715,new_term,,,pending,not_verified
أحمد بن إسحاق بن المقتدر .. القادر بالله,https://terminologyenc.com/ar/browse/term/38716,new_term,,,pending,not_verified
أحمد بن إسماعيل بن العباس الرسولي,https://terminologyenc.com/ar/browse/term/38726,new_term,,,pending,not_verified
أحمد بن إسماعيل بن عثمان الكوراني,https://terminologyenc.com/ar/browse/term/38727,new_term,,,pending,not_verified
أحمد بن الحسين بن أحمد أبو شجاع الأصفهاني,https://terminologyenc.com/ar/browse/term/38745,new_term,,,pending,not_verified
أحمد بن الحسين بن علي البيهقي,https://terminologyenc.com/ar/browse/term/38746,new_term,,,pending,not_verified
أحمد بن الحسين بن يحيى الهمذاني,https://terminologyenc.com/ar/browse/term/40086,new_term,,,pending,not_verified
أحمد بن القاسم أبي بكر بن الحارث بن زرارة القرشي الزهري,https://terminologyenc.com/ar/browse/term/38801,new_term,,,pending,not_verified
أحمد بن المتوكل على الله جعفر,https://terminologyenc.com/ar/browse/term/38728,new_term,,,pending,not_verified
أحمد بن المستضئ بأمر الله الحسن بن المستنجد,https://terminologyenc.com/ar/browse/term/38729,new_term,,,pending,not_verified
أحمد بن المستكفي بالله سليمان بن الحاكم بأمر,https://terminologyenc.com/ar/browse/term/38755,new_term,,,pending,not_verified
أحمد بن جعفر بن إدريس أبو العباس الكتاني,https://terminologyenc.com/ar/browse/term/38730,new_term,,,pending,not_verified
أحمد بن جعفر بن حمدان بن مالك القطيعي,https://terminologyenc.com/ar/browse/term/38731,new_term,,,pending,not_verified
أحمد بن حجر بن محمد بن حجر آل بوطامي,https://terminologyenc.com/ar/browse/term/69884,new_term,,,pending,not_verified
أحمد بن حسن بن سنان الدين البياضي,https://terminologyenc.com/ar/browse/term/38747,new_term,,,pending,not_verified
أحمد بن حسين بن حسن بن علي بن رَسْلان,https://terminologyenc.com/ar/browse/term/38748,new_term,,,pending,not_verified
أحمد بن حسين بن خميس الطلاوي الشافعي,https://terminologyenc.com/ar/browse/term/38749,new_term,,,pending,not_verified
أحمد بن حسين بن علي بن الخطيب,https://terminologyenc.com/ar/browse/term/38750,new_term,,,pending,not_verified
أحمد بن حمدان بن أحمد الورسامي الليثي,https://terminologyenc.com/ar/browse/term/38751,new_term,,,pending,not_verified
أحمد بن حمدان بن أحمد بن عبد الواحد,https://terminologyenc.com/ar/browse/term/38752,new_term,,,pending,not_verified
أحمد بن حمزه الرملي ، شهاب الدين,https://terminologyenc.com/ar/browse/term/38753,new_term,,,pending,not_verified
أحمد بن خليل بن إبراهيم شهاب الدين السبكي,https://terminologyenc.com/ar/browse/term/38754,new_term,,,pending,not_verified
أحمد بن زهير أبي خيثمة بن حرب النسائي,https://terminologyenc.com/ar/browse/term/40099,new_term,,,pending,not_verified
أحمد بن زين بن علوي بن أحمد الحبشي العلوي,https://terminologyenc.com/ar/browse/term/38756,new_term,,,pending,not_verified
أحمد بن زيني دحلان,https://terminologyenc.com/ar/browse/term/38757,new_term,,,pending,not_verified
أحمد بن سليمان بن كمال باشا شمس الدين,https://terminologyenc.com/ar/browse/term/38758,new_term,,,pending,not_verified
أحمد بن سهل أبو زيد البلخي,https://terminologyenc.com/ar/browse/term/38759,new_term,,,pending,not_verified
أحمد بن شعيب بن علي النسائي,https://terminologyenc.com/ar/browse/term/38781,new_term,,,pending,not_verified
أحمد بن طلحه بن جعفر أبو العباس,https://terminologyenc.com/ar/browse/term/38760,new_term,,,pending,not_verified
أحمد بن عامر بن بشر بن حامد,https://terminologyenc.com/ar/browse/term/38761,new_term,,,pending,not_verified
أحمد بن عبد الحليم بن عبد السلام بن تيمية,https://terminologyenc.com/ar/browse/term/38762,new_term,,,pending,not_verified
أحمد بن عبد الرحمن بن عثمان القاضي,https://terminologyenc.com/ar/browse/term/76270,new_term,,,pending,not_verified
أحمد بن عبد الرحمن بن محمد البنا، الساعاتي,https://terminologyenc.com/ar/browse/term/38763,new_term,,,pending,not_verified
أحمد بن عبد الرحيم الفاروقي الدهلوي الهندي,https://terminologyenc.com/ar/browse/term/38764,new_term,,,pending,not_verified
أحمد بن عبد الرحيم بن الحسين ابن العراقي الكردي,https://terminologyenc.com/ar/browse/term/38765,new_term,,,pending,not_verified
أحمد بن عبد الفتاح بن يوسف بن عمر الملوي,https://terminologyenc.com/ar/browse/term/38767,new_term,,,pending,not_verified
أحمد بن عبد القادر بن بكري العجيلي,https://terminologyenc.com/ar/browse/term/38772,new_term,,,pending,not_verified
أحمد بن عبد الله الدوغان,https://terminologyenc.com/ar/browse/term/69888,new_term,,,pending,not_verified
أحمد بن عبد الله الكرماني حميد الدين,https://terminologyenc.com/ar/browse/term/38773,new_term,,,pending,not_verified
أحمد بن عبد الله بن بدر أبو نعيم شهاب,https://terminologyenc.com/ar/browse/term/38770,new_term,,,pending,not_verified
أحمد بن عبد الله بن صالح أبو الحسن العجلي,https://terminologyenc.com/ar/browse/term/38775,new_term,,,pending,not_verified
أحمد بن عبد المنعم بن يوسف بن صيام,https://terminologyenc.com/ar/browse/term/38776,new_term,,,pending,not_verified
أحمد بن عبدالله بن محمد الطبري أبو العباس,https://terminologyenc.com/ar/browse/term/38777,new_term,,,pending,not_verified
أحمد بن عثمان بن إبراهيم بن مصطفى ابن التركماني الحنفي,https://terminologyenc.com/ar/browse/term/38778,new_term,,,pending,not_verified
أحمد بن علي الرازي أبو بكر الجصاص,https://terminologyenc.com/ar/browse/term/38779,new_term,,,pending,not_verified
أحمد بن علي المقريزي,https://terminologyenc.com/ar/browse/term/38788,new_term,,,pending,not_verified
أحمد بن علي بن إبراهيم الحسيني أبو العباس,https://terminologyenc.com/ar/browse/term/38783,new_term,,,pending,not_verified
أحمد بن علي بن أحمد ابن المسترشد,https://terminologyenc.com/ar/browse/term/38784,new_term,,,pending,not_verified
أحمد بن علي بن أحمد الفزاريّ القلقشندي,https://terminologyenc.com/ar/browse/term/38785,new_term,,,pending,not_verified
أحمد بن علي بن المثنى التميمي الموصلي,https://terminologyenc.com/ar/browse/term/38780,new_term,,,pending,not_verified
أحمد بن علي بن تغلب مظفر الدين ابن الساعاتي,https://terminologyenc.com/ar/browse/term/38786,new_term,,,pending,not_verified
أحمد بن علي بن ثابت البغدادي,https://terminologyenc.com/ar/browse/term/38787,new_term,,,pending,not_verified
أحمد بن علي بن عبد الكافي ... السبكي,https://terminologyenc.com/ar/browse/term/38789,new_term,,,pending,not_verified
أحمد بن علي بن محمد الكناني العسقلاني,https://terminologyenc.com/ar/browse/term/38790,new_term,,,pending,not_verified
أحمد بن علي بن يحيى الرفاعي الحسيني,https://terminologyenc.com/ar/browse/term/38791,new_term,,,pending,not_verified
أحمد بن علي بن يوسف أبو العباس البوني,https://terminologyenc.com/ar/browse/term/38792,new_term,,,pending,not_verified
أحمد بن عماد بن يوسف بن عبد النبي,https://terminologyenc.com/ar/browse/term/38793,new_term,,,pending,not_verified
أحمد بن عمار بن أبي العباس المهدوي,https://terminologyenc.com/ar/browse/term/38794,new_term,,,pending,not_verified
أحمد بن عمر بن إبراهيم أبو العباس,https://terminologyenc.com/ar/browse/term/38795,new_term,,,pending,not_verified
أحمد بن عمر بن سريج البغدادي أبو العباس,https://terminologyenc.com/ar/browse/term/38796,new_term,,,pending,not_verified
أحمد بن عمر بن علي بن هلال أبو العباس,https://terminologyenc.com/ar/browse/term/38797,new_term,,,pending,not_verified
أحمد بن عمر بن محمد السيفي المرادي,https://terminologyenc.com/ar/browse/term/38798,new_term,,,pending,not_verified
أحمد بن عمرو بن أبي عاصم الضحاك الشيباني,https://terminologyenc.com/ar/browse/term/38799,new_term,,,pending,not_verified
أحمد بن عمرو بن عبد الخالق أبو بكر البزار,https://terminologyenc.com/ar/browse/term/38802,new_term,,,pending,not_verified
أحمد بن فارس بن زكريا القزويني,https://terminologyenc.com/ar/browse/term/38804,new_term,,,pending,not_verified
أحمد بن فَرح بن أحمد بن محمد,https://terminologyenc.com/ar/browse/term/38805,new_term,,,pending,not_verified
أحمد بن قاسم الصباغ العبادي ثم المصري,https://terminologyenc.com/ar/browse/term/38806,new_term,,,pending,not_verified
أحمد بن محمد الأمين بن أحمد المختار الجكني الشنقيطي,https://terminologyenc.com/ar/browse/term/69879,new_term,,,pending,not_verified
أحمد بن محمد الخلوتي,https://terminologyenc.com/ar/browse/term/38831,new_term,,,pending,not_verified
أحمد بن محمد السالك الشنقيطي,https://terminologyenc.com/ar/browse/term/69893,new_term,,,pending,not_verified
أحمد بن محمد أمين كفتارو,https://terminologyenc.com/ar/browse/term/69891,new_term,,,pending,not_verified
أحمد بن محمد بن إبراهيم الثعلبي,https://terminologyenc.com/ar/browse/term/38817,new_term,,,pending,not_verified
أحمد بن محمد بن إبراهيم بن أبي بكر ابن خلكان,https://terminologyenc.com/ar/browse/term/38818,new_term,,,pending,not_verified
أحمد بن محمد بن أبي بكر بن عبد الملك,https://terminologyenc.com/ar/browse/term/38832,new_term,,,pending,not_verified
أحمد بن محمد بن أحمد الأسفراييني,https://terminologyenc.com/ar/browse/term/38819,new_term,,,pending,not_verified
أحمد بن محمد بن أحمد الحضراوي المكي,https://terminologyenc.com/ar/browse/term/38833,new_term,,,pending,not_verified
أحمد بن محمد بن أحمد العدوي,https://terminologyenc.com/ar/browse/term/38834,new_term,,,pending,not_verified
أحمد بن محمد بن أحمد المجلسي,https://terminologyenc.com/ar/browse/term/38835,new_term,,,pending,not_verified
أحمد بن محمد بن أحمد بن القاسم المحاملي الضبي,https://terminologyenc.com/ar/browse/term/38820,new_term,,,pending,not_verified
أحمد بن محمد بن أحمد بن جعفر,https://terminologyenc.com/ar/browse/term/38821,new_term,,,pending,not_verified
أحمد بن محمد بن أحمد بن غالب,https://terminologyenc.com/ar/browse/term/38822,new_term,,,pending,not_verified
أحمد بن محمد بن إسحاق بن إبراهيم بن أسباط,https://terminologyenc.com/ar/browse/term/38807,new_term,,,pending,not_verified
أحمد بن محمد بن إسماعيل الطهطاوي,https://terminologyenc.com/ar/browse/term/38836,new_term,,,pending,not_verified
أحمد بن محمد بن إسماعيل المرادي ابن النَّحَّاس النحوي,https://terminologyenc.com/ar/browse/term/38808,new_term,,,pending,not_verified
"أحمد بن محمد بن الصديق بن أحمد , أبو الفيض",https://terminologyenc.com/ar/browse/term/38837,new_term,,,pending,not_verified
أحمد بن محمد بن المختار بن أحمد,https://terminologyenc.com/ar/browse/term/38838,new_term,,,pending,not_verified
أحمد بن محمد بن المعتصم بن هارون الرشيد,https://terminologyenc.com/ar/browse/term/38809,new_term,,,pending,not_verified
أحمد بن محمد بن حنبل الشيباني الإمام,https://terminologyenc.com/ar/browse/term/38810,new_term,,,pending,not_verified
أحمد بن محمد بن زيد أبو سعيد القزويني,https://terminologyenc.com/ar/browse/term/38811,new_term,,,pending,not_verified
أحمد بن محمد بن سلامة بن سلمة الطحاوي,https://terminologyenc.com/ar/browse/term/38812,new_term,,,pending,not_verified
أحمد بن محمد بن سلفة,https://terminologyenc.com/ar/browse/term/38824,new_term,,,pending,not_verified
أحمد بن محمد بن صالح,https://terminologyenc.com/ar/browse/term/69892,new_term,,,pending,not_verified
أحمد بن محمد بن عبد الرحمن الباشاني,https://terminologyenc.com/ar/browse/term/38825,new_term,,,pending,not_verified
أحمد بن محمد بن عبد الكريم أبو الفضل,https://terminologyenc.com/ar/browse/term/38826,new_term,,,pending,not_verified
أحمد بن محمد بن عبد الولي بن جبارة,https://terminologyenc.com/ar/browse/term/38827,new_term,,,pending,not_verified
أحمد بن محمد بن عبد ربه الأندلسي,https://terminologyenc.com/ar/browse/term/40087,new_term,,,pending,not_verified
أحمد بن محمد بن علي ابن الرِّفعة الأنصاري,https://terminologyenc.com/ar/browse/term/38828,new_term,,,pending,not_verified
أحمد بن محمد بن علي الفيومي,https://terminologyenc.com/ar/browse/term/38841,new_term,,,pending,not_verified
أحمد بن محمد بن علي بن حجر الهيتمي,https://terminologyenc.com/ar/browse/term/38842,new_term,,,pending,not_verified
أحمد بن محمد بن عماد الدين بن علي ابن الهائم,https://terminologyenc.com/ar/browse/term/38843,new_term,,,pending,not_verified
أحمد بن محمد بن عمر الخفاجي,https://terminologyenc.com/ar/browse/term/38845,new_term,,,pending,not_verified
أحمد بن محمد بن قلاوون,https://terminologyenc.com/ar/browse/term/38846,new_term,,,pending,not_verified
أحمد بن محمد بن منصور,https://terminologyenc.com/ar/browse/term/38829,new_term,,,pending,not_verified
أحمد بن محمد بن هارون أبو بكر الخلال,https://terminologyenc.com/ar/browse/term/38813,new_term,,,pending,not_verified
أحمد بن محمد بن هانئ الطائي الأثرم,https://terminologyenc.com/ar/browse/term/38814,new_term,,,pending,not_verified
أحمد بن محمد بن يعقوب مسكويه,https://terminologyenc.com/ar/browse/term/38830,new_term,,,pending,not_verified
أحمد بن محمد شاكر,https://terminologyenc.com/ar/browse/term/38847,new_term,,,pending,not_verified
أحمد بن محمد مكي الحموي,https://terminologyenc.com/ar/browse/term/38848,new_term,,,pending,not_verified
أحمد بن محمود الأدرنوي,https://terminologyenc.com/ar/browse/term/38850,new_term,,,pending,not_verified
"أحمد بن محمود بن أبي بكر , نور الدين",https://terminologyenc.com/ar/browse/term/38849,new_term,,,pending,not_verified
أحمد بن مصطفى المراغي,https://terminologyenc.com/ar/browse/term/38851,new_term,,,pending,not_verified
أحمد بن معد (المستنصر باللَّه) بن الظاهر,https://terminologyenc.com/ar/browse/term/38852,new_term,,,pending,not_verified
أحمد بن منيع بن عبد الرحمن البغوي,https://terminologyenc.com/ar/browse/term/38853,new_term,,,pending,not_verified
أحمد بن موسى بن مردويه الكبير,https://terminologyenc.com/ar/browse/term/38854,new_term,,,pending,not_verified
أحمد بن يحيى بن إسحاق الراوندي,https://terminologyenc.com/ar/browse/term/40083,new_term,,,pending,not_verified
أحمد بن يحيى بن زيد ثعلب النحوي,https://terminologyenc.com/ar/browse/term/38855,new_term,,,pending,not_verified
أحمد بن يحيى بن محمد النجمي,https://terminologyenc.com/ar/browse/term/69895,new_term,,,pending,not_verified
أحمد بن يحيى بن محمد الونشريسي,https://terminologyenc.com/ar/browse/term/38856,new_term,,,pending,not_verified
أحمد بن يحيى بن محمد بن سعد (حفيد السعد التفتازاني),https://terminologyenc.com/ar/browse/term/38857,new_term,,,pending,not_verified
أحمد بن يوسف بن الحسن بن رافع الكواشي,https://terminologyenc.com/ar/browse/term/38858,new_term,,,pending,not_verified
أحمد بن يوسف بن عبد الدايم الحلبي,https://terminologyenc.com/ar/browse/term/38859,new_term,,,pending,not_verified
أحمد تيمور باشا,https://terminologyenc.com/ar/browse/term/38734,new_term,,,pending,not_verified
أحمد حسين كاظم ديدات,https://terminologyenc.com/ar/browse/term/69885,new_term,,,pending,not_verified
أحمد ذو النورين أحمد الجكني,https://terminologyenc.com/ar/browse/term/69886,new_term,,,pending,not_verified
أحمد شوقي بن علي بن أحمد شوقي,https://terminologyenc.com/ar/browse/term/40097,new_term,,,pending,not_verified
أحمد عارف حكمت بن إبراهيم بن عصمت,https://terminologyenc.com/ar/browse/term/38768,new_term,,,pending,not_verified
أحمد علي الإمام,https://terminologyenc.com/ar/browse/term/69889,new_term,,,pending,not_verified
أحمد فهمي محمود أبو سِنَّة,https://terminologyenc.com/ar/browse/term/69890,new_term,,,pending,not_verified
أحمد فؤاد الأول ابن الخديوي إسماعيل,https://terminologyenc.com/ar/browse/term/38815,new_term,,,pending,not_verified
أحمد لطفي السيد أبو علي,https://terminologyenc.com/ar/browse/term/40084,new_term,,,pending,not_verified
أَحْوالٌ,https://terminologyenc.com/ar/browse/term/42688,new_term,,,pending,not_verified
إحياء,https://terminologyenc.com/ar/browse/term/11348,new_term,,,pending,not_verified
إحْياءُ البَيْتِ الحَرامِ,https://terminologyenc.com/ar/browse/term/1421,new_term,,,pending,not_verified
إحْياءُ السُّنَّةِ,https://terminologyenc.com/ar/browse/term/4094,new_term,,,pending,not_verified
إحْياءُ اللَّيْلِ,https://terminologyenc.com/ar/browse/term/4095,new_term,,,pending,not_verified
إِحْياءُ المَواتِ,https://terminologyenc.com/ar/browse/term/6639,new_term,,,pending,not_verified
إخبات,https://terminologyenc.com/ar/browse/term/10686,new_term,,,pending,not_verified
إخْبارٌ,https://terminologyenc.com/ar/browse/term/71776,label_without_motion,11313,,pending,not_verified
أُخْتٌ,https://terminologyenc.com/ar/browse/term/613,ambiguous_label,"6112,8278",,pending,not_verified
اخْتِطافٌ,https://terminologyenc.com/ar/browse/term/11092,label_without_motion,8280,,pending,not_verified
اِخْتِفاءٌ,https://terminologyenc.com/ar/browse/term/11093,label_without_motion,1749,,pending,not_verified
اِخْتِلاسٌ,https://terminologyenc.com/ar/browse/term/11094,new_term,,,pending,not_verified
اِخْتِلاطٌ,https://terminologyenc.com/ar/browse/term/11097,label_without_motion,991,,pending,not_verified
اخْتِلَافٌ,https://terminologyenc.com/ar/browse/term/11096,new_term,,,pending,not_verified
اختلافُ التَّضادِّ,https://terminologyenc.com/ar/browse/term/14877,new_term,,,pending,not_verified
اخْتِلَافُ التَّنَوُّعِ,https://terminologyenc.com/ar/browse/term/14878,new_term,,,pending,not_verified
اخْتِلَافُ الـمُفَسِّرِينَ,https://terminologyenc.com/ar/browse/term/14772,new_term,,,pending,not_verified
اِخْتِمارٌ,https://terminologyenc.com/ar/browse/term/11095,new_term,,,pending,not_verified
اختيار,https://terminologyenc.com/ar/browse/term/75227,label_without_motion,12465,,pending,not_verified
إخْدامٌ,https://terminologyenc.com/ar/browse/term/4096,new_term,,,pending,not_verified
أخدان,https://terminologyenc.com/ar/browse/term/11100,new_term,,,pending,not_verified
أَخْدَعٌ,https://terminologyenc.com/ar/browse/term/11101,new_term,,,pending,not_verified
أَخْذٌ,https://terminologyenc.com/ar/browse/term/11102,new_term,,,pending,not_verified
إِخْراجٌ,https://terminologyenc.com/ar/browse/term/11103,label_with_motion,1539,1539,pending,not_verified
أَخْشَبانِ,https://terminologyenc.com/ar/browse/term/11104,new_term,,,pending,not_verified
إِخفْاءٌ,https://terminologyenc.com/ar/browse/term/11105,label_without_motion,9630,,pending,not_verified
إِخْفارٌ,https://terminologyenc.com/ar/browse/term/11106,new_term,,,pending,not_verified
إخلاص,https://terminologyenc.com/ar/browse/term/11107,label_with_motion,10608,10608,pending,not_verified
إخلاف,https://terminologyenc.com/ar/browse/term/11108,new_term,,,pending,not_verified
أَخْلاقٌ,https://terminologyenc.com/ar/browse/term/11109,new_term,,,pending,not_verified
إِخْلَالٌ,https://terminologyenc.com/ar/browse/term/11110,new_term,,,pending,not_verified
أَخْلَق,https://terminologyenc.com/ar/browse/term/11111,new_term,,,pending,not_verified
أَخْمَص,https://terminologyenc.com/ar/browse/term/11112,new_term,,,pending,not_verified
أَخْوَصُ,https://terminologyenc.com/ar/browse/term/11113,new_term,,,pending,not_verified
أَخْيَف,https://terminologyenc.com/ar/browse/term/11114,new_term,,,pending,not_verified
إِدٌّ,https://terminologyenc.com/ar/browse/term/11115,new_term,,,pending,not_verified
آداب,https://terminologyenc.com/ar/browse/term/5227,new_term,,,pending,not_verified
آدَابُ التِّلَاوَةِ,https://terminologyenc.com/ar/browse/term/14773,new_term,,,pending,not_verified
أُدافٌ,https://terminologyenc.com/ar/browse/term/11116,new_term,,,pending,not_verified
إِدامٌ,https://terminologyenc.com/ar/browse/term/11374,new_term,,,pending,not_verified
إِداوَةٌ,https://terminologyenc.com/ar/browse/term/11117,new_term,,,pending,not_verified
أَدَبٌ,https://terminologyenc.com/ar/browse/term/4097,label_with_motion,10611,10611,pending,not_verified
أَدْحَر,https://terminologyenc.com/ar/browse/term/11118,new_term,,,pending,not_verified
آدَرُ,https://terminologyenc.com/ar/browse/term/4098,new_term,,,pending,not_verified
أَدْعِيَةُ القُرْآنِ,https://terminologyenc.com/ar/browse/term/14774,new_term,,,pending,not_verified
إِدْغامٌ,https://terminologyenc.com/ar/browse/term/11120,new_term,,,pending,not_verified
إِدْلاءٌ,https://terminologyenc.com/ar/browse/term/4099,new_term,,,pending,not_verified
إِدْلاجٌ,https://terminologyenc.com/ar/browse/term/11372,new_term,,,pending,not_verified
إِدْلالٌ,https://terminologyenc.com/ar/browse/term/11373,new_term,,,pending,not_verified
أَدِلَّةٌ,https://terminologyenc.com/ar/browse/term/75228,new_term,,,pending,not_verified
أَدِلَّةٌ شَرْعِيَّةٌ,https://terminologyenc.com/ar/browse/term/75229,new_term,,,pending,not_verified
أَدِلَّةٌ عَقْلِيَّةٌ,https://terminologyenc.com/ar/browse/term/75230,new_term,,,pending,not_verified
أَدِلَّةٌ مُتَّفَقٌ عَلَيْهَا,https://terminologyenc.com/ar/browse/term/75231,new_term,,,pending,not_verified
أَدِلَّةٌ مُخْتَلَفٌ فِيهَا,https://terminologyenc.com/ar/browse/term/75232,new_term,,,pending,not_verified
إِدْماجٌ,https://terminologyenc.com/ar/browse/term/11375,new_term,,,pending,not_verified
أَدِيمٌ,https://terminologyenc.com/ar/browse/term/11377,new_term,,,pending,not_verified
إِذْخِرٌ,https://terminologyenc.com/ar/browse/term/3623,new_term,,,pending,not_verified
أَذْرَبِيجَان,https://terminologyenc.com/ar/browse/term/76054,new_term,,,pending,not_verified
أَذْرُح,https://terminologyenc.com/ar/browse/term/76055,new_term,,,pending,not_verified
إِذْعَانٌ,https://terminologyenc.com/ar/browse/term/11380,new_term,,,pending,not_verified
أَذْفَرُ,https://terminologyenc.com/ar/browse/term/11381,new_term,,,pending,not_verified
إذْنٌ,https://terminologyenc.com/ar/browse/term/4101,label_with_motion,1543,1543,pending,not_verified
أذى,https://terminologyenc.com/ar/browse/term/11378,ambiguous_label,"1027,1544,11574",1027,pending,not_verified
آراب,https://terminologyenc.com/ar/browse/term/5230,new_term,,,pending,not_verified
إرادَةٌ شَرْعِيَّةٌ,https://terminologyenc.com/ar/browse/term/42687,new_term,,,pending,not_verified
إرادة كونية,https://terminologyenc.com/ar/browse/term/8787,new_term,,,pending,not_verified
إراقَةٌ,https://terminologyenc.com/ar/browse/term/4100,new_term,,,pending,not_verified
أَرْبِعاء,https://terminologyenc.com/ar/browse/term/11385,new_term,,,pending,not_verified
إرْبَةٌ,https://terminologyenc.com/ar/browse/term/4102,new_term,,,pending,not_verified
أَرَتٌّ,https://terminologyenc.com/ar/browse/term/11386,new_term,,,pending,not_verified
اِرْتِثاثٌ,https://terminologyenc.com/ar/browse/term/11387,new_term,,,pending,not_verified
ارتفاق,https://terminologyenc.com/ar/browse/term/11388,new_term,,,pending,not_verified
إِرْثٌ,https://terminologyenc.com/ar/browse/term/618,label_without_motion,9937,,pending,not_verified
إرجاء,https://terminologyenc.com/ar/browse/term/42683,new_term,,,pending,not_verified
إرْدافٌ,https://terminologyenc.com/ar/browse/term/4103,new_term,,,pending,not_verified
إِرْسالٌ,https://terminologyenc.com/ar/browse/term/4104,label_without_motion,11319,,pending,not_verified
أرسلان بن مالك بن بركات بن المنذر,https://terminologyenc.com/ar/browse/term/38860,new_term,,,pending,not_verified
أَرْشٌ,https://terminologyenc.com/ar/browse/term/4105,new_term,,,pending,not_verified
إرْشادٌ,https://terminologyenc.com/ar/browse/term/3627,ambiguous_label,"1546,11318",,pending,not_verified
إرْصادٌ,https://terminologyenc.com/ar/browse/term/4106,new_term,,,pending,not_verified
أَرْضٌ,https://terminologyenc.com/ar/browse/term/4107,label_with_motion,8298,8298,pending,not_verified
أُرَفٌ,https://terminologyenc.com/ar/browse/term/11399,new_term,,,pending,not_verified
إرْفاقٌ,https://terminologyenc.com/ar/browse/term/4108,new_term,,,pending,not_verified
أركان,https://terminologyenc.com/ar/browse/term/42682,new_term,,,pending,not_verified
إِرْهابٌ,https://terminologyenc.com/ar/browse/term/36601,new_term,,,pending,not_verified
إرهاص,https://terminologyenc.com/ar/browse/term/11349,new_term,,,pending,not_verified
أروى بنت الحارث بن عبد المطلب القرشية,https://terminologyenc.com/ar/browse/term/38861,new_term,,,pending,not_verified
أَرِيحَا,https://terminologyenc.com/ar/browse/term/75882,new_term,,,pending,not_verified
أَزْلامٌ,https://terminologyenc.com/ar/browse/term/4109,new_term,,,pending,not_verified
أزلية,https://terminologyenc.com/ar/browse/term/8788,new_term,,,pending,not_verified
آسٌ,https://terminologyenc.com/ar/browse/term/5231,label_without_motion,10335,,pending,not_verified
إِساءَةٌ,https://terminologyenc.com/ar/browse/term/4110,ambiguous_label,"5082,12155,12405",,pending,not_verified
أسامة بن زيد بن حارثة الكلبي,https://terminologyenc.com/ar/browse/term/38862,new_term,,,pending,not_verified
أسامة بن عبد الله بن عبد الغني خياط,https://terminologyenc.com/ar/browse/term/76261,new_term,,,pending,not_verified
أسامة بن مرشد بن علي بن منقذ,https://terminologyenc.com/ar/browse/term/38865,new_term,,,pending,not_verified
أَسْبَابُ النُّزُولِ,https://terminologyenc.com/ar/browse/term/14775,label_without_motion,1400,,pending,not_verified
إِسْبالٌ,https://terminologyenc.com/ar/browse/term/4111,label_without_motion,996,,pending,not_verified
اسْتِتابَةٌ,https://terminologyenc.com/ar/browse/term/4112,new_term,,,pending,not_verified
اسْتِثْناءٌ,https://terminologyenc.com/ar/browse/term/4113,label_without_motion,8305,,pending,not_verified
استثناء في الإيمان,https://terminologyenc.com/ar/browse/term/43332,new_term,,,pending,not_verified
اسْتِجْرارٌ,https://terminologyenc.com/ar/browse/term/8588,new_term,,,pending,not_verified
اسْتِجْمارٌ,https://terminologyenc.com/ar/browse/term/562,new_term,,,pending,not_verified
اسْتِحْبابٌ,https://terminologyenc.com/ar/browse/term/4114,new_term,,,pending,not_verified
اسْتِحْقاقٌ,https://terminologyenc.com/ar/browse/term/4115,new_term,,,pending,not_verified
اسْتِحْلَال,https://terminologyenc.com/ar/browse/term/43333,new_term,,,pending,not_verified
استخارة,https://terminologyenc.com/ar/browse/term/912,new_term,,,pending,not_verified
اسْتِخْلافٌ,https://terminologyenc.com/ar/browse/term/4116,new_term,,,pending,not_verified
اسْتِدانَةٌ,https://terminologyenc.com/ar/browse/term/4117,new_term,,,pending,not_verified
استدراج,https://terminologyenc.com/ar/browse/term/43334,label_with_motion,8306,8306,pending,not_verified
استدلال,https://terminologyenc.com/ar/browse/term/43335,label_with_motion,10336,10336,pending,not_verified
اسْتِراقُ السَّمْعِ,https://terminologyenc.com/ar/browse/term/4118,new_term,,,pending,not_verified
اسْتِرْجاعٌ,https://terminologyenc.com/ar/browse/term/4119,new_term,,,pending,not_verified
اسْتِرْدادٌ,https://terminologyenc.com/ar/browse/term/4120,new_term,,,pending,not_verified
اسْتِرْقاقٌ,https://terminologyenc.com/ar/browse/term/4698,new_term,,,pending,not_verified
استسقاء بالأنواء,https://terminologyenc.com/ar/browse/term/8789,new_term,,,pending,not_verified
اسْتِشْرافٌ,https://terminologyenc.com/ar/browse/term/4699,new_term,,,pending,not_verified
اسْتِشْهادٌ,https://terminologyenc.com/ar/browse/term/611,label_without_motion,3796,,pending,not_verified
اسْتِصْباحٌ,https://terminologyenc.com/ar/browse/term/4700,new_term,,,pending,not_verified
اسْتِصْحَابٌ,https://terminologyenc.com/ar/browse/term/75233,new_term,,,pending,not_verified
اسْتِصْناعٌ,https://terminologyenc.com/ar/browse/term/4705,new_term,,,pending,not_verified
اِسْتِضاءَةٌ,https://terminologyenc.com/ar/browse/term/11401,new_term,,,pending,not_verified
اسْتِطَاعَةٌ,https://terminologyenc.com/ar/browse/term/75235,ambiguous_label,"5088,6208,12157",6208,pending,not_verified
اِسْتِطْلاعٌ,https://terminologyenc.com/ar/browse/term/11402,new_term,,,pending,not_verified
استطلاق البطن,https://terminologyenc.com/ar/browse/term/2808,new_term,,,pending,not_verified
اِسْتِظْلالٌ,https://terminologyenc.com/ar/browse/term/11403,new_term,,,pending,not_verified
اسْتِظْهارٌ,https://terminologyenc.com/ar/browse/term/6886,new_term,,,pending,not_verified
اسْتِعاذَةٌ,https://terminologyenc.com/ar/browse/term/64568,label_with_motion,1402,1402,pending,not_verified
اسْتِعانَةٌ,https://terminologyenc.com/ar/browse/term/64574,ambiguous_label,"1551,11845",1551,pending,not_verified
اِسْتِعْداءٌ,https://terminologyenc.com/ar/browse/term/11404,new_term,,,pending,not_verified
اسْتِعْطاءٌ,https://terminologyenc.com/ar/browse/term/64571,new_term,,,pending,not_verified
اسْتِغاثَة,https://terminologyenc.com/ar/browse/term/8662,ambiguous_label,"5089,11846",,pending,not_verified
اسْتِغْراق,https://terminologyenc.com/ar/browse/term/6922,ambiguous_label,"8309,10338",,pending,not_verified
اسْتِغْفارٌ,https://terminologyenc.com/ar/browse/term/4707,ambiguous_label,"998,8310",998,pending,not_verified
اسْتِفْتَاءٌ,https://terminologyenc.com/ar/browse/term/75234,new_term,,,pending,not_verified
اسْتِفْراشٌ,https://terminologyenc.com/ar/browse/term/4708,new_term,,,pending,not_verified
اسْتِفْصالٌ,https://terminologyenc.com/ar/browse/term/4710,new_term,,,pending,not_verified
اسْتِفْهامٌ,https://terminologyenc.com/ar/browse/term/43338,new_term,,,pending,not_verified
اسْتِقْبالٌ,https://terminologyenc.com/ar/browse/term/4712,label_without_motion,11814,,pending,not_verified
اسْتِقْراءٌ,https://terminologyenc.com/ar/browse/term/1422,new_term,,,pending,not_verified
اسْتِقْراضٌ,https://terminologyenc.com/ar/browse/term/1423,new_term,,,pending,not_verified
اسْتِقْسامٌ,https://terminologyenc.com/ar/browse/term/4713,new_term,,,pending,not_verified
اسْتِلامٌ الحجر الأسود,https://terminologyenc.com/ar/browse/term/4715,new_term,,,pending,not_verified
اسْتِلْحاقٌ,https://terminologyenc.com/ar/browse/term/1428,new_term,,,pending,not_verified
استلقاء,https://terminologyenc.com/ar/browse/term/11406,label_without_motion,5090,,pending,not_verified
اِسْتِمْتاعٌ,https://terminologyenc.com/ar/browse/term/4724,new_term,,,pending,not_verified
اسْتِمْهالٌ,https://terminologyenc.com/ar/browse/term/4727,new_term,,,pending,not_verified
اسْتِنابَةٌ,https://terminologyenc.com/ar/browse/term/1431,new_term,,,pending,not_verified
اسْتِنادٌ,https://terminologyenc.com/ar/browse/term/1435,new_term,,,pending,not_verified
اسْتِنْبَاطٌ,https://terminologyenc.com/ar/browse/term/14777,new_term,,,pending,not_verified
اِسْتِنْباطٌ,https://terminologyenc.com/ar/browse/term/4728,new_term,,,pending,not_verified
اسْتِنْجَادٌ,https://terminologyenc.com/ar/browse/term/11407,label_without_motion,3800,,pending,not_verified
اِسْتِنْفارٌ,https://terminologyenc.com/ar/browse/term/4729,new_term,,,pending,not_verified
استنفار,https://terminologyenc.com/ar/browse/term/8332,new_term,,,pending,not_verified
اِسْتِنْكاحٌ,https://terminologyenc.com/ar/browse/term/4730,new_term,,,pending,not_verified
استهام,https://terminologyenc.com/ar/browse/term/11408,new_term,,,pending,not_verified
استواء,https://terminologyenc.com/ar/browse/term/43337,label_without_motion,1553,,pending,not_verified
اِسْتِيْثَاقٌ,https://terminologyenc.com/ar/browse/term/11409,new_term,,,pending,not_verified
اِسْتِئْذانٌ,https://terminologyenc.com/ar/browse/term/4731,new_term,,,pending,not_verified
اِسْتِئْسارٌ,https://terminologyenc.com/ar/browse/term/4732,new_term,,,pending,not_verified
اِسْتِيعابٌ,https://terminologyenc.com/ar/browse/term/4733,label_without_motion,8317,,pending,not_verified
اسْتِيفاءٌ,https://terminologyenc.com/ar/browse/term/4734,label_without_motion,9636,,pending,not_verified
اِسْتِيْفَازٌ,https://terminologyenc.com/ar/browse/term/11411,new_term,,,pending,not_verified
اسْتِئْناسٌ,https://terminologyenc.com/ar/browse/term/4735,new_term,,,pending,not_verified
اِسْتِئْنافٌ,https://terminologyenc.com/ar/browse/term/4736,new_term,,,pending,not_verified
"إسحاق بن إبراهيم , أبو يعقوب الخراساني",https://terminologyenc.com/ar/browse/term/38866,new_term,,,pending,not_verified
إسحاق بن إبراهيم بن مخلد الحنظلي التميمي,https://terminologyenc.com/ar/browse/term/38867,new_term,,,pending,not_verified
إسحاق بن إبراهيم بن ميمون ابن النَّدِيم التميمي,https://terminologyenc.com/ar/browse/term/38868,new_term,,,pending,not_verified
إسحاق بن أحمد السجزيّ، أو السجستاني,https://terminologyenc.com/ar/browse/term/38869,new_term,,,pending,not_verified
إسحاق بن علي بن يوسف بن تاشفين اللمتوني,https://terminologyenc.com/ar/browse/term/38870,new_term,,,pending,not_verified
إسحاق بن منصور بن بهرام الكوسج,https://terminologyenc.com/ar/browse/term/38871,new_term,,,pending,not_verified
إسحاقية,https://terminologyenc.com/ar/browse/term/8791,new_term,,,pending,not_verified
إسدال,https://terminologyenc.com/ar/browse/term/11413,label_with_motion,10624,10624,pending,not_verified
إسراء,https://terminologyenc.com/ar/browse/term/43336,label_without_motion,3802,,pending,not_verified
إِسْرَاعٌ,https://terminologyenc.com/ar/browse/term/11414,new_term,,,pending,not_verified
إِسْرَافٌ,https://terminologyenc.com/ar/browse/term/11415,label_without_motion,5095,,pending,not_verified
إِسْرَائِيلِيَات,https://terminologyenc.com/ar/browse/term/14881,new_term,,,pending,not_verified
أُسْرَةٌ,https://terminologyenc.com/ar/browse/term/4737,label_without_motion,8319,,pending,not_verified
أسعد بن محمد بن الحسين الكرابيسي,https://terminologyenc.com/ar/browse/term/38872,new_term,,,pending,not_verified
أسعد بن محمود بن خلف العجلي,https://terminologyenc.com/ar/browse/term/38873,new_term,,,pending,not_verified
إِسْفارٌ,https://terminologyenc.com/ar/browse/term/4738,new_term,,,pending,not_verified
أُسْقُفٌ,https://terminologyenc.com/ar/browse/term/11416,new_term,,,pending,not_verified
إِسْكافٌ,https://terminologyenc.com/ar/browse/term/11417,new_term,,,pending,not_verified
إِسْكَتانِ,https://terminologyenc.com/ar/browse/term/11418,new_term,,,pending,not_verified
اسم,https://terminologyenc.com/ar/browse/term/43617,label_with_motion,10626,10626,pending,not_verified
أسماء بنت أبي بكر الصديق,https://terminologyenc.com/ar/browse/term/38874,new_term,,,pending,not_verified
أسماء بنت النعمان الكندية,https://terminologyenc.com/ar/browse/term/38875,new_term,,,pending,not_verified
أسماء بنت عميس الخثعمية,https://terminologyenc.com/ar/browse/term/38876,new_term,,,pending,not_verified
أسماء بنت يزيد بن السكن الأنصارية,https://terminologyenc.com/ar/browse/term/38877,new_term,,,pending,not_verified
إسماعيل باشا بن إبراهيم بن محمد علي,https://terminologyenc.com/ar/browse/term/38878,new_term,,,pending,not_verified
إسماعيل بن إبراهيم الخليل بن آزر,https://terminologyenc.com/ar/browse/term/38879,new_term,,,pending,not_verified
إسماعيل بن إبراهيم بن مقسم الأسدي,https://terminologyenc.com/ar/browse/term/38880,new_term,,,pending,not_verified
إسماعيل بن أحمد بن إسماعيل بن إبراهيم باشا أدهم,https://terminologyenc.com/ar/browse/term/40096,new_term,,,pending,not_verified
إسماعيل بن إسماعيل الزين,https://terminologyenc.com/ar/browse/term/69896,new_term,,,pending,not_verified
إسماعيل بن القاسم القالي,https://terminologyenc.com/ar/browse/term/40094,new_term,,,pending,not_verified
إسماعيل بن حماد الجوهري,https://terminologyenc.com/ar/browse/term/38881,new_term,,,pending,not_verified
إسماعيل بن خلف المقرئ,https://terminologyenc.com/ar/browse/term/38882,new_term,,,pending,not_verified
إسماعيل بن عباد بن العباس,https://terminologyenc.com/ar/browse/term/40081,new_term,,,pending,not_verified
إسماعيل بن عبد الرحمن السدي الكبير,https://terminologyenc.com/ar/browse/term/38883,new_term,,,pending,not_verified
إسماعيل بن عبد الرحمن الصابوني,https://terminologyenc.com/ar/browse/term/38884,new_term,,,pending,not_verified
إسماعيل بن محمد الأصبهاني,https://terminologyenc.com/ar/browse/term/38885,new_term,,,pending,not_verified
إسماعيل بن محمد العجلوني,https://terminologyenc.com/ar/browse/term/38886,new_term,,,pending,not_verified
إسماعيل بن محمد بن ماحي السعدي الأنصاري,https://terminologyenc.com/ar/browse/term/69898,new_term,,,pending,not_verified
إسماعيل بن محمود بن زنكي,https://terminologyenc.com/ar/browse/term/38887,new_term,,,pending,not_verified
إسماعيل بن يحيى بن إسماعيل بن العباس,https://terminologyenc.com/ar/browse/term/38888,new_term,,,pending,not_verified
إسماعيل حقي بن مصطفى الإسلامبولي,https://terminologyenc.com/ar/browse/term/38889,new_term,,,pending,not_verified
إسماعيل راجي الفاروقي,https://terminologyenc.com/ar/browse/term/69897,new_term,,,pending,not_verified
إسماعيلية,https://terminologyenc.com/ar/browse/term/43616,new_term,,,pending,not_verified
إِسْنادٌ,https://terminologyenc.com/ar/browse/term/4739,label_without_motion,10628,,pending,not_verified
إسْنادٌ,https://terminologyenc.com/ar/browse/term/71777,label_without_motion,10628,,pending,not_verified
إِسْهامٌ,https://terminologyenc.com/ar/browse/term/4740,ambiguous_label,"3809,12406",,pending,not_verified
أَسْوارِيَّةٌ,https://terminologyenc.com/ar/browse/term/8793,new_term,,,pending,not_verified
آسِي,https://terminologyenc.com/ar/browse/term/5232,new_term,,,pending,not_verified
أسيد بن الحُضير بن سماك بن عتيك الأنصاري,https://terminologyenc.com/ar/browse/term/38891,new_term,,,pending,not_verified
أَسِيرٌ,https://terminologyenc.com/ar/browse/term/565,new_term,,,pending,not_verified
أشاعرة,https://terminologyenc.com/ar/browse/term/8794,new_term,,,pending,not_verified
اشتباه,https://terminologyenc.com/ar/browse/term/43618,ambiguous_label,"5097,11721",,pending,not_verified
اشْتِباهٌ,https://terminologyenc.com/ar/browse/term/4741,ambiguous_label,"5097,11721",,pending,not_verified
اشتباه,https://terminologyenc.com/ar/browse/term/8333,ambiguous_label,"5097,11721",,pending,not_verified
أَشْتَرُ,https://terminologyenc.com/ar/browse/term/11421,new_term,,,pending,not_verified
اشْتِقَاقٌ,https://terminologyenc.com/ar/browse/term/43615,new_term,,,pending,not_verified
اشْتِمَالٌ,https://terminologyenc.com/ar/browse/term/11422,new_term,,,pending,not_verified
اشْتِمالُ الصَّمَّاء,https://terminologyenc.com/ar/browse/term/6939,new_term,,,pending,not_verified
اشْتِهاء,https://terminologyenc.com/ar/browse/term/6920,new_term,,,pending,not_verified
أَشُدُّ,https://terminologyenc.com/ar/browse/term/11423,new_term,,,pending,not_verified
أَشْدَقُ,https://terminologyenc.com/ar/browse/term/11424,new_term,,,pending,not_verified
إشراق,https://terminologyenc.com/ar/browse/term/11425,new_term,,,pending,not_verified
أَشْرِبَةٌ,https://terminologyenc.com/ar/browse/term/569,new_term,,,pending,not_verified
أشْفارٌ,https://terminologyenc.com/ar/browse/term/11427,new_term,,,pending,not_verified
إشفى,https://terminologyenc.com/ar/browse/term/11426,new_term,,,pending,not_verified
أَشقاصٌ,https://terminologyenc.com/ar/browse/term/11428,new_term,,,pending,not_verified
اِشْمِئْزازٌ,https://terminologyenc.com/ar/browse/term/38377,new_term,,,pending,not_verified
أَشْنَان,https://terminologyenc.com/ar/browse/term/11430,new_term,,,pending,not_verified
أشهب بن عبد العزيز بن داود,https://terminologyenc.com/ar/browse/term/38892,new_term,,,pending,not_verified
إِصَابةٌ,https://terminologyenc.com/ar/browse/term/11431,ambiguous_label,"1559,5716,12158,12407","1559,12158",pending,not_verified
إِصْبَعٌ,https://terminologyenc.com/ar/browse/term/4742,new_term,,,pending,not_verified
أصحاب الصفة,https://terminologyenc.com/ar/browse/term/8795,new_term,,,pending,not_verified
أصحاب العدل والتوحيد,https://terminologyenc.com/ar/browse/term/8796,new_term,,,pending,not_verified
أصحابُ الفرائضِ,https://terminologyenc.com/ar/browse/term/11432,new_term,,,pending,not_verified
أصحابُ المسائلِ,https://terminologyenc.com/ar/browse/term/11433,new_term,,,pending,not_verified
أَصْدَفُ,https://terminologyenc.com/ar/browse/term/11434,new_term,,,pending,not_verified
إِصْرارٌ,https://terminologyenc.com/ar/browse/term/6919,ambiguous_label,"5098,8328",,pending,not_verified
اصطباغ,https://terminologyenc.com/ar/browse/term/11435,new_term,,,pending,not_verified
إصْطَبْل,https://terminologyenc.com/ar/browse/term/11436,new_term,,,pending,not_verified
اِصْطِدَامٌ,https://terminologyenc.com/ar/browse/term/11437,new_term,,,pending,not_verified
اصطفاء,https://terminologyenc.com/ar/browse/term/8797,label_without_motion,11356,,pending,not_verified
اصْطِلاَحٌ,https://terminologyenc.com/ar/browse/term/75236,new_term,,,pending,not_verified
اِصْطِلامٌ,https://terminologyenc.com/ar/browse/term/11438,new_term,,,pending,not_verified
إصغاء,https://terminologyenc.com/ar/browse/term/11439,label_without_motion,10631,,pending,not_verified
أصفاد,https://terminologyenc.com/ar/browse/term/11440,new_term,,,pending,not_verified
أَصَكُّ,https://terminologyenc.com/ar/browse/term/11441,new_term,,,pending,not_verified
أَصْلٌ,https://terminologyenc.com/ar/browse/term/8334,label_with_motion,11334,11334,pending,not_verified
إِصْلاحٌ,https://terminologyenc.com/ar/browse/term/8664,label_with_motion,1562,1562,pending,not_verified
أصنام,https://terminologyenc.com/ar/browse/term/11442,label_without_motion,1004,,pending,not_verified
أصهب,https://terminologyenc.com/ar/browse/term/11443,new_term,,,pending,not_verified
أُصُولُ التَّفْسِيرِ,https://terminologyenc.com/ar/browse/term/14779,new_term,,,pending,not_verified
أصول الدين,https://terminologyenc.com/ar/browse/term/11444,new_term,,,pending,not_verified
أُصُولُ الفِقْهِ,https://terminologyenc.com/ar/browse/term/75237,new_term,,,pending,not_verified
أصيل,https://terminologyenc.com/ar/browse/term/11445,new_term,,,pending,not_verified
أَصِيلٌ,https://terminologyenc.com/ar/browse/term/4743,new_term,,,pending,not_verified
أَصِيلٌ - ذمة الأصيل,https://terminologyenc.com/ar/browse/term/8335,new_term,,,pending,not_verified
إِضَافَة,https://terminologyenc.com/ar/browse/term/8749,ambiguous_label,"1405,11335,12606",1405,pending,not_verified
إِضْجاعٌ,https://terminologyenc.com/ar/browse/term/6918,new_term,,,pending,not_verified
أُضْحِيَّةٌ,https://terminologyenc.com/ar/browse/term/4057,label_without_motion,10634,,pending,not_verified
إضْراب,https://terminologyenc.com/ar/browse/term/6917,new_term,,,pending,not_verified
اضْطِباعٌ,https://terminologyenc.com/ar/browse/term/4744,new_term,,,pending,not_verified
اضْطِجاعٌ,https://terminologyenc.com/ar/browse/term/108,new_term,,,pending,not_verified
اضْطِرَارٌ,https://terminologyenc.com/ar/browse/term/12834,new_term,,,pending,not_verified
إطراء,https://terminologyenc.com/ar/browse/term/43623,new_term,,,pending,not_verified
اطِّراد,https://terminologyenc.com/ar/browse/term/8750,new_term,,,pending,not_verified
أَطْرافٌ,https://terminologyenc.com/ar/browse/term/121,new_term,,,pending,not_verified
أَطْعِمَةٌ,https://terminologyenc.com/ar/browse/term/4058,new_term,,,pending,not_verified
إطْلاق,https://terminologyenc.com/ar/browse/term/8751,new_term,,,pending,not_verified
إطْلَاقُ البَصَر,https://terminologyenc.com/ar/browse/term/72411,label_without_motion,1005,,pending,not_verified
أظافر,https://terminologyenc.com/ar/browse/term/8627,new_term,,,pending,not_verified
أَظْفارٌ,https://terminologyenc.com/ar/browse/term/615,new_term,,,pending,not_verified
إِظْهَارٌ,https://terminologyenc.com/ar/browse/term/14879,label_without_motion,9637,,pending,not_verified
إِظْهارٌ,https://terminologyenc.com/ar/browse/term/8826,label_without_motion,9637,,pending,not_verified
إعادة,https://terminologyenc.com/ar/browse/term/8798,label_without_motion,5297,,pending,not_verified
إعانَة,https://terminologyenc.com/ar/browse/term/8827,new_term,,,pending,not_verified
اعْتِبارٌ,https://terminologyenc.com/ar/browse/term/8828,label_without_motion,1006,,pending,not_verified
اعْتِجار,https://terminologyenc.com/ar/browse/term/8829,new_term,,,pending,not_verified
اعْتِداء,https://terminologyenc.com/ar/browse/term/8830,ambiguous_label,"1007,12564",1007,pending,not_verified
اعتذار,https://terminologyenc.com/ar/browse/term/11446,label_without_motion,8336,,pending,not_verified
اعتراض,https://terminologyenc.com/ar/browse/term/11447,label_with_motion,5103,5103,pending,not_verified
اعْتِصار,https://terminologyenc.com/ar/browse/term/8831,new_term,,,pending,not_verified
اِعْتِصامٌ,https://terminologyenc.com/ar/browse/term/43622,label_without_motion,1008,,pending,not_verified
اعْتِقاد,https://terminologyenc.com/ar/browse/term/6956,new_term,,,pending,not_verified
اعْتِياض,https://terminologyenc.com/ar/browse/term/8832,new_term,,,pending,not_verified
إعجاز القرآن الكريم,https://terminologyenc.com/ar/browse/term/8799,new_term,,,pending,not_verified
أَعْجَفُ,https://terminologyenc.com/ar/browse/term/11448,new_term,,,pending,not_verified
أَعْجَمِيٌّ,https://terminologyenc.com/ar/browse/term/146,new_term,,,pending,not_verified
إِعْداءٌ,https://terminologyenc.com/ar/browse/term/11450,new_term,,,pending,not_verified
أعْدامُ أَزَلِيَّةٌ,https://terminologyenc.com/ar/browse/term/8800,new_term,,,pending,not_verified
إعْذار,https://terminologyenc.com/ar/browse/term/8833,new_term,,,pending,not_verified
إِعْرَاءٌ,https://terminologyenc.com/ar/browse/term/11451,new_term,,,pending,not_verified
أَعْرابٌ,https://terminologyenc.com/ar/browse/term/177,label_without_motion,8338,,pending,not_verified
إِعْرَاضٌ,https://terminologyenc.com/ar/browse/term/11452,ambiguous_label,"1011,1045",,pending,not_verified
أَعْرَج,https://terminologyenc.com/ar/browse/term/6909,new_term,,,pending,not_verified
أَعْزَلُ,https://terminologyenc.com/ar/browse/term/11453,new_term,,,pending,not_verified
إعْسار,https://terminologyenc.com/ar/browse/term/6908,new_term,,,pending,not_verified
أَعْشَى,https://terminologyenc.com/ar/browse/term/11454,new_term,,,pending,not_verified
أَعْضاءٌ,https://terminologyenc.com/ar/browse/term/178,new_term,,,pending,not_verified
إعطاء,https://terminologyenc.com/ar/browse/term/11455,new_term,,,pending,not_verified
أَعْطَانٌ,https://terminologyenc.com/ar/browse/term/11456,new_term,,,pending,not_verified
إِعْفَاءٌ,https://terminologyenc.com/ar/browse/term/11457,label_without_motion,3817,,pending,not_verified
إِعْفافٌ,https://terminologyenc.com/ar/browse/term/8834,new_term,,,pending,not_verified
إعْلام,https://terminologyenc.com/ar/browse/term/8835,label_without_motion,9944,,pending,not_verified
أَعْلامُ الحَرَمِ,https://terminologyenc.com/ar/browse/term/179,new_term,,,pending,not_verified
أعْمى,https://terminologyenc.com/ar/browse/term/6907,new_term,,,pending,not_verified
إعنات,https://terminologyenc.com/ar/browse/term/11458,new_term,,,pending,not_verified
إعواز,https://terminologyenc.com/ar/browse/term/11460,new_term,,,pending,not_verified
أعْوان,https://terminologyenc.com/ar/browse/term/8838,new_term,,,pending,not_verified
أَعْوانُ القاضِي,https://terminologyenc.com/ar/browse/term/11461,new_term,,,pending,not_verified
اعْوِجَاجٌ,https://terminologyenc.com/ar/browse/term/11462,label_without_motion,1047,,pending,not_verified
أعْوَر,https://terminologyenc.com/ar/browse/term/6906,new_term,,,pending,not_verified
أعْيَانٌ,https://terminologyenc.com/ar/browse/term/8839,new_term,,,pending,not_verified
إِغاثَةٌ,https://terminologyenc.com/ar/browse/term/8840,ambiguous_label,"3818,11538",3818,pending,not_verified
إِغارَةٌ,https://terminologyenc.com/ar/browse/term/180,new_term,,,pending,not_verified
أَغْبَرُ,https://terminologyenc.com/ar/browse/term/11463,new_term,,,pending,not_verified
اِغْتِصابٌ,https://terminologyenc.com/ar/browse/term/11464,new_term,,,pending,not_verified
اغْتِيال,https://terminologyenc.com/ar/browse/term/8841,new_term,,,pending,not_verified
إغراء,https://terminologyenc.com/ar/browse/term/11465,new_term,,,pending,not_verified
أَغْراضٌ,https://terminologyenc.com/ar/browse/term/8802,new_term,,,pending,not_verified
إغزاء,https://terminologyenc.com/ar/browse/term/11466,new_term,,,pending,not_verified
إِغْفاءٌ,https://terminologyenc.com/ar/browse/term/11467,new_term,,,pending,not_verified
إغْلاقٌ,https://terminologyenc.com/ar/browse/term/3634,label_with_motion,1566,1566,pending,not_verified
إغلال,https://terminologyenc.com/ar/browse/term/11468,new_term,,,pending,not_verified
أَغْلَفُ,https://terminologyenc.com/ar/browse/term/11469,new_term,,,pending,not_verified
إغْماءٌ,https://terminologyenc.com/ar/browse/term/1442,label_without_motion,1012,,pending,not_verified
إِغْمَاضٌ,https://terminologyenc.com/ar/browse/term/11470,label_without_motion,8340,,pending,not_verified
إفاضة,https://terminologyenc.com/ar/browse/term/72426,new_term,,,pending,not_verified
إِفاقَةٌ,https://terminologyenc.com/ar/browse/term/1543,new_term,,,pending,not_verified
آفاقِيٌّ,https://terminologyenc.com/ar/browse/term/5234,new_term,,,pending,not_verified
إفتاء,https://terminologyenc.com/ar/browse/term/71835,new_term,,,pending,not_verified
اِفْتِرَاءٌ,https://terminologyenc.com/ar/browse/term/71771,label_without_motion,1015,,pending,not_verified
افتراء,https://terminologyenc.com/ar/browse/term/8803,label_without_motion,1015,,pending,not_verified
افْتِراشٌ,https://terminologyenc.com/ar/browse/term/181,new_term,,,pending,not_verified
افتراق,https://terminologyenc.com/ar/browse/term/71836,new_term,,,pending,not_verified
افْتِضاضٌ,https://terminologyenc.com/ar/browse/term/1557,new_term,,,pending,not_verified
اِفْتِكَاكٌ,https://terminologyenc.com/ar/browse/term/11471,new_term,,,pending,not_verified
افْتِيَاتٌ,https://terminologyenc.com/ar/browse/term/71837,new_term,,,pending,not_verified
أَفْجَجُ,https://terminologyenc.com/ar/browse/term/11472,new_term,,,pending,not_verified
إِفْراءٌ,https://terminologyenc.com/ar/browse/term/11473,new_term,,,pending,not_verified
إِفْرازٌ,https://terminologyenc.com/ar/browse/term/182,label_without_motion,1568,,pending,not_verified
إفراط,https://terminologyenc.com/ar/browse/term/11475,label_without_motion,1016,,pending,not_verified
إِفْراغٌ,https://terminologyenc.com/ar/browse/term/11474,label_without_motion,11340,,pending,not_verified
إِفْشاءُ السَّلامِ,https://terminologyenc.com/ar/browse/term/16763,label_without_motion,1017,,pending,not_verified
إفْطارٌ,https://terminologyenc.com/ar/browse/term/183,ambiguous_label,"12160,12409",,pending,not_verified
أفعال العباد,https://terminologyenc.com/ar/browse/term/10338,new_term,,,pending,not_verified
أَفْعَالُ الـمُكَلَّفِينَ,https://terminologyenc.com/ar/browse/term/75238,new_term,,,pending,not_verified
أفق,https://terminologyenc.com/ar/browse/term/10339,label_with_motion,9946,9946,pending,not_verified
إِفْكٌ,https://terminologyenc.com/ar/browse/term/244,new_term,,,pending,not_verified
آفَةٌ,https://terminologyenc.com/ar/browse/term/5235,new_term,,,pending,not_verified
أفول,https://terminologyenc.com/ar/browse/term/10341,new_term,,,pending,not_verified
أقارِب,https://terminologyenc.com/ar/browse/term/8847,ambiguous_label,"12161,12410",,pending,not_verified
إِقالَةٌ,https://terminologyenc.com/ar/browse/term/71824,new_term,,,pending,not_verified
إِقامَةٌ,https://terminologyenc.com/ar/browse/term/1564,label_without_motion,5110,,pending,not_verified
إِقامَةُ الشَّهادَةِ,https://terminologyenc.com/ar/browse/term/16772,new_term,,,pending,not_verified
اقتباس,https://terminologyenc.com/ar/browse/term/14952,label_without_motion,9639,,pending,not_verified
اقْتِباسٌ,https://terminologyenc.com/ar/browse/term/245,label_without_motion,9639,,pending,not_verified
اقتداء,https://terminologyenc.com/ar/browse/term/71823,label_with_motion,10642,10642,pending,not_verified
اِقْتِرانٌ,https://terminologyenc.com/ar/browse/term/43620,label_with_motion,1570,1570,pending,not_verified
اقتصاد,https://terminologyenc.com/ar/browse/term/43621,label_without_motion,10643,,pending,not_verified
اقْتِصَارٌ,https://terminologyenc.com/ar/browse/term/71825,new_term,,,pending,not_verified
اِقْتِضَاءٌ,https://terminologyenc.com/ar/browse/term/71826,new_term,,,pending,not_verified
اقْتِياتٌ,https://terminologyenc.com/ar/browse/term/246,new_term,,,pending,not_verified
إِقْراءٌ,https://terminologyenc.com/ar/browse/term/247,new_term,,,pending,not_verified
إِقْرارٌ,https://terminologyenc.com/ar/browse/term/248,new_term,,,pending,not_verified
إِقْراضٌ,https://terminologyenc.com/ar/browse/term/249,label_without_motion,10644,,pending,not_verified
إِقْرَاعٌ,https://terminologyenc.com/ar/browse/term/8336,new_term,,,pending,not_verified
إِقْراعٌ - يحذف,https://terminologyenc.com/ar/browse/term/250,new_term,,,pending,not_verified
أَقْسَامُ القُرْآنِ,https://terminologyenc.com/ar/browse/term/14789,new_term,,,pending,not_verified
أقطع,https://terminologyenc.com/ar/browse/term/71878,new_term,,,pending,not_verified
إقْلابٌ,https://terminologyenc.com/ar/browse/term/14880,new_term,,,pending,not_verified
اكْتِحالٌ,https://terminologyenc.com/ar/browse/term/251,new_term,,,pending,not_verified
اكْتِسابٌ,https://terminologyenc.com/ar/browse/term/252,label_without_motion,10645,,pending,not_verified
أكثم بن صيفي بن رياح بن الحارث التميمي,https://terminologyenc.com/ar/browse/term/38383,new_term,,,pending,not_verified
إِكْراهٌ,https://terminologyenc.com/ar/browse/term/645,new_term,,,pending,not_verified
إِكْسالٌ,https://terminologyenc.com/ar/browse/term/542,new_term,,,pending,not_verified
إكسال,https://terminologyenc.com/ar/browse/term/8337,new_term,,,pending,not_verified
أَكْلُ الحَرَامِ,https://terminologyenc.com/ar/browse/term/71881,label_without_motion,1018,,pending,not_verified
أَكْلُ الطَّيِّباتِ,https://terminologyenc.com/ar/browse/term/16768,label_without_motion,1019,,pending,not_verified
أَكِلَةٌ,https://terminologyenc.com/ar/browse/term/543,new_term,,,pending,not_verified
أَكَمَةٌ,https://terminologyenc.com/ar/browse/term/5236,new_term,,,pending,not_verified
أَكُولَة,https://terminologyenc.com/ar/browse/term/8849,new_term,,,pending,not_verified
آلٌ,https://terminologyenc.com/ar/browse/term/5237,label_without_motion,6,,pending,not_verified
آل طسم,https://terminologyenc.com/ar/browse/term/14791,new_term,,,pending,not_verified
الأَبْطَح,https://terminologyenc.com/ar/browse/term/75884,new_term,,,pending,not_verified
الأَبْوَاء,https://terminologyenc.com/ar/browse/term/75885,new_term,,,pending,not_verified
الاتِّحادُ الخاصُّ,https://terminologyenc.com/ar/browse/term/42681,new_term,,,pending,not_verified
الاتٍّحَادُ العَامُ,https://terminologyenc.com/ar/browse/term/42677,new_term,,,pending,not_verified
الإتيان والمجيء,https://terminologyenc.com/ar/browse/term/181132,new_term,,,pending,not_verified
الأَحَد,https://terminologyenc.com/ar/browse/term/176551,label_without_motion,9557,,pending,not_verified
الأَحْرُفُ السَّبْعَةُ,https://terminologyenc.com/ar/browse/term/14769,new_term,,,pending,not_verified
الإِحْسان,https://terminologyenc.com/ar/browse/term/16770,new_term,,,pending,not_verified
الإحسان,https://terminologyenc.com/ar/browse/term/181667,new_term,,,pending,not_verified
الأَحْقَاف,https://terminologyenc.com/ar/browse/term/75844,new_term,,,pending,not_verified
الأحنف بن قيس,https://terminologyenc.com/ar/browse/term/38863,new_term,,,pending,not_verified
الأُخْدُود,https://terminologyenc.com/ar/browse/term/75845,new_term,,,pending,not_verified
الآخِر,https://terminologyenc.com/ar/browse/term/176563,new_term,,,pending,not_verified
الآخَران,https://terminologyenc.com/ar/browse/term/5226,new_term,,,pending,not_verified
الاستفهام,https://terminologyenc.com/ar/browse/term/11405,new_term,,,pending,not_verified
الاستهزاء بالكافرين,https://terminologyenc.com/ar/browse/term/181668,new_term,,,pending,not_verified
الاستواء,https://terminologyenc.com/ar/browse/term/181069,new_term,,,pending,not_verified
الاستيجار,https://terminologyenc.com/ar/browse/term/11410,new_term,,,pending,not_verified
الأَسَف,https://terminologyenc.com/ar/browse/term/181472,new_term,,,pending,not_verified
الإسلام,https://terminologyenc.com/ar/browse/term/43613,label_without_motion,1041,,pending,not_verified
الأسود بن يزيد بن قيس النخعي,https://terminologyenc.com/ar/browse/term/38893,new_term,,,pending,not_verified
الأُسْوةُ الحَسَنَةُ,https://terminologyenc.com/ar/browse/term/16725,new_term,,,pending,not_verified
الأَشْبَاهُ وَالنَّظَائِرُ,https://terminologyenc.com/ar/browse/term/14778,new_term,,,pending,not_verified
الأشعث بن قيس بن معدي كرب الكندي,https://terminologyenc.com/ar/browse/term/38894,new_term,,,pending,not_verified
الأشل,https://terminologyenc.com/ar/browse/term/11429,new_term,,,pending,not_verified
الأصابع,https://terminologyenc.com/ar/browse/term/181758,new_term,,,pending,not_verified
الإصرار على الذنب,https://terminologyenc.com/ar/browse/term/72415,new_term,,,pending,not_verified
الاعتراف بالفضل,https://terminologyenc.com/ar/browse/term/16736,new_term,,,pending,not_verified
الإعجازُ العَدَديُّ,https://terminologyenc.com/ar/browse/term/14782,new_term,,,pending,not_verified
الإعجازُ العلميُّ,https://terminologyenc.com/ar/browse/term/14783,new_term,,,pending,not_verified
الإعجاز الغَيْبي,https://terminologyenc.com/ar/browse/term/14784,new_term,,,pending,not_verified
الإِعْجَاز اللُّغَوِي,https://terminologyenc.com/ar/browse/term/14785,new_term,,,pending,not_verified
الأَعْلَى,https://terminologyenc.com/ar/browse/term/176555,label_without_motion,5773,,pending,not_verified
الْأَعْمَاق,https://terminologyenc.com/ar/browse/term/76056,new_term,,,pending,not_verified
الأقرع بن حابس بن عقال المجاشعي,https://terminologyenc.com/ar/browse/term/38384,new_term,,,pending,not_verified
الأَكْرَم,https://terminologyenc.com/ar/browse/term/177153,new_term,,,pending,not_verified
الإلحاد في آيات الله,https://terminologyenc.com/ar/browse/term/43619,new_term,,,pending,not_verified
الإِلَه,https://terminologyenc.com/ar/browse/term/176762,new_term,,,pending,not_verified
الإلهيّة والأُلوهيّة,https://terminologyenc.com/ar/browse/term/181071,new_term,,,pending,not_verified
الآن,https://terminologyenc.com/ar/browse/term/5244,new_term,,,pending,not_verified
الانتقام من المجرمين,https://terminologyenc.com/ar/browse/term/181669,new_term,,,pending,not_verified
الآنية,https://terminologyenc.com/ar/browse/term/8629,new_term,,,pending,not_verified
الأَهْوَاز,https://terminologyenc.com/ar/browse/term/75887,new_term,,,pending,not_verified
الأَوَّل,https://terminologyenc.com/ar/browse/term/176580,ambiguous_label,"6065,8354,12411",6065,pending,not_verified
الآيَاتُ المُتَشَابِهَةُ,https://terminologyenc.com/ar/browse/term/14800,new_term,,,pending,not_verified
الآيَاتُ المُحْكَمَةُ,https://terminologyenc.com/ar/browse/term/14801,new_term,,,pending,not_verified
الأَيْكَة,https://terminologyenc.com/ar/browse/term/75847,new_term,,,pending,not_verified
الإيمان,https://terminologyenc.com/ar/browse/term/46045,label_with_motion,1062,1062,pending,not_verified
الإيمان المطلق,https://terminologyenc.com/ar/browse/term/46041,new_term,,,pending,not_verified
الإيمان بالأنبِياء والرُّسل,https://terminologyenc.com/ar/browse/term/7250,new_term,,,pending,not_verified
الإيمان بالحوض,https://terminologyenc.com/ar/browse/term/10355,new_term,,,pending,not_verified
الإيمان بالرسل,https://terminologyenc.com/ar/browse/term/10356,ambiguous_label,"215,11856",,pending,not_verified
الإيمان بالقدر,https://terminologyenc.com/ar/browse/term/10362,new_term,,,pending,not_verified
الإيمان بالكتب,https://terminologyenc.com/ar/browse/term/10357,label_without_motion,11858,,pending,not_verified
الإيمان بالملائكة,https://terminologyenc.com/ar/browse/term/10359,label_without_motion,11860,,pending,not_verified
الإيمان بالميزان,https://terminologyenc.com/ar/browse/term/10360,new_term,,,pending,not_verified
البَارِئ,https://terminologyenc.com/ar/browse/term/176594,new_term,,,pending,not_verified
البَاسِط,https://terminologyenc.com/ar/browse/term/176589,new_term,,,pending,not_verified
البَاطِن,https://terminologyenc.com/ar/browse/term/176707,label_without_motion,11862,,pending,not_verified
البَحْرَيْن,https://terminologyenc.com/ar/browse/term/75888,label_without_motion,10163,,pending,not_verified
البَدِيْع,https://terminologyenc.com/ar/browse/term/176917,new_term,,,pending,not_verified
البَرّ,https://terminologyenc.com/ar/browse/term/176703,label_with_motion,11863,11863,pending,not_verified
البراء بن عازب بن الحارث الخزرجي,https://terminologyenc.com/ar/browse/term/38393,new_term,,,pending,not_verified
البراء بن مالك بن النضر بن ضمضم,https://terminologyenc.com/ar/browse/term/38394,new_term,,,pending,not_verified
البراء بن معرور بن صخر الخزرجي,https://terminologyenc.com/ar/browse/term/38395,new_term,,,pending,not_verified
البسط,https://terminologyenc.com/ar/browse/term/181760,new_term,,,pending,not_verified
أَلْبِسَةٌ,https://terminologyenc.com/ar/browse/term/769,new_term,,,pending,not_verified
البسوس بنت منقذ,https://terminologyenc.com/ar/browse/term/40102,new_term,,,pending,not_verified
البَصْرَة,https://terminologyenc.com/ar/browse/term/75889,new_term,,,pending,not_verified
البَصِيْر,https://terminologyenc.com/ar/browse/term/176592,new_term,,,pending,not_verified
البَطْحَاء,https://terminologyenc.com/ar/browse/term/75890,new_term,,,pending,not_verified
البطش,https://terminologyenc.com/ar/browse/term/181719,new_term,,,pending,not_verified
البغض,https://terminologyenc.com/ar/browse/term/181752,label_without_motion,1069,,pending,not_verified
الْبَقِيع,https://terminologyenc.com/ar/browse/term/75891,new_term,,,pending,not_verified
البَلَاط,https://terminologyenc.com/ar/browse/term/76058,new_term,,,pending,not_verified
البُوَيْرَة,https://terminologyenc.com/ar/browse/term/75892,new_term,,,pending,not_verified
التَّجَلِّي,https://terminologyenc.com/ar/browse/term/181089,new_term,,,pending,not_verified
التَّشَبُّهُ بِالكُفَّارِ,https://terminologyenc.com/ar/browse/term/46082,new_term,,,pending,not_verified
اِلْتِفاتٌ,https://terminologyenc.com/ar/browse/term/768,label_without_motion,10647,,pending,not_verified
التَّقرُّبُ والْقُرْبُ والدُّنُو,https://terminologyenc.com/ar/browse/term/181754,new_term,,,pending,not_verified
التَّنْعِيم,https://terminologyenc.com/ar/browse/term/75894,new_term,,,pending,not_verified
التَّوَّاب,https://terminologyenc.com/ar/browse/term/176702,new_term,,,pending,not_verified
أَلْثَغُ,https://terminologyenc.com/ar/browse/term/4061,new_term,,,pending,not_verified
الثَّنِيَّة السُّفْلَى,https://terminologyenc.com/ar/browse/term/75895,new_term,,,pending,not_verified
الثَّنِيَّة العُلْيَا,https://terminologyenc.com/ar/browse/term/75896,new_term,,,pending,not_verified
الجَابِيَة,https://terminologyenc.com/ar/browse/term/76060,new_term,,,pending,not_verified
الجَبَّار,https://terminologyenc.com/ar/browse/term/176546,new_term,,,pending,not_verified
الجُحْفَة,https://terminologyenc.com/ar/browse/term/75897,new_term,,,pending,not_verified
الجُرْف,https://terminologyenc.com/ar/browse/term/75898,new_term,,,pending,not_verified
الجِعْرَانَة,https://terminologyenc.com/ar/browse/term/75899,new_term,,,pending,not_verified
الجَمَرَات,https://terminologyenc.com/ar/browse/term/75900,label_without_motion,8361,,pending,not_verified
الجَمِيْل,https://terminologyenc.com/ar/browse/term/176758,new_term,,,pending,not_verified
الجنة,https://terminologyenc.com/ar/browse/term/10674,label_with_motion,238,238,pending,not_verified
الجَوَاد,https://terminologyenc.com/ar/browse/term/176757,new_term,,,pending,not_verified
الْجُوْد,https://terminologyenc.com/ar/browse/term/16737,label_without_motion,1137,,pending,not_verified
الجُودِيّ,https://terminologyenc.com/ar/browse/term/75864,new_term,,,pending,not_verified
الجَوْف,https://terminologyenc.com/ar/browse/term/75901,new_term,,,pending,not_verified
الْجَوْهَر الْفَرد,https://terminologyenc.com/ar/browse/term/71764,new_term,,,pending,not_verified
إِلْحادٌ,https://terminologyenc.com/ar/browse/term/43625,new_term,,,pending,not_verified
الحارث بن أسد المحاسبي,https://terminologyenc.com/ar/browse/term/38433,new_term,,,pending,not_verified
الحارث بن نوفل بن الحارث بن عبد المطلب,https://terminologyenc.com/ar/browse/term/38434,new_term,,,pending,not_verified
الحارث بن هشام,https://terminologyenc.com/ar/browse/term/17518,new_term,,,pending,not_verified
الحارث بن هشام بن المغيرة المخزومي,https://terminologyenc.com/ar/browse/term/38435,new_term,,,pending,not_verified
إِلْحاقٌ,https://terminologyenc.com/ar/browse/term/785,label_without_motion,9645,,pending,not_verified
الحباب بن المنذر بن الجموح,https://terminologyenc.com/ar/browse/term/38436,new_term,,,pending,not_verified
الحَبَشَة,https://terminologyenc.com/ar/browse/term/75902,new_term,,,pending,not_verified
الحجاج بن يوسف بن الحكم الثقفي,https://terminologyenc.com/ar/browse/term/38437,new_term,,,pending,not_verified
الحِجْر,https://terminologyenc.com/ar/browse/term/75838,new_term,,,pending,not_verified
الحَجَرُ الأَسْوَدُ,https://terminologyenc.com/ar/browse/term/781,label_without_motion,1396,,pending,not_verified
الحُجُون,https://terminologyenc.com/ar/browse/term/75904,new_term,,,pending,not_verified
الحُدَيْبِيَة,https://terminologyenc.com/ar/browse/term/75903,new_term,,,pending,not_verified
الحديث الشَّاذٌّ,https://terminologyenc.com/ar/browse/term/71808,new_term,,,pending,not_verified
الحَدِيثُ القُدسِيّ,https://terminologyenc.com/ar/browse/term/71791,new_term,,,pending,not_verified
الحديث المنكر,https://terminologyenc.com/ar/browse/term/71855,new_term,,,pending,not_verified
الحسن أو الحسين بن يوسف ابن المُطَهَّر الحِلِّي الشيعي,https://terminologyenc.com/ar/browse/term/38453,new_term,,,pending,not_verified
الحسن بن أحمد بن عبد الله بن البنا,https://terminologyenc.com/ar/browse/term/38448,new_term,,,pending,not_verified
الحسن بن أحمد بن يزيد الاصطخري,https://terminologyenc.com/ar/browse/term/38447,new_term,,,pending,not_verified
الحسن بن الحسين بن أبي هريرة,https://terminologyenc.com/ar/browse/term/38449,new_term,,,pending,not_verified
الحسن بن عبد الله بن سهل العسكري,https://terminologyenc.com/ar/browse/term/40123,new_term,,,pending,not_verified
الحسن بن علي بن أبي طالب,https://terminologyenc.com/ar/browse/term/38450,label_without_motion,242,,pending,not_verified
الحسن بن علي بن خلف البربهاري,https://terminologyenc.com/ar/browse/term/38451,new_term,,,pending,not_verified
الحسن بن موسى بن الحسن بن محمد,https://terminologyenc.com/ar/browse/term/40119,new_term,,,pending,not_verified
الحسن بن يسار البصري,https://terminologyenc.com/ar/browse/term/38452,new_term,,,pending,not_verified
الحَسَنُ لِذاتِهِ,https://terminologyenc.com/ar/browse/term/71793,new_term,,,pending,not_verified
الحَسَنُ لِغَيْرِهِ,https://terminologyenc.com/ar/browse/term/71794,new_term,,,pending,not_verified
الحَسِيْب,https://terminologyenc.com/ar/browse/term/177126,new_term,,,pending,not_verified
الحسين بن عبد الله بن سينا,https://terminologyenc.com/ar/browse/term/40120,new_term,,,pending,not_verified
الحسين بن علي بن أبي طالب,https://terminologyenc.com/ar/browse/term/38454,label_without_motion,244,,pending,not_verified
الحسين بن علي بن يزيد,https://terminologyenc.com/ar/browse/term/38455,new_term,,,pending,not_verified
الحسين بن علي بن يزيد الكرابيسي,https://terminologyenc.com/ar/browse/term/38456,new_term,,,pending,not_verified
الحسين بن محمد بن المفضل,https://terminologyenc.com/ar/browse/term/40121,new_term,,,pending,not_verified
الحسين بن منصور الحلاج,https://terminologyenc.com/ar/browse/term/40122,new_term,,,pending,not_verified
الحَفْيَاء,https://terminologyenc.com/ar/browse/term/75907,new_term,,,pending,not_verified
الحَفِيْظ,https://terminologyenc.com/ar/browse/term/176899,new_term,,,pending,not_verified
الحَقّ,https://terminologyenc.com/ar/browse/term/176898,label_without_motion,5113,,pending,not_verified
الحَكَم,https://terminologyenc.com/ar/browse/term/176947,new_term,,,pending,not_verified
الْحَكْمُ بِمَا أَنْزَلَ اللهُ,https://terminologyenc.com/ar/browse/term/65248,new_term,,,pending,not_verified
الحَكِيْم,https://terminologyenc.com/ar/browse/term/176609,new_term,,,pending,not_verified
الحَلِيْم,https://terminologyenc.com/ar/browse/term/176706,new_term,,,pending,not_verified
الحَمِيْد,https://terminologyenc.com/ar/browse/term/177162,new_term,,,pending,not_verified
الحنان,https://terminologyenc.com/ar/browse/term/181673,label_without_motion,1157,,pending,not_verified
الـحَوَامِيمُ,https://terminologyenc.com/ar/browse/term/14829,new_term,,,pending,not_verified
الحَيّ,https://terminologyenc.com/ar/browse/term/176913,new_term,,,pending,not_verified
الحياء,https://terminologyenc.com/ar/browse/term/181092,label_without_motion,1158,,pending,not_verified
الحياة,https://terminologyenc.com/ar/browse/term/181131,new_term,,,pending,not_verified
الحِيرَة,https://terminologyenc.com/ar/browse/term/75908,new_term,,,pending,not_verified
الحَيِيّ,https://terminologyenc.com/ar/browse/term/176814,new_term,,,pending,not_verified
الخَالِق,https://terminologyenc.com/ar/browse/term/176701,new_term,,,pending,not_verified
الخَبِيْر,https://terminologyenc.com/ar/browse/term/176769,new_term,,,pending,not_verified
الخضر,https://terminologyenc.com/ar/browse/term/10694,new_term,,,pending,not_verified
الخُلفاءُ الرّاشِدُونَ,https://terminologyenc.com/ar/browse/term/10833,label_without_motion,265,,pending,not_verified
الخَلْق,https://terminologyenc.com/ar/browse/term/181712,new_term,,,pending,not_verified
الخُلَّة,https://terminologyenc.com/ar/browse/term/181477,new_term,,,pending,not_verified
الخليل بن أحمد بن عمرو بن تميم,https://terminologyenc.com/ar/browse/term/38482,new_term,,,pending,not_verified
الخَنْدَق,https://terminologyenc.com/ar/browse/term/75910,new_term,,,pending,not_verified
الدُّخُولُ بالزَّوجةِ,https://terminologyenc.com/ar/browse/term/8702,new_term,,,pending,not_verified
الدَّخِيلُ فِي التَّفْسِيرِ,https://terminologyenc.com/ar/browse/term/14831,new_term,,,pending,not_verified
الدعاء لموتى المسلمين,https://terminologyenc.com/ar/browse/term/10786,new_term,,,pending,not_verified
الدَّعوة إلى الله,https://terminologyenc.com/ar/browse/term/72440,new_term,,,pending,not_verified
الدَّهْر,https://terminologyenc.com/ar/browse/term/72443,new_term,,,pending,not_verified
الدَّيَّان,https://terminologyenc.com/ar/browse/term/176996,new_term,,,pending,not_verified
الدِّينارِيَّةُ الصُّغْرَى,https://terminologyenc.com/ar/browse/term/3238,new_term,,,pending,not_verified
الدِّينارِيَّةُ الكُبْرَى,https://terminologyenc.com/ar/browse/term/3244,new_term,,,pending,not_verified
الرَّافِع,https://terminologyenc.com/ar/browse/term/177161,new_term,,,pending,not_verified
الرَّبّ,https://terminologyenc.com/ar/browse/term/177172,new_term,,,pending,not_verified
الرَّبَذَة,https://terminologyenc.com/ar/browse/term/75911,new_term,,,pending,not_verified
الربوبيّة,https://terminologyenc.com/ar/browse/term/181093,new_term,,,pending,not_verified
الربيع بنت معوذ بن عفراء,https://terminologyenc.com/ar/browse/term/38483,new_term,,,pending,not_verified
الرِّجل والقَدم,https://terminologyenc.com/ar/browse/term/181676,new_term,,,pending,not_verified
الرَّحْمن,https://terminologyenc.com/ar/browse/term/176539,new_term,,,pending,not_verified
الرحمة,https://terminologyenc.com/ar/browse/term/181099,label_with_motion,1181,1181,pending,not_verified
الرَّحِيْم,https://terminologyenc.com/ar/browse/term/176419,new_term,,,pending,not_verified
الرَّزَّاق,https://terminologyenc.com/ar/browse/term/176930,new_term,,,pending,not_verified
الرَّزق,https://terminologyenc.com/ar/browse/term/181478,new_term,,,pending,not_verified
الرَّسّ,https://terminologyenc.com/ar/browse/term/75851,label_without_motion,4293,,pending,not_verified
الرَّسْمُ العثماني,https://terminologyenc.com/ar/browse/term/14832,new_term,,,pending,not_verified
الرسول,https://terminologyenc.com/ar/browse/term/14982,new_term,,,pending,not_verified
الرضا,https://terminologyenc.com/ar/browse/term/181675,label_with_motion,1184,1184,pending,not_verified
الرفع,https://terminologyenc.com/ar/browse/term/10800,new_term,,,pending,not_verified
الرفع إلى السماء,https://terminologyenc.com/ar/browse/term/10801,new_term,,,pending,not_verified
الرَّفِيْق,https://terminologyenc.com/ar/browse/term/177133,new_term,,,pending,not_verified
الرَّقِيْب,https://terminologyenc.com/ar/browse/term/176933,new_term,,,pending,not_verified
الرميصاء أو الغميصاء بنت ملحان الأنصارية,https://terminologyenc.com/ar/browse/term/38502,new_term,,,pending,not_verified
الرَّوْحَاء,https://terminologyenc.com/ar/browse/term/75912,new_term,,,pending,not_verified
الرَّؤُوْف,https://terminologyenc.com/ar/browse/term/176634,new_term,,,pending,not_verified
الرُّوَيْثَة,https://terminologyenc.com/ar/browse/term/75913,new_term,,,pending,not_verified
إِلْزامٌ,https://terminologyenc.com/ar/browse/term/1175,label_with_motion,11346,11346,pending,not_verified
الزَّاوِيَة,https://terminologyenc.com/ar/browse/term/75914,new_term,,,pending,not_verified
الزبرقان بن بدر التميمي السعدي,https://terminologyenc.com/ar/browse/term/38503,new_term,,,pending,not_verified
الزبير بن العوام بن خويلد الأسدي,https://terminologyenc.com/ar/browse/term/38504,new_term,,,pending,not_verified
الزَكاة,https://terminologyenc.com/ar/browse/term/5070,label_with_motion,1424,1424,pending,not_verified
الزَّهْرَاوَان,https://terminologyenc.com/ar/browse/term/14833,new_term,,,pending,not_verified
الزَّوْرَاء,https://terminologyenc.com/ar/browse/term/75915,new_term,,,pending,not_verified
السّاق,https://terminologyenc.com/ar/browse/term/181481,new_term,,,pending,not_verified
السائب بن خلاد بن سويد,https://terminologyenc.com/ar/browse/term/38523,new_term,,,pending,not_verified
السائب بن عثمان بن مظعون,https://terminologyenc.com/ar/browse/term/38524,new_term,,,pending,not_verified
السائب بن يزيد بن سعيد,https://terminologyenc.com/ar/browse/term/38525,new_term,,,pending,not_verified
السَّبْعُ الطِّوَالُ,https://terminologyenc.com/ar/browse/term/14834,new_term,,,pending,not_verified
السَّبْعُ الـمَثَاني,https://terminologyenc.com/ar/browse/term/14835,new_term,,,pending,not_verified
السُّبُّوْح,https://terminologyenc.com/ar/browse/term/176942,new_term,,,pending,not_verified
الستر,https://terminologyenc.com/ar/browse/term/181716,label_with_motion,1195,1195,pending,not_verified
السِّتِّيْر,https://terminologyenc.com/ar/browse/term/176816,new_term,,,pending,not_verified
السَّدَّانِ,https://terminologyenc.com/ar/browse/term/75853,new_term,,,pending,not_verified
السُّقْيَا,https://terminologyenc.com/ar/browse/term/75917,new_term,,,pending,not_verified
السَّلَام,https://terminologyenc.com/ar/browse/term/176536,label_with_motion,11872,11872,pending,not_verified
السَلامٌ,https://terminologyenc.com/ar/browse/term/3630,label_with_motion,11872,11872,pending,not_verified
السُلْطانٌ,https://terminologyenc.com/ar/browse/term/2768,new_term,,,pending,not_verified
السمع,https://terminologyenc.com/ar/browse/term/181717,new_term,,,pending,not_verified
السَّمِيْع,https://terminologyenc.com/ar/browse/term/176876,new_term,,,pending,not_verified
السُّنْح,https://terminologyenc.com/ar/browse/term/75999,new_term,,,pending,not_verified
السُّنَنُ الرَّواتِبُ,https://terminologyenc.com/ar/browse/term/1179,new_term,,,pending,not_verified
السَّيِّد,https://terminologyenc.com/ar/browse/term/177026,new_term,,,pending,not_verified
السيد سابق محمد التهامي,https://terminologyenc.com/ar/browse/term/69918,new_term,,,pending,not_verified
الشَّاذُّ - يحذف,https://terminologyenc.com/ar/browse/term/14839,new_term,,,pending,not_verified
الشَّافِي,https://terminologyenc.com/ar/browse/term/177136,new_term,,,pending,not_verified
الشَّاكِر,https://terminologyenc.com/ar/browse/term/176759,new_term,,,pending,not_verified
الشَّام,https://terminologyenc.com/ar/browse/term/75918,label_without_motion,8366,,pending,not_verified
الشديد,https://terminologyenc.com/ar/browse/term/74881,new_term,,,pending,not_verified
الشَّرَف,https://terminologyenc.com/ar/browse/term/75919,label_without_motion,1218,,pending,not_verified
الشِّرْكُ في الطَّاعَةِ,https://terminologyenc.com/ar/browse/term/47759,new_term,,,pending,not_verified
الشِّرْكُ في المَحَبَّةِ,https://terminologyenc.com/ar/browse/term/47758,new_term,,,pending,not_verified
الشريعة,https://terminologyenc.com/ar/browse/term/47755,label_with_motion,1471,1471,pending,not_verified
الشَّفاعَةُ العامَّةُ,https://terminologyenc.com/ar/browse/term/14959,new_term,,,pending,not_verified
الشَّفاعَةُ العُظْمَى,https://terminologyenc.com/ar/browse/term/14960,new_term,,,pending,not_verified
الشَّفاعَةُ الـمَنْفِيَّةُ,https://terminologyenc.com/ar/browse/term/47762,new_term,,,pending,not_verified
الشَّفْعُ,https://terminologyenc.com/ar/browse/term/556,new_term,,,pending,not_verified
الشُّكر,https://terminologyenc.com/ar/browse/term/181666,new_term,,,pending,not_verified
الشَّكُوْر,https://terminologyenc.com/ar/browse/term/176704,new_term,,,pending,not_verified
الشَهادَتانِ,https://terminologyenc.com/ar/browse/term/10818,label_without_motion,306,,pending,not_verified
الشَّهِيْد,https://terminologyenc.com/ar/browse/term/177155,new_term,,,pending,not_verified
الشيماء ويقال الشماء بنت الحارث,https://terminologyenc.com/ar/browse/term/38578,new_term,,,pending,not_verified
الصاخة,https://terminologyenc.com/ar/browse/term/10819,new_term,,,pending,not_verified
الصَّبر,https://terminologyenc.com/ar/browse/term/181714,ambiguous_label,"1227,5153","1227,5153",pending,not_verified
الصَّحِيحُ لِذاتِهِ,https://terminologyenc.com/ar/browse/term/71812,new_term,,,pending,not_verified
الصَّحِيحُ لِغَيْرِهِ,https://terminologyenc.com/ar/browse/term/71813,new_term,,,pending,not_verified
الصَّخَرَات,https://terminologyenc.com/ar/browse/term/76065,new_term,,,pending,not_verified
الصِراطٌ,https://terminologyenc.com/ar/browse/term/14965,new_term,,,pending,not_verified
الصراط المستقيم,https://terminologyenc.com/ar/browse/term/47763,label_with_motion,318,318,pending,not_verified
الصعب بن جثامة بن قيس الليثي,https://terminologyenc.com/ar/browse/term/38579,new_term,,,pending,not_verified
الصَّفَا,https://terminologyenc.com/ar/browse/term/75855,new_term,,,pending,not_verified
الصفات,https://terminologyenc.com/ar/browse/term/10821,new_term,,,pending,not_verified
الصفات الثبوتية,https://terminologyenc.com/ar/browse/term/47768,new_term,,,pending,not_verified
الصِّفاتُ الـخَبَرِيَّةُ,https://terminologyenc.com/ar/browse/term/14968,new_term,,,pending,not_verified
الصِفاتُ السَمْعِيَّةٌ العَقْلِيَّةٌ,https://terminologyenc.com/ar/browse/term/47770,new_term,,,pending,not_verified
الصِّفاتُ الشَّرْعِيَّةُ العَقْلِيَّةُ,https://terminologyenc.com/ar/browse/term/47771,new_term,,,pending,not_verified
الصفات العقلية,https://terminologyenc.com/ar/browse/term/14970,new_term,,,pending,not_verified
الصِّفَاتُ المُرَكَّبَةُ,https://terminologyenc.com/ar/browse/term/14994,new_term,,,pending,not_verified
الصُّفَّة,https://terminologyenc.com/ar/browse/term/75921,new_term,,,pending,not_verified
الصَّلاةُ على النَّبِيِّ صلّى اللهُ عليه وسلّم,https://terminologyenc.com/ar/browse/term/1163,new_term,,,pending,not_verified
الصَّلَواتُ الخَمْسُ المَفْرُوضَةُ,https://terminologyenc.com/ar/browse/term/6638,new_term,,,pending,not_verified
الصَّمَد,https://terminologyenc.com/ar/browse/term/177120,new_term,,,pending,not_verified
الصَّهْبَاء,https://terminologyenc.com/ar/browse/term/75923,new_term,,,pending,not_verified
الصَّوْمُ,https://terminologyenc.com/ar/browse/term/6945,label_without_motion,1233,,pending,not_verified
الضَّحِك,https://terminologyenc.com/ar/browse/term/181715,new_term,,,pending,not_verified
الطَّائِف,https://terminologyenc.com/ar/browse/term/75924,label_without_motion,4306,,pending,not_verified
الطَّائِفَة المَنْصُورَة,https://terminologyenc.com/ar/browse/term/15002,new_term,,,pending,not_verified
الطَّرَشُ,https://terminologyenc.com/ar/browse/term/11508,new_term,,,pending,not_verified
الطفيل بن الحارث بن عبد المطلب,https://terminologyenc.com/ar/browse/term/38580,new_term,,,pending,not_verified
الطفيل بن عمرو بن طريف بن العاص,https://terminologyenc.com/ar/browse/term/38581,new_term,,,pending,not_verified
الطُّمَأْنِينَةٌ في الصلاة,https://terminologyenc.com/ar/browse/term/8723,new_term,,,pending,not_verified
الطَّوَاسِيمُ,https://terminologyenc.com/ar/browse/term/14840,new_term,,,pending,not_verified
الطَّيِّب,https://terminologyenc.com/ar/browse/term/176943,new_term,,,pending,not_verified
الظَّاهِر,https://terminologyenc.com/ar/browse/term/176919,new_term,,,pending,not_verified
العاص أو العاصي بن هشام بن الحارث,https://terminologyenc.com/ar/browse/term/40112,new_term,,,pending,not_verified
العباس بن عبد المطلب بن هاشم,https://terminologyenc.com/ar/browse/term/38598,new_term,,,pending,not_verified
العِتْرَةُ,https://terminologyenc.com/ar/browse/term/11519,new_term,,,pending,not_verified
العَجَب,https://terminologyenc.com/ar/browse/term/181475,label_with_motion,1249,1249,pending,not_verified
العَدَدُ,https://terminologyenc.com/ar/browse/term/11524,new_term,,,pending,not_verified
الْعُدْوَة,https://terminologyenc.com/ar/browse/term/75856,new_term,,,pending,not_verified
العِرَاق,https://terminologyenc.com/ar/browse/term/75925,label_without_motion,10177,,pending,not_verified
العَرْج,https://terminologyenc.com/ar/browse/term/75926,new_term,,,pending,not_verified
العَرْشٌ,https://terminologyenc.com/ar/browse/term/16535,label_without_motion,330,,pending,not_verified
العَرْضَةُ الأَخِيرَةُ,https://terminologyenc.com/ar/browse/term/14843,new_term,,,pending,not_verified
العَرِيفُ,https://terminologyenc.com/ar/browse/term/11530,new_term,,,pending,not_verified
العزة,https://terminologyenc.com/ar/browse/term/181663,label_without_motion,1252,,pending,not_verified
العَزِيْز,https://terminologyenc.com/ar/browse/term/176585,new_term,,,pending,not_verified
العشر الأواخر من رمضان,https://terminologyenc.com/ar/browse/term/8640,new_term,,,pending,not_verified
العَطاء والمَنع,https://terminologyenc.com/ar/browse/term/181763,new_term,,,pending,not_verified
العَظِيْم,https://terminologyenc.com/ar/browse/term/176637,new_term,,,pending,not_verified
العَفُوّ,https://terminologyenc.com/ar/browse/term/176711,new_term,,,pending,not_verified
العَقَبَةُ,https://terminologyenc.com/ar/browse/term/11550,new_term,,,pending,not_verified
العَقَبَة,https://terminologyenc.com/ar/browse/term/75928,new_term,,,pending,not_verified
العلاء بن عبد الله الحضرمي,https://terminologyenc.com/ar/browse/term/41145,new_term,,,pending,not_verified
العلاء بن وهب بن عبد بن وهبان,https://terminologyenc.com/ar/browse/term/41146,new_term,,,pending,not_verified
العلم,https://terminologyenc.com/ar/browse/term/181660,label_with_motion,1261,1261,pending,not_verified
العِلْمٌ,https://terminologyenc.com/ar/browse/term/7453,label_with_motion,1261,1261,pending,not_verified
العِلَّةُ الغائِيَّةُ,https://terminologyenc.com/ar/browse/term/14760,new_term,,,pending,not_verified
العلو,https://terminologyenc.com/ar/browse/term/181123,new_term,,,pending,not_verified
العَلِيّ,https://terminologyenc.com/ar/browse/term/176760,new_term,,,pending,not_verified
العَلِيْم,https://terminologyenc.com/ar/browse/term/176636,new_term,,,pending,not_verified
العهد القديم,https://terminologyenc.com/ar/browse/term/11019,new_term,,,pending,not_verified
العَوَالِي,https://terminologyenc.com/ar/browse/term/75929,new_term,,,pending,not_verified
العَين,https://terminologyenc.com/ar/browse/term/181122,new_term,,,pending,not_verified
الغَابَة,https://terminologyenc.com/ar/browse/term/75930,new_term,,,pending,not_verified
الغضب,https://terminologyenc.com/ar/browse/term/181124,new_term,,,pending,not_verified
الغَفُوْر,https://terminologyenc.com/ar/browse/term/176635,new_term,,,pending,not_verified
الغَمِيم,https://terminologyenc.com/ar/browse/term/75931,new_term,,,pending,not_verified
الغَنِيّ,https://terminologyenc.com/ar/browse/term/176708,new_term,,,pending,not_verified
الغيب المطلق,https://terminologyenc.com/ar/browse/term/11025,new_term,,,pending,not_verified
الغيرة,https://terminologyenc.com/ar/browse/term/181756,ambiguous_label,"1272,11942",,pending,not_verified
ألفاظ مجملة,https://terminologyenc.com/ar/browse/term/11057,new_term,,,pending,not_verified
الفَتَّاح,https://terminologyenc.com/ar/browse/term/176875,new_term,,,pending,not_verified
الفُرَات,https://terminologyenc.com/ar/browse/term/76067,new_term,,,pending,not_verified
الفرار إلى الله,https://terminologyenc.com/ar/browse/term/72448,new_term,,,pending,not_verified
الفرح,https://terminologyenc.com/ar/browse/term/181125,label_without_motion,1276,,pending,not_verified
الفِرْقَةُ النَّاجِيَةُ,https://terminologyenc.com/ar/browse/term/16550,new_term,,,pending,not_verified
الفضل بن أحمد بن عبد الله,https://terminologyenc.com/ar/browse/term/40837,new_term,,,pending,not_verified
الفضل بن الحسن بن الفضل,https://terminologyenc.com/ar/browse/term/40839,new_term,,,pending,not_verified
الفضل بن العباس,https://terminologyenc.com/ar/browse/term/40841,new_term,,,pending,not_verified
الفضل بن جعفر بن أحمد,https://terminologyenc.com/ar/browse/term/40838,new_term,,,pending,not_verified
الفضيل بن عياض بن مسعود,https://terminologyenc.com/ar/browse/term/40842,new_term,,,pending,not_verified
الفِعل,https://terminologyenc.com/ar/browse/term/181751,new_term,,,pending,not_verified
القَابِض,https://terminologyenc.com/ar/browse/term/177156,new_term,,,pending,not_verified
القَاحَة,https://terminologyenc.com/ar/browse/term/75932,new_term,,,pending,not_verified
القَادِر,https://terminologyenc.com/ar/browse/term/176820,new_term,,,pending,not_verified
القَادِسِيَّة,https://terminologyenc.com/ar/browse/term/75933,new_term,,,pending,not_verified
القاسم العياني بن علي بن عبد الله,https://terminologyenc.com/ar/browse/term/58035,new_term,,,pending,not_verified
القاسم بن إبراهيم بن إسماعيل,https://terminologyenc.com/ar/browse/term/58034,new_term,,,pending,not_verified
القاسم بن سلام,https://terminologyenc.com/ar/browse/term/40852,new_term,,,pending,not_verified
القاسم بن علي بن محمد بن عثمان,https://terminologyenc.com/ar/browse/term/40853,new_term,,,pending,not_verified
القاسم بن فيرُّه الشاطبي,https://terminologyenc.com/ar/browse/term/40855,new_term,,,pending,not_verified
القاسم بن محمد البرزالي,https://terminologyenc.com/ar/browse/term/40856,new_term,,,pending,not_verified
القَاهِر,https://terminologyenc.com/ar/browse/term/177035,new_term,,,pending,not_verified
القبض,https://terminologyenc.com/ar/browse/term/181641,new_term,,,pending,not_verified
القَتْلُ الخَطَأُ,https://terminologyenc.com/ar/browse/term/7466,new_term,,,pending,not_verified
القَتْلُ العَمْدُ,https://terminologyenc.com/ar/browse/term/7468,new_term,,,pending,not_verified
القدرة,https://terminologyenc.com/ar/browse/term/181126,new_term,,,pending,not_verified
القُدُّوْس,https://terminologyenc.com/ar/browse/term/176535,new_term,,,pending,not_verified
القُدْوَةُ السَّيِّئَةُ,https://terminologyenc.com/ar/browse/term/72450,new_term,,,pending,not_verified
القَدِيْر,https://terminologyenc.com/ar/browse/term/176815,new_term,,,pending,not_verified
القُرَّاءُ الأربعةَ عَشَرَ,https://terminologyenc.com/ar/browse/term/14849,new_term,,,pending,not_verified
القُرَّاءُ السَّبْعَةُ,https://terminologyenc.com/ar/browse/term/14850,new_term,,,pending,not_verified
القُرَّاءُ العَشْرُ,https://terminologyenc.com/ar/browse/term/14851,new_term,,,pending,not_verified
القِراءَاتُ الأَرْبَعَةَ عَشَرَ,https://terminologyenc.com/ar/browse/term/14853,new_term,,,pending,not_verified
القِرَاءَاتُ السَّبْعُ,https://terminologyenc.com/ar/browse/term/14854,new_term,,,pending,not_verified
القِراءَاتُ الشَّاذَّةُ,https://terminologyenc.com/ar/browse/term/14855,new_term,,,pending,not_verified
القِرَاءَاتُ العَشْرُ,https://terminologyenc.com/ar/browse/term/14856,new_term,,,pending,not_verified
القِرَاءَاتُ القُرْآنِيَّةُ,https://terminologyenc.com/ar/browse/term/14857,new_term,,,pending,not_verified
القِرَاءَاتُ الـمُتَواتِرَةُ,https://terminologyenc.com/ar/browse/term/14858,new_term,,,pending,not_verified
القِرَاءَةُ التَّفْسِيرِيَّةُ,https://terminologyenc.com/ar/browse/term/14859,new_term,,,pending,not_verified
القِرَاءَةُ الـمُعَاصِرَةُ,https://terminologyenc.com/ar/browse/term/14860,new_term,,,pending,not_verified
القرآن,https://terminologyenc.com/ar/browse/term/53650,new_term,,,pending,not_verified
القَرِيْب,https://terminologyenc.com/ar/browse/term/176907,new_term,,,pending,not_verified
القُسْطَنْطِينِيَّة,https://terminologyenc.com/ar/browse/term/76036,new_term,,,pending,not_verified
القَسْمُ بين الزَّوْجاتِ,https://terminologyenc.com/ar/browse/term/7746,new_term,,,pending,not_verified
القَصَّةٌ البيضاء,https://terminologyenc.com/ar/browse/term/7018,new_term,,,pending,not_verified
القعقاع بن عمرو التميمي,https://terminologyenc.com/ar/browse/term/40868,new_term,,,pending,not_verified
القعقاع بن معبد بن زرارة الدارمي,https://terminologyenc.com/ar/browse/term/40869,new_term,,,pending,not_verified
القنطرة,https://terminologyenc.com/ar/browse/term/11045,new_term,,,pending,not_verified
القَوِيّ,https://terminologyenc.com/ar/browse/term/176819,new_term,,,pending,not_verified
القَيُّوْم,https://terminologyenc.com/ar/browse/term/176884,label_without_motion,11879,,pending,not_verified
الكَافِي,https://terminologyenc.com/ar/browse/term/176992,new_term,,,pending,not_verified
الكَبِيْر,https://terminologyenc.com/ar/browse/term/176900,new_term,,,pending,not_verified
الكرام,https://terminologyenc.com/ar/browse/term/11051,new_term,,,pending,not_verified
الكَرِيْم,https://terminologyenc.com/ar/browse/term/177127,new_term,,,pending,not_verified
الكَفِيْل,https://terminologyenc.com/ar/browse/term/176934,new_term,,,pending,not_verified
الكلام,https://terminologyenc.com/ar/browse/term/181127,new_term,,,pending,not_verified
الكَلِمُ الطَّيِّب,https://terminologyenc.com/ar/browse/term/36566,label_without_motion,720,,pending,not_verified
الكُوفَة,https://terminologyenc.com/ar/browse/term/75935,new_term,,,pending,not_verified
الكيد,https://terminologyenc.com/ar/browse/term/36586,label_without_motion,1306,,pending,not_verified
الكيد بالكائدين,https://terminologyenc.com/ar/browse/term/181643,new_term,,,pending,not_verified
الَّلابَتَان,https://terminologyenc.com/ar/browse/term/76033,new_term,,,pending,not_verified
اللَّات,https://terminologyenc.com/ar/browse/term/76068,new_term,,,pending,not_verified
اللَّحْنُ الجَلِيُّ,https://terminologyenc.com/ar/browse/term/14863,new_term,,,pending,not_verified
اللَّحْنُ الخَفِيُّ,https://terminologyenc.com/ar/browse/term/14864,new_term,,,pending,not_verified
اللِّسَان,https://terminologyenc.com/ar/browse/term/36585,new_term,,,pending,not_verified
اللَّطِيْف,https://terminologyenc.com/ar/browse/term/176889,new_term,,,pending,not_verified
اللهُ,https://terminologyenc.com/ar/browse/term/16760,ambiguous_label,"377,11554,11881,12164,12330",377,pending,not_verified
الله,https://terminologyenc.com/ar/browse/term/176418,ambiguous_label,"377,11554,11881,12164,12330",377,pending,not_verified
الليث بن سعد بن عبد الرحمن,https://terminologyenc.com/ar/browse/term/40896,new_term,,,pending,not_verified
الماءُ الجارِي,https://terminologyenc.com/ar/browse/term/4398,new_term,,,pending,not_verified
الماءُ المُتغَيِّرُ بِطاهِرٍ,https://terminologyenc.com/ar/browse/term/4405,new_term,,,pending,not_verified
الماءُ المَخْلُوُّ بِهِ,https://terminologyenc.com/ar/browse/term/4406,new_term,,,pending,not_verified
الماءُ المَكْرُوهُ,https://terminologyenc.com/ar/browse/term/6683,new_term,,,pending,not_verified
المانع,https://terminologyenc.com/ar/browse/term/182736,new_term,,,pending,not_verified
المبارك بن محمد بن محمد بن محمد ابن الأثير الجزري,https://terminologyenc.com/ar/browse/term/40907,new_term,,,pending,not_verified
المبشرون بالجنة,https://terminologyenc.com/ar/browse/term/11067,new_term,,,pending,not_verified
المُبِيْن,https://terminologyenc.com/ar/browse/term/177183,new_term,,,pending,not_verified
المُتَعَال,https://terminologyenc.com/ar/browse/term/176761,new_term,,,pending,not_verified
المُتَكَبِّر,https://terminologyenc.com/ar/browse/term/176903,new_term,,,pending,not_verified
المَتِيْن,https://terminologyenc.com/ar/browse/term/177033,new_term,,,pending,not_verified
المثنى بن حارثة بن سلمة الشيباني,https://terminologyenc.com/ar/browse/term/40909,new_term,,,pending,not_verified
المجدر بن ذياد بن عمرو بن أخرم,https://terminologyenc.com/ar/browse/term/40913,new_term,,,pending,not_verified
المُجِيْب,https://terminologyenc.com/ar/browse/term/176918,label_without_motion,12165,,pending,not_verified
المَجِيْد,https://terminologyenc.com/ar/browse/term/176895,new_term,,,pending,not_verified
المحبة,https://terminologyenc.com/ar/browse/term/181128,new_term,,,pending,not_verified
المحرز بن حارثة بن ربيعة بن عبد العزى,https://terminologyenc.com/ar/browse/term/40917,new_term,,,pending,not_verified
المُحْسِن,https://terminologyenc.com/ar/browse/term/176813,new_term,,,pending,not_verified
المُحِيْط,https://terminologyenc.com/ar/browse/term/176928,new_term,,,pending,not_verified
المختار بن أبي عبيد بن مسعود الثقفي,https://terminologyenc.com/ar/browse/term/41690,new_term,,,pending,not_verified
المَدَائِن,https://terminologyenc.com/ar/browse/term/75936,new_term,,,pending,not_verified
المَدِينَةُ النَّبَوِيَّةُ,https://terminologyenc.com/ar/browse/term/1168,new_term,,,pending,not_verified
المَدِينَة النَبَويّة,https://terminologyenc.com/ar/browse/term/74883,new_term,,,pending,not_verified
المَرْفُوعُ حُكْماً,https://terminologyenc.com/ar/browse/term/71877,new_term,,,pending,not_verified
المَرْوَة,https://terminologyenc.com/ar/browse/term/75859,new_term,,,pending,not_verified
المُرَيْسِيع,https://terminologyenc.com/ar/browse/term/76039,new_term,,,pending,not_verified
المُزْدَلِفَة,https://terminologyenc.com/ar/browse/term/76040,label_without_motion,394,,pending,not_verified
المستورد بن شداد بن عمرو القرشي,https://terminologyenc.com/ar/browse/term/41700,new_term,,,pending,not_verified
المستورد بن علفة التيمي,https://terminologyenc.com/ar/browse/term/41701,new_term,,,pending,not_verified
المَسْجِد الأَقْصَى,https://terminologyenc.com/ar/browse/term/75841,ambiguous_label,"396,3822",396,pending,not_verified
المَسْجِد الحَرَام,https://terminologyenc.com/ar/browse/term/75842,label_with_motion,397,397,pending,not_verified
المسجد الحرام,https://terminologyenc.com/ar/browse/term/8650,label_with_motion,397,397,pending,not_verified
المسور بن مخرمة بن نوفل بن أهيب,https://terminologyenc.com/ar/browse/term/41711,new_term,,,pending,not_verified
المُشَلَّل,https://terminologyenc.com/ar/browse/term/75937,new_term,,,pending,not_verified
المشيئة,https://terminologyenc.com/ar/browse/term/181133,new_term,,,pending,not_verified
الـمَصَاحِفُ العُثْمَانِيَّةُ,https://terminologyenc.com/ar/browse/term/14870,new_term,,,pending,not_verified
المُصَوِّر,https://terminologyenc.com/ar/browse/term/176912,new_term,,,pending,not_verified
المِصِّيصَة,https://terminologyenc.com/ar/browse/term/75938,new_term,,,pending,not_verified
المطلب بن عبد مناف بن قصي,https://terminologyenc.com/ar/browse/term/41718,new_term,,,pending,not_verified
المعتمد محمد بن إسماعيل بن محمد بن إسماعيل اللخمي,https://terminologyenc.com/ar/browse/term/41211,new_term,,,pending,not_verified
المَعْرِفَةٌ,https://terminologyenc.com/ar/browse/term/14896,new_term,,,pending,not_verified
المُعْطِي,https://terminologyenc.com/ar/browse/term/176923,new_term,,,pending,not_verified
الـمُعَوِّذَتَانِ,https://terminologyenc.com/ar/browse/term/14871,label_without_motion,1442,,pending,not_verified
المعية,https://terminologyenc.com/ar/browse/term/181134,new_term,,,pending,not_verified
المغيرة بن أبي بردة,https://terminologyenc.com/ar/browse/term/41742,new_term,,,pending,not_verified
المغيرة بن سعيد البجلي,https://terminologyenc.com/ar/browse/term/41744,new_term,,,pending,not_verified
المغيرة بن شعبة بن أبي عامر بن مسعود,https://terminologyenc.com/ar/browse/term/41745,new_term,,,pending,not_verified
المغيرة بن عبد الله الأسدي,https://terminologyenc.com/ar/browse/term/41747,new_term,,,pending,not_verified
الـمُفَصَّلُ,https://terminologyenc.com/ar/browse/term/14872,new_term,,,pending,not_verified
المَقت,https://terminologyenc.com/ar/browse/term/181672,new_term,,,pending,not_verified
المُقْتَدِر,https://terminologyenc.com/ar/browse/term/176817,label_with_motion,11945,11945,pending,not_verified
المقتفي لأمر الله محمد بن أحمد بن عبد الله العباسي,https://terminologyenc.com/ar/browse/term/58056,new_term,,,pending,not_verified
المقداد بن عمرو,https://terminologyenc.com/ar/browse/term/41748,new_term,,,pending,not_verified
المقدام بن معد يكرب بن عمرو,https://terminologyenc.com/ar/browse/term/41749,new_term,,,pending,not_verified
المُقَدِّم,https://terminologyenc.com/ar/browse/term/177118,new_term,,,pending,not_verified
المُقِيْت,https://terminologyenc.com/ar/browse/term/177135,new_term,,,pending,not_verified
المكر,https://terminologyenc.com/ar/browse/term/36580,label_without_motion,1328,,pending,not_verified
الـمَكِّي,https://terminologyenc.com/ar/browse/term/14873,new_term,,,pending,not_verified
المَلِك,https://terminologyenc.com/ar/browse/term/176420,new_term,,,pending,not_verified
المَنَارَة الْبَيْضَاء,https://terminologyenc.com/ar/browse/term/76069,new_term,,,pending,not_verified
المَنَاصِع,https://terminologyenc.com/ar/browse/term/75939,new_term,,,pending,not_verified
المَنَّان,https://terminologyenc.com/ar/browse/term/177159,new_term,,,pending,not_verified
المنذر بن الزبير بن العوام,https://terminologyenc.com/ar/browse/term/41754,new_term,,,pending,not_verified
المنصور بن محمد بن أحمد العباسي,https://terminologyenc.com/ar/browse/term/41762,new_term,,,pending,not_verified
المنصور بن نزار بن معد الفاطمي,https://terminologyenc.com/ar/browse/term/41763,new_term,,,pending,not_verified
المهاجر بن أبي أمية المخزومي,https://terminologyenc.com/ar/browse/term/41767,new_term,,,pending,not_verified
المهتدي بالله محمد بن هارون بن محمد العباسي,https://terminologyenc.com/ar/browse/term/41672,new_term,,,pending,not_verified
المُهَيْمِن,https://terminologyenc.com/ar/browse/term/176581,new_term,,,pending,not_verified
المُؤَخِّر,https://terminologyenc.com/ar/browse/term/177112,new_term,,,pending,not_verified
المُوطّآتُ,https://terminologyenc.com/ar/browse/term/71871,new_term,,,pending,not_verified
المَوْلَى,https://terminologyenc.com/ar/browse/term/177175,new_term,,,pending,not_verified
المُؤْمِن,https://terminologyenc.com/ar/browse/term/176537,new_term,,,pending,not_verified
النَّاصِر,https://terminologyenc.com/ar/browse/term/176931,new_term,,,pending,not_verified
النخار بن أوس بن أبير القضاعي,https://terminologyenc.com/ar/browse/term/41792,new_term,,,pending,not_verified
النّزول,https://terminologyenc.com/ar/browse/term/181130,new_term,,,pending,not_verified
النَّصِيْر,https://terminologyenc.com/ar/browse/term/176920,label_without_motion,11946,,pending,not_verified
النضر بن الحارث بن علقمة,https://terminologyenc.com/ar/browse/term/41794,new_term,,,pending,not_verified
النضر بن شميل بن خرشة بن يزيد,https://terminologyenc.com/ar/browse/term/41795,new_term,,,pending,not_verified
النعمان بن المنذر بن المنذر,https://terminologyenc.com/ar/browse/term/41806,new_term,,,pending,not_verified
النعمان بن بشير بن سعد الأنصاري,https://terminologyenc.com/ar/browse/term/41797,new_term,,,pending,not_verified
النعمان بن ثابت الكوفي الإمام,https://terminologyenc.com/ar/browse/term/41798,new_term,,,pending,not_verified
النعمان بن عجلان الأنصاري,https://terminologyenc.com/ar/browse/term/41799,new_term,,,pending,not_verified
النعمان بن عدي بن نضلة العدوي,https://terminologyenc.com/ar/browse/term/41800,new_term,,,pending,not_verified
النعمان بن محمد بن منصور بن حَيُّون الباطني,https://terminologyenc.com/ar/browse/term/65186,new_term,,,pending,not_verified
النعمان بن مقرن المزني,https://terminologyenc.com/ar/browse/term/41805,new_term,,,pending,not_verified
النعيمان بن عمرو بن رفاعة الأنصاري,https://terminologyenc.com/ar/browse/term/41804,new_term,,,pending,not_verified
النَّـفْخُ في الصُّورِ,https://terminologyenc.com/ar/browse/term/7370,new_term,,,pending,not_verified
النَّقِيع,https://terminologyenc.com/ar/browse/term/75940,new_term,,,pending,not_verified
النمر بن تولب بن زهير بن أقيش,https://terminologyenc.com/ar/browse/term/41807,new_term,,,pending,not_verified
النُّوْر,https://terminologyenc.com/ar/browse/term/176764,new_term,,,pending,not_verified
النِّيل,https://terminologyenc.com/ar/browse/term/76070,new_term,,,pending,not_verified
آلَةٌ,https://terminologyenc.com/ar/browse/term/5239,new_term,,,pending,not_verified
الهَادِي,https://terminologyenc.com/ar/browse/term/176768,new_term,,,pending,not_verified
إِلْهامٌ,https://terminologyenc.com/ar/browse/term/1184,label_without_motion,5116,,pending,not_verified
الهَدَأَة,https://terminologyenc.com/ar/browse/term/75941,new_term,,,pending,not_verified
الهذيل بن زفر بن الحارث بن عبد عمرو,https://terminologyenc.com/ar/browse/term/41816,new_term,,,pending,not_verified
الهيثم بن الأسود النخعي,https://terminologyenc.com/ar/browse/term/41840,new_term,,,pending,not_verified
الوَاحِد,https://terminologyenc.com/ar/browse/term/176763,new_term,,,pending,not_verified
الواحِدُ بِالعَيْنِ,https://terminologyenc.com/ar/browse/term/14915,new_term,,,pending,not_verified
الوَارِث,https://terminologyenc.com/ar/browse/term/176921,new_term,,,pending,not_verified
الوَاسِع,https://terminologyenc.com/ar/browse/term/176927,new_term,,,pending,not_verified
الوِتْر,https://terminologyenc.com/ar/browse/term/176922,new_term,,,pending,not_verified
الوجه,https://terminologyenc.com/ar/browse/term/181764,label_without_motion,4373,,pending,not_verified
الوَدُوْد,https://terminologyenc.com/ar/browse/term/176878,new_term,,,pending,not_verified
الوَكِيْل,https://terminologyenc.com/ar/browse/term/177129,new_term,,,pending,not_verified
الْوِلايَةُ على الْمَالِ,https://terminologyenc.com/ar/browse/term/10434,new_term,,,pending,not_verified
الْوِلايَةُ عَلَى النَّفْسِ,https://terminologyenc.com/ar/browse/term/10435,new_term,,,pending,not_verified
الوَلِيّ,https://terminologyenc.com/ar/browse/term/177170,new_term,,,pending,not_verified
الوليد بن أبان الكرابيسي,https://terminologyenc.com/ar/browse/term/41849,new_term,,,pending,not_verified
الوليد بن المغيرة بن عبد الله المخزومي,https://terminologyenc.com/ar/browse/term/53659,new_term,,,pending,not_verified
الوليد بن الوليد بن المغيرة المخزومي,https://terminologyenc.com/ar/browse/term/41855,new_term,,,pending,not_verified
الوليد بن عبد الملك بن مروان,https://terminologyenc.com/ar/browse/term/41850,new_term,,,pending,not_verified
الوليد بن عبيد بن يحيى الطائي,https://terminologyenc.com/ar/browse/term/53660,new_term,,,pending,not_verified
الوليد بن عتبة بن أبي سفيان,https://terminologyenc.com/ar/browse/term/41851,new_term,,,pending,not_verified
الوليد بن عقبة بن أبي معيط,https://terminologyenc.com/ar/browse/term/41852,new_term,,,pending,not_verified
الوليد بن مسلم,https://terminologyenc.com/ar/browse/term/41853,new_term,,,pending,not_verified
الوليد بن معاوية بن مروان بن عبد الملك,https://terminologyenc.com/ar/browse/term/41854,new_term,,,pending,not_verified
الوليد بن يزيد بن عبد الملك بن مروان,https://terminologyenc.com/ar/browse/term/41856,new_term,,,pending,not_verified
الوَهَّاب,https://terminologyenc.com/ar/browse/term/176924,new_term,,,pending,not_verified
اليدان,https://terminologyenc.com/ar/browse/term/181136,new_term,,,pending,not_verified
اليَرْمُوك,https://terminologyenc.com/ar/browse/term/75942,new_term,,,pending,not_verified
اليَمَامَة,https://terminologyenc.com/ar/browse/term/75943,new_term,,,pending,not_verified
اليَمَن,https://terminologyenc.com/ar/browse/term/75944,label_with_motion,10191,10191,pending,not_verified
أَلْيَةٌ,https://terminologyenc.com/ar/browse/term/4071,label_without_motion,12115,,pending,not_verified
أَلْيَة,https://terminologyenc.com/ar/browse/term/8852,label_without_motion,12115,,pending,not_verified
اليوم الآخر,https://terminologyenc.com/ar/browse/term/11344,new_term,,,pending,not_verified
أُمُّ الأَرامِلِ,https://terminologyenc.com/ar/browse/term/4072,new_term,,,pending,not_verified
أم الدرداء خَيرة بنت أبي حدرد,https://terminologyenc.com/ar/browse/term/38494,new_term,,,pending,not_verified
أُمُّ الدِّماغِ,https://terminologyenc.com/ar/browse/term/4073,new_term,,,pending,not_verified
أُمُّ الفُرُوخِ,https://terminologyenc.com/ar/browse/term/4074,new_term,,,pending,not_verified
أُمُّ القرآنِ,https://terminologyenc.com/ar/browse/term/14792,new_term,,,pending,not_verified
أُمُّ الكِتابِ,https://terminologyenc.com/ar/browse/term/4075,new_term,,,pending,not_verified
أُمُّ الوَلَدِ,https://terminologyenc.com/ar/browse/term/95,new_term,,,pending,not_verified
أم حرام بنت مِلْحان بن خالد الأنصارية,https://terminologyenc.com/ar/browse/term/38457,new_term,,,pending,not_verified
أم حكيم بنت الحارث بن هشام,https://terminologyenc.com/ar/browse/term/38466,new_term,,,pending,not_verified
أم سلمة هند بنت أبي أمية المخزومية,https://terminologyenc.com/ar/browse/term/41836,new_term,,,pending,not_verified
أُم كلثوم بنت عقبة بن أبي معيط القرشية الأموية,https://terminologyenc.com/ar/browse/term/40890,new_term,,,pending,not_verified
أم كلثوم بنت نبينا محمد بن عبد الله القرشية الهاشمية,https://terminologyenc.com/ar/browse/term/40891,new_term,,,pending,not_verified
إِمارَةٌ,https://terminologyenc.com/ar/browse/term/4076,label_with_motion,3828,3828,pending,not_verified
إِمامٌ,https://terminologyenc.com/ar/browse/term/1189,ambiguous_label,"1366,1599,5779,5786","1366,1599",pending,not_verified
إمام الحرمين عبد الملك بن عبد الله بن يوسف الجويني,https://terminologyenc.com/ar/browse/term/41103,new_term,,,pending,not_verified
إمامة,https://terminologyenc.com/ar/browse/term/43624,new_term,,,pending,not_verified
إمامية,https://terminologyenc.com/ar/browse/term/43630,new_term,,,pending,not_verified
امتثال,https://terminologyenc.com/ar/browse/term/72456,new_term,,,pending,not_verified
اِمْتِشاطٌ,https://terminologyenc.com/ar/browse/term/1191,new_term,,,pending,not_verified
اِمْتِهانٌ,https://terminologyenc.com/ar/browse/term/1192,new_term,,,pending,not_verified
أَمْثالُ القُرْآنِ,https://terminologyenc.com/ar/browse/term/14794,new_term,,,pending,not_verified
امحمد بن يوسف بن عيسى أطفيش,https://terminologyenc.com/ar/browse/term/65224,new_term,,,pending,not_verified
أمد,https://terminologyenc.com/ar/browse/term/10343,new_term,,,pending,not_verified
أمر,https://terminologyenc.com/ar/browse/term/10344,ambiguous_label,"1367,9792,12352",1367,pending,not_verified
أمرد,https://terminologyenc.com/ar/browse/term/72457,new_term,,,pending,not_verified
امرؤ القيس بن حجر بن الحارث الكندي,https://terminologyenc.com/ar/browse/term/40089,new_term,,,pending,not_verified
إمْساكٌ,https://terminologyenc.com/ar/browse/term/4077,new_term,,,pending,not_verified
آمنة بنت وهب القرشية,https://terminologyenc.com/ar/browse/term/40078,new_term,,,pending,not_verified
أَمَةٌ,https://terminologyenc.com/ar/browse/term/1188,label_with_motion,10650,10650,pending,not_verified
آمَّةٌ,https://terminologyenc.com/ar/browse/term/1190,label_with_motion,10650,10650,pending,not_verified
أمة,https://terminologyenc.com/ar/browse/term/43629,label_with_motion,10650,10650,pending,not_verified
أُمَّةٌ,https://terminologyenc.com/ar/browse/term/72460,label_with_motion,10650,10650,pending,not_verified
أُمَّهاتُ المُؤْمِنِينَ,https://terminologyenc.com/ar/browse/term/3540,new_term,,,pending,not_verified
أَمْوالٌ,https://terminologyenc.com/ar/browse/term/3541,new_term,,,pending,not_verified
أُمِّيٌّ,https://terminologyenc.com/ar/browse/term/3542,label_without_motion,8383,,pending,not_verified
آمِينْ,https://terminologyenc.com/ar/browse/term/3544,ambiguous_label,"10652,11383",11383,pending,not_verified
آمِّين,https://terminologyenc.com/ar/browse/term/5243,ambiguous_label,"10652,11383",11383,pending,not_verified
أمين بن عبد الله الشقاوي,https://terminologyenc.com/ar/browse/term/76307,new_term,,,pending,not_verified
أمية بن خلف بن وهب الجمحي,https://terminologyenc.com/ar/browse/term/40079,new_term,,,pending,not_verified
أمية بن عبد الله أبي الصلت بن أبي ربيعة,https://terminologyenc.com/ar/browse/term/40090,new_term,,,pending,not_verified
إِناءٌ,https://terminologyenc.com/ar/browse/term/3545,label_without_motion,9954,,pending,not_verified
آناء,https://terminologyenc.com/ar/browse/term/5245,label_without_motion,9954,,pending,not_verified
إِنابَةٌ,https://terminologyenc.com/ar/browse/term/43628,new_term,,,pending,not_verified
أَنامٌ,https://terminologyenc.com/ar/browse/term/10345,new_term,,,pending,not_verified
إِنْباتٌ,https://terminologyenc.com/ar/browse/term/3547,new_term,,,pending,not_verified
أنبِياء,https://terminologyenc.com/ar/browse/term/67713,new_term,,,pending,not_verified
انْتِباذٌ,https://terminologyenc.com/ar/browse/term/3548,new_term,,,pending,not_verified
انْتِسابٌ,https://terminologyenc.com/ar/browse/term/3549,label_without_motion,11655,,pending,not_verified
انْتِشاءٌ,https://terminologyenc.com/ar/browse/term/3550,new_term,,,pending,not_verified
انْتِشارٌ,https://terminologyenc.com/ar/browse/term/3551,new_term,,,pending,not_verified
انتفاع,https://terminologyenc.com/ar/browse/term/72461,new_term,,,pending,not_verified
انْتِقالٌ,https://terminologyenc.com/ar/browse/term/6684,label_without_motion,5064,,pending,not_verified
انْتِهابٌ,https://terminologyenc.com/ar/browse/term/6685,new_term,,,pending,not_verified
أُنْثَيانِ,https://terminologyenc.com/ar/browse/term/6686,new_term,,,pending,not_verified
إنجيل,https://terminologyenc.com/ar/browse/term/11345,new_term,,,pending,not_verified
إِنْزَالُ القُرْآنِ,https://terminologyenc.com/ar/browse/term/14795,new_term,,,pending,not_verified
أنس بن مالك بن النضرالأنصاري,https://terminologyenc.com/ar/browse/term/38386,new_term,,,pending,not_verified
إنشاء,https://terminologyenc.com/ar/browse/term/43627,label_without_motion,8404,,pending,not_verified
أنصاب,https://terminologyenc.com/ar/browse/term/72465,new_term,,,pending,not_verified
إِنْظارٌ,https://terminologyenc.com/ar/browse/term/72422,new_term,,,pending,not_verified
أَنْعامٌ,https://terminologyenc.com/ar/browse/term/3610,new_term,,,pending,not_verified
انْفِصالٌ,https://terminologyenc.com/ar/browse/term/3611,label_with_motion,1622,1622,pending,not_verified
أَنْقاضٌ,https://terminologyenc.com/ar/browse/term/3613,new_term,,,pending,not_verified
انْقِراضٌ,https://terminologyenc.com/ar/browse/term/3614,label_without_motion,1625,,pending,not_verified
انْقِضاءٌ,https://terminologyenc.com/ar/browse/term/3615,new_term,,,pending,not_verified
انْقِطاعٌ,https://terminologyenc.com/ar/browse/term/3616,label_with_motion,8411,8411,pending,not_verified
إِنْكارٌ,https://terminologyenc.com/ar/browse/term/43626,new_term,,,pending,not_verified
أُنْمُوذَجٌ,https://terminologyenc.com/ar/browse/term/3617,new_term,,,pending,not_verified
أُنُوثَةٌ,https://terminologyenc.com/ar/browse/term/72464,new_term,,,pending,not_verified
آنِيَةٌ,https://terminologyenc.com/ar/browse/term/614,label_without_motion,1629,,pending,not_verified
إِهَاب,https://terminologyenc.com/ar/browse/term/76072,new_term,,,pending,not_verified
إِهانَةٌ,https://terminologyenc.com/ar/browse/term/6936,ambiguous_label,"8414,8415",,pending,not_verified
إِهْداءٌ,https://terminologyenc.com/ar/browse/term/6935,new_term,,,pending,not_verified
أَهْلٌ,https://terminologyenc.com/ar/browse/term/4078,label_with_motion,3842,3842,pending,not_verified
أَهْلُ الاجْتِهادِ,https://terminologyenc.com/ar/browse/term/75239,new_term,,,pending,not_verified
أهل الأهواء,https://terminologyenc.com/ar/browse/term/8652,new_term,,,pending,not_verified
أَهْلُ البَيْتِ,https://terminologyenc.com/ar/browse/term/10347,new_term,,,pending,not_verified
أهلُ الـحَدِيثِ,https://terminologyenc.com/ar/browse/term/14923,new_term,,,pending,not_verified
أَهْلُ الحَرْبِ,https://terminologyenc.com/ar/browse/term/4079,new_term,,,pending,not_verified
أهل الحق,https://terminologyenc.com/ar/browse/term/10348,new_term,,,pending,not_verified
أَهْلُ الْخُطَّةِ,https://terminologyenc.com/ar/browse/term/8654,new_term,,,pending,not_verified
أَهْلُ الدِّيوَانِ,https://terminologyenc.com/ar/browse/term/8655,new_term,,,pending,not_verified
أهل الذمة,https://terminologyenc.com/ar/browse/term/8656,new_term,,,pending,not_verified
أهل الرأي,https://terminologyenc.com/ar/browse/term/46044,new_term,,,pending,not_verified
أهل السنة والجماعة,https://terminologyenc.com/ar/browse/term/46043,new_term,,,pending,not_verified
أهْلُ الشُّورَى,https://terminologyenc.com/ar/browse/term/4081,new_term,,,pending,not_verified
أَهْلُ العِلْمِ,https://terminologyenc.com/ar/browse/term/75240,new_term,,,pending,not_verified
أهل الفترة,https://terminologyenc.com/ar/browse/term/14924,new_term,,,pending,not_verified
أَهْلُ الْكِتَابِ,https://terminologyenc.com/ar/browse/term/8659,new_term,,,pending,not_verified
أهل الكلام,https://terminologyenc.com/ar/browse/term/10349,new_term,,,pending,not_verified
أَهْلُ الْمَحَلَّةِ,https://terminologyenc.com/ar/browse/term/8660,new_term,,,pending,not_verified
أَهْلُ النَّسَبِ,https://terminologyenc.com/ar/browse/term/8661,new_term,,,pending,not_verified
إهلال,https://terminologyenc.com/ar/browse/term/6934,new_term,,,pending,not_verified
أهْلِيَّةٌ,https://terminologyenc.com/ar/browse/term/4082,new_term,,,pending,not_verified
إهْمال,https://terminologyenc.com/ar/browse/term/8853,ambiguous_label,"5132,8416",,pending,not_verified
أوس بن ثابت بن المنذر بن حرام الأنصاري,https://terminologyenc.com/ar/browse/term/38387,new_term,,,pending,not_verified
أوس بن حَجَر بن مالك التميمي,https://terminologyenc.com/ar/browse/term/40091,new_term,,,pending,not_verified
أَوْسَاطُ الـمُفَصَّلِ,https://terminologyenc.com/ar/browse/term/14796,new_term,,,pending,not_verified
أَوْسُق,https://terminologyenc.com/ar/browse/term/6933,new_term,,,pending,not_verified
أَوْطَاس,https://terminologyenc.com/ar/browse/term/75945,new_term,,,pending,not_verified
أَوْقاتُ الصَّلاةِ,https://terminologyenc.com/ar/browse/term/3618,new_term,,,pending,not_verified
أَوْقاتُ الكَراهَةِ,https://terminologyenc.com/ar/browse/term/6688,new_term,,,pending,not_verified
أوْقاص,https://terminologyenc.com/ar/browse/term/8854,new_term,,,pending,not_verified
أُوقِيَّةٌ,https://terminologyenc.com/ar/browse/term/6689,new_term,,,pending,not_verified
أُولُو الأرْحامِ,https://terminologyenc.com/ar/browse/term/6690,new_term,,,pending,not_verified
أُولُو الأَمْرِ,https://terminologyenc.com/ar/browse/term/3619,new_term,,,pending,not_verified
أولو العزم من الرسل,https://terminologyenc.com/ar/browse/term/10351,new_term,,,pending,not_verified
أولياء,https://terminologyenc.com/ar/browse/term/14925,new_term,,,pending,not_verified
أَوَّلِيّاتٌ,https://terminologyenc.com/ar/browse/term/46049,new_term,,,pending,not_verified
أويس بن عامر بن جزء بن مالك القرني,https://terminologyenc.com/ar/browse/term/38389,new_term,,,pending,not_verified
آيات الأنبياء,https://terminologyenc.com/ar/browse/term/14926,new_term,,,pending,not_verified
آيَاتُ السَّجْدَةِ,https://terminologyenc.com/ar/browse/term/14797,new_term,,,pending,not_verified
آيَاتُ الشِّفَاءِ,https://terminologyenc.com/ar/browse/term/14798,new_term,,,pending,not_verified
آيَاتُ اللِّعَانِ,https://terminologyenc.com/ar/browse/term/14799,new_term,,,pending,not_verified
آيات الله,https://terminologyenc.com/ar/browse/term/46048,new_term,,,pending,not_verified
آيَاتُ المَوَارِيثِ,https://terminologyenc.com/ar/browse/term/14802,new_term,,,pending,not_verified
آيَاتُ الوَصَايَا العَشْرِ,https://terminologyenc.com/ar/browse/term/14803,new_term,,,pending,not_verified
إياس بن معاوية بن قرة المزني,https://terminologyenc.com/ar/browse/term/38390,new_term,,,pending,not_verified
أَيَّامُ البِيضِ,https://terminologyenc.com/ar/browse/term/72413,new_term,,,pending,not_verified
أيّام التَّشْرِيق,https://terminologyenc.com/ar/browse/term/8858,label_without_motion,454,,pending,not_verified
أيّامُ مِنى,https://terminologyenc.com/ar/browse/term/7251,new_term,,,pending,not_verified
أَيَامَى,https://terminologyenc.com/ar/browse/term/7253,new_term,,,pending,not_verified
إيتار,https://terminologyenc.com/ar/browse/term/6931,new_term,,,pending,not_verified
ائتمام,https://terminologyenc.com/ar/browse/term/5249,new_term,,,pending,not_verified
إِيثارٌ,https://terminologyenc.com/ar/browse/term/36617,label_without_motion,12353,,pending,not_verified
إِيجابٌ,https://terminologyenc.com/ar/browse/term/8573,new_term,,,pending,not_verified
إيجاد,https://terminologyenc.com/ar/browse/term/10353,ambiguous_label,"8420,10365",8420,pending,not_verified
إيجار,https://terminologyenc.com/ar/browse/term/6930,label_without_motion,4753,,pending,not_verified
إِيصاءٌ,https://terminologyenc.com/ar/browse/term/8574,new_term,,,pending,not_verified
أَيْلَة,https://terminologyenc.com/ar/browse/term/75946,new_term,,,pending,not_verified
إيليا ضاهر أبو ماضي,https://terminologyenc.com/ar/browse/term/40100,new_term,,,pending,not_verified
إِيلِيَاء,https://terminologyenc.com/ar/browse/term/75947,new_term,,,pending,not_verified
أَيِّـمٌ,https://terminologyenc.com/ar/browse/term/7254,new_term,,,pending,not_verified
أَيْمانٌ,https://terminologyenc.com/ar/browse/term/36615,label_with_motion,3846,3846,pending,not_verified
إيمان بالله,https://terminologyenc.com/ar/browse/term/10358,new_term,,,pending,not_verified
إيمان باليوم الآخر,https://terminologyenc.com/ar/browse/term/10361,new_term,,,pending,not_verified
آيَةٌ,https://terminologyenc.com/ar/browse/term/6691,ambiguous_label,"1398,1449",1398,pending,not_verified
آيَةُ البِرِّ,https://terminologyenc.com/ar/browse/term/14804,new_term,,,pending,not_verified
آيَةُ الحُقُوقِ العَشَرَةِ,https://terminologyenc.com/ar/browse/term/14806,new_term,,,pending,not_verified
آيةُ الدَّيْنِ,https://terminologyenc.com/ar/browse/term/14807,new_term,,,pending,not_verified
آيَةُ السَّيْفِ,https://terminologyenc.com/ar/browse/term/14808,new_term,,,pending,not_verified
آيةُ الكُرْسِيِّ,https://terminologyenc.com/ar/browse/term/14809,ambiguous_label,"456,1448",,pending,not_verified
آيَةُ الوَصِيَّةِ,https://terminologyenc.com/ar/browse/term/14810,new_term,,,pending,not_verified
إيهام,https://terminologyenc.com/ar/browse/term/10363,new_term,,,pending,not_verified
أيوب بن أبي تميمة كيسان السختياني,https://terminologyenc.com/ar/browse/term/38392,new_term,,,pending,not_verified
أيوب بن موسى الحسيني القريمي,https://terminologyenc.com/ar/browse/term/38396,new_term,,,pending,not_verified
أيوب نبي الله,https://terminologyenc.com/ar/browse/term/38391,new_term,,,pending,not_verified
بَابِل,https://terminologyenc.com/ar/browse/term/75861,new_term,,,pending,not_verified
بادي,https://terminologyenc.com/ar/browse/term/10403,new_term,,,pending,not_verified
بَازِلَةٌ,https://terminologyenc.com/ar/browse/term/6223,new_term,,,pending,not_verified
باسُورٌ,https://terminologyenc.com/ar/browse/term/6224,new_term,,,pending,not_verified
باضِعة,https://terminologyenc.com/ar/browse/term/6225,new_term,,,pending,not_verified
باطِلٌ,https://terminologyenc.com/ar/browse/term/6226,new_term,,,pending,not_verified
باقِرِيَّة,https://terminologyenc.com/ar/browse/term/46040,new_term,,,pending,not_verified
بتات,https://terminologyenc.com/ar/browse/term/6929,new_term,,,pending,not_verified
بتر,https://terminologyenc.com/ar/browse/term/6928,label_without_motion,10669,,pending,not_verified
بتراء,https://terminologyenc.com/ar/browse/term/6927,new_term,,,pending,not_verified
بترية,https://terminologyenc.com/ar/browse/term/46047,new_term,,,pending,not_verified
بِتْعٌ,https://terminologyenc.com/ar/browse/term/6227,new_term,,,pending,not_verified
بَتْلَة,https://terminologyenc.com/ar/browse/term/8578,new_term,,,pending,not_verified
بحر,https://terminologyenc.com/ar/browse/term/6926,ambiguous_label,"5912,12123",,pending,not_verified
بُحَيْرَة طَبَرِيَّة,https://terminologyenc.com/ar/browse/term/76073,new_term,,,pending,not_verified
بُخارٌ,https://terminologyenc.com/ar/browse/term/6228,label_without_motion,1641,,pending,not_verified
بَخَرٌ,https://terminologyenc.com/ar/browse/term/3620,new_term,,,pending,not_verified
بَخْسٌ,https://terminologyenc.com/ar/browse/term/8579,new_term,,,pending,not_verified
بَخِيلَةٌ,https://terminologyenc.com/ar/browse/term/4059,new_term,,,pending,not_verified
بداء,https://terminologyenc.com/ar/browse/term/46042,new_term,,,pending,not_verified
بَدْر,https://terminologyenc.com/ar/browse/term/75862,new_term,,,pending,not_verified
بدر بن ناصر بن بدر البدر,https://terminologyenc.com/ar/browse/term/76268,new_term,,,pending,not_verified
بدعة,https://terminologyenc.com/ar/browse/term/46046,label_without_motion,1450,,pending,not_verified
بدهيات,https://terminologyenc.com/ar/browse/term/10378,new_term,,,pending,not_verified
بَذاءَةٌ,https://terminologyenc.com/ar/browse/term/36595,label_without_motion,1376,,pending,not_verified
بَذْرٌ,https://terminologyenc.com/ar/browse/term/8580,new_term,,,pending,not_verified
بَذْرَقَة,https://terminologyenc.com/ar/browse/term/8581,new_term,,,pending,not_verified
بِرٌّ,https://terminologyenc.com/ar/browse/term/36606,new_term,,,pending,not_verified
بُرٌّ,https://terminologyenc.com/ar/browse/term/5149,new_term,,,pending,not_verified
بَـرٌّ,https://terminologyenc.com/ar/browse/term/766,new_term,,,pending,not_verified
بِرُّ الوالِدَيْنِ,https://terminologyenc.com/ar/browse/term/3622,label_with_motion,1377,1377,pending,not_verified
بَرَاءَة,https://terminologyenc.com/ar/browse/term/16730,label_without_motion,8438,,pending,not_verified
بَراءَةٌ,https://terminologyenc.com/ar/browse/term/8584,label_without_motion,8438,,pending,not_verified
بَرَاءَةٌ أَصْلِيَّةٌ,https://terminologyenc.com/ar/browse/term/75242,new_term,,,pending,not_verified
بَرَاءَةُ الذِّمَّةِ,https://terminologyenc.com/ar/browse/term/75243,new_term,,,pending,not_verified
براءة من الشرك,https://terminologyenc.com/ar/browse/term/8583,new_term,,,pending,not_verified
بَراجِمٌ,https://terminologyenc.com/ar/browse/term/770,new_term,,,pending,not_verified
براز,https://terminologyenc.com/ar/browse/term/6925,ambiguous_label,"1644,11556",,pending,not_verified
بَرَد,https://terminologyenc.com/ar/browse/term/8585,label_without_motion,1645,,pending,not_verified
بَرْد,https://terminologyenc.com/ar/browse/term/8586,label_without_motion,1645,,pending,not_verified
برزخ,https://terminologyenc.com/ar/browse/term/10379,new_term,,,pending,not_verified
بَرْزَةٌ,https://terminologyenc.com/ar/browse/term/6229,new_term,,,pending,not_verified
بِرْسامٌ,https://terminologyenc.com/ar/browse/term/6230,new_term,,,pending,not_verified
بَرْك الغِمَاد,https://terminologyenc.com/ar/browse/term/75948,new_term,,,pending,not_verified
بَرنامَجٌ,https://terminologyenc.com/ar/browse/term/6231,label_without_motion,9817,,pending,not_verified
بُرْهانٌ,https://terminologyenc.com/ar/browse/term/10380,new_term,,,pending,not_verified
بَرِيد,https://terminologyenc.com/ar/browse/term/8587,label_without_motion,10677,,pending,not_verified
بريدة بن الحصيب بن عبد الله بن الحارث,https://terminologyenc.com/ar/browse/term/38397,new_term,,,pending,not_verified
بزيغية,https://terminologyenc.com/ar/browse/term/46050,new_term,,,pending,not_verified
بسر بن أرطاة (أو ابن أبي أرطاة) العامري,https://terminologyenc.com/ar/browse/term/40101,new_term,,,pending,not_verified
بشار بن برد العقيلي,https://terminologyenc.com/ar/browse/term/40103,new_term,,,pending,not_verified
بِشارَةٌ,https://terminologyenc.com/ar/browse/term/6277,ambiguous_label,"3855,10681",10681,pending,not_verified
بشر بن الحارث بن علي بن عبد الرحمن,https://terminologyenc.com/ar/browse/term/38398,new_term,,,pending,not_verified
بشر بن غياث بن أبي كريمة,https://terminologyenc.com/ar/browse/term/38399,new_term,,,pending,not_verified
بَصَر,https://terminologyenc.com/ar/browse/term/72416,label_with_motion,1650,1650,pending,not_verified
بُصْرَى,https://terminologyenc.com/ar/browse/term/75949,new_term,,,pending,not_verified
بَطالَةٌ,https://terminologyenc.com/ar/browse/term/6278,label_without_motion,6101,,pending,not_verified
بِطانَةٌ,https://terminologyenc.com/ar/browse/term/7411,label_without_motion,9965,,pending,not_verified
بُطْحَان,https://terminologyenc.com/ar/browse/term/75950,new_term,,,pending,not_verified
بَطَرٌ,https://terminologyenc.com/ar/browse/term/46051,new_term,,,pending,not_verified
بُطْلانٌ,https://terminologyenc.com/ar/browse/term/6279,new_term,,,pending,not_verified
بُعَاث,https://terminologyenc.com/ar/browse/term/75952,new_term,,,pending,not_verified
بعث,https://terminologyenc.com/ar/browse/term/10382,label_without_motion,11985,,pending,not_verified
بَعْضِيَّةٌ,https://terminologyenc.com/ar/browse/term/6281,new_term,,,pending,not_verified
بُغاةٌ,https://terminologyenc.com/ar/browse/term/6282,new_term,,,pending,not_verified
بُغْضٌ,https://terminologyenc.com/ar/browse/term/36614,new_term,,,pending,not_verified
بَغْيٌ,https://terminologyenc.com/ar/browse/term/7412,new_term,,,pending,not_verified
بقاء,https://terminologyenc.com/ar/browse/term/10383,new_term,,,pending,not_verified
بقي بن مخلد بن يزيد القرطبي,https://terminologyenc.com/ar/browse/term/38402,new_term,,,pending,not_verified
بقية بن الوليد بن صائد,https://terminologyenc.com/ar/browse/term/38403,new_term,,,pending,not_verified
بُكَاءٌ,https://terminologyenc.com/ar/browse/term/7255,label_without_motion,12172,,pending,not_verified
بكر بن عبد العزيز بن أبي دلف,https://terminologyenc.com/ar/browse/term/38409,new_term,,,pending,not_verified
بكر بن عبد الله أبو زيد,https://terminologyenc.com/ar/browse/term/69902,new_term,,,pending,not_verified
بَلاغٌ,https://terminologyenc.com/ar/browse/term/6283,new_term,,,pending,not_verified
بلال بن الحارث المزني,https://terminologyenc.com/ar/browse/term/38410,new_term,,,pending,not_verified
بلال بن رباح الحبشي,https://terminologyenc.com/ar/browse/term/38411,new_term,,,pending,not_verified
بَلْدَح,https://terminologyenc.com/ar/browse/term/75955,new_term,,,pending,not_verified
بلقيس بنت الهدهاد بن شرحبيل,https://terminologyenc.com/ar/browse/term/38412,new_term,,,pending,not_verified
بُلُوغٌ,https://terminologyenc.com/ar/browse/term/4584,label_with_motion,10695,10695,pending,not_verified
بن ثور بن عفير,https://terminologyenc.com/ar/browse/term/40914,new_term,,,pending,not_verified
بنانية,https://terminologyenc.com/ar/browse/term/46053,new_term,,,pending,not_verified
بِنْتٌ,https://terminologyenc.com/ar/browse/term/5040,ambiguous_label,"6123,12418",6123,pending,not_verified
بِنْتُ الِابْنِ,https://terminologyenc.com/ar/browse/term/6546,new_term,,,pending,not_verified
بَنْجٌ,https://terminologyenc.com/ar/browse/term/6284,label_without_motion,5485,,pending,not_verified
بُنْدُقٌ,https://terminologyenc.com/ar/browse/term/6285,new_term,,,pending,not_verified
بُنُوَّةٌ,https://terminologyenc.com/ar/browse/term/6286,new_term,,,pending,not_verified
بهائية,https://terminologyenc.com/ar/browse/term/46052,new_term,,,pending,not_verified
بُهْتانٌ,https://terminologyenc.com/ar/browse/term/72476,new_term,,,pending,not_verified
بُهَرَة,https://terminologyenc.com/ar/browse/term/46058,new_term,,,pending,not_verified
بَهِيمَةٌ,https://terminologyenc.com/ar/browse/term/6287,ambiguous_label,"8668,10699",10699,pending,not_verified
بوار,https://terminologyenc.com/ar/browse/term/10386,new_term,,,pending,not_verified
بُوَاط,https://terminologyenc.com/ar/browse/term/76074,new_term,,,pending,not_verified
بوذية,https://terminologyenc.com/ar/browse/term/46060,new_term,,,pending,not_verified
بَوْلٌ,https://terminologyenc.com/ar/browse/term/6703,ambiguous_label,"1452,12126",,pending,not_verified
بَياتٌ,https://terminologyenc.com/ar/browse/term/6288,new_term,,,pending,not_verified
بيان,https://terminologyenc.com/ar/browse/term/10387,label_with_motion,1537,1537,pending,not_verified
بَيْتٌ,https://terminologyenc.com/ar/browse/term/6289,label_with_motion,4586,4586,pending,not_verified
بَيْتُ الزَّوْجِيَّةِ,https://terminologyenc.com/ar/browse/term/6290,new_term,,,pending,not_verified
بَيْتُ الـمالِ,https://terminologyenc.com/ar/browse/term/2926,new_term,,,pending,not_verified
بَيْتُ المَقْدِسِ,https://terminologyenc.com/ar/browse/term/6291,new_term,,,pending,not_verified
بَيْتُ النّارِ,https://terminologyenc.com/ar/browse/term/6292,new_term,,,pending,not_verified
بَيْتُوتَةٌ,https://terminologyenc.com/ar/browse/term/6293,new_term,,,pending,not_verified
بِئْر أَرِيس,https://terminologyenc.com/ar/browse/term/75956,new_term,,,pending,not_verified
بِئْر جَمَل,https://terminologyenc.com/ar/browse/term/75957,new_term,,,pending,not_verified
بِئْر ذَرْوَانَ,https://terminologyenc.com/ar/browse/term/75958,new_term,,,pending,not_verified
بِئْر رُومَةَ,https://terminologyenc.com/ar/browse/term/75959,new_term,,,pending,not_verified
بِئْر مَعُونَة,https://terminologyenc.com/ar/browse/term/75960,new_term,,,pending,not_verified
بَيْرُحَاء,https://terminologyenc.com/ar/browse/term/75961,new_term,,,pending,not_verified
بَيْسَان,https://terminologyenc.com/ar/browse/term/76076,new_term,,,pending,not_verified
بَيْضٌ,https://terminologyenc.com/ar/browse/term/6294,label_with_motion,1670,1670,pending,not_verified
بَيْطَرَةٌ,https://terminologyenc.com/ar/browse/term/6295,new_term,,,pending,not_verified
بيع,https://terminologyenc.com/ar/browse/term/7257,label_with_motion,8465,8465,pending,not_verified
بَيْعُ الاسْتِنامَةِ,https://terminologyenc.com/ar/browse/term/8589,new_term,,,pending,not_verified
بَيْعُ الأمانَةِ,https://terminologyenc.com/ar/browse/term/8590,new_term,,,pending,not_verified
بَيْعُ التَّوْلِيَةِ,https://terminologyenc.com/ar/browse/term/8592,new_term,,,pending,not_verified
بَيْعُ الثُّنْيَا,https://terminologyenc.com/ar/browse/term/8593,new_term,,,pending,not_verified
بَيْعُ الجُزافِ,https://terminologyenc.com/ar/browse/term/6296,new_term,,,pending,not_verified
بَيْعُ الحاضِرِ لِلْبادِي,https://terminologyenc.com/ar/browse/term/6548,new_term,,,pending,not_verified
بَيْعُ الحَصاةِ,https://terminologyenc.com/ar/browse/term/6297,new_term,,,pending,not_verified
بَيْعُ الصَّرْفِ,https://terminologyenc.com/ar/browse/term/6298,new_term,,,pending,not_verified
بَيْعُ العَرايا,https://terminologyenc.com/ar/browse/term/6299,new_term,,,pending,not_verified
بَيْعُ المُسْتَرسِلِ,https://terminologyenc.com/ar/browse/term/8595,new_term,,,pending,not_verified
بَيْعُ الوَفاءِ,https://terminologyenc.com/ar/browse/term/8594,new_term,,,pending,not_verified
بَيْعُ ما لَـمْ يُقْبَضْ,https://terminologyenc.com/ar/browse/term/6550,new_term,,,pending,not_verified
بَيْعَتانِ في بَيْعَةٍ,https://terminologyenc.com/ar/browse/term/6558,new_term,,,pending,not_verified
بَيعَةٌ,https://terminologyenc.com/ar/browse/term/8673,new_term,,,pending,not_verified
بُيوعٌ مَنْهِيٌّ عنها,https://terminologyenc.com/ar/browse/term/6551,new_term,,,pending,not_verified
تابِعٌ,https://terminologyenc.com/ar/browse/term/6300,label_without_motion,12475,,pending,not_verified
تابِعِيٌّ,https://terminologyenc.com/ar/browse/term/71780,label_without_motion,10702,,pending,not_verified
تابُوتٌ,https://terminologyenc.com/ar/browse/term/6301,new_term,,,pending,not_verified
تَأْبِيدٌ,https://terminologyenc.com/ar/browse/term/7258,new_term,,,pending,not_verified
تَأبِينٌ,https://terminologyenc.com/ar/browse/term/8596,new_term,,,pending,not_verified
تأثير,https://terminologyenc.com/ar/browse/term/10389,label_with_motion,1672,1672,pending,not_verified
تَأْجِيلٌ,https://terminologyenc.com/ar/browse/term/8597,ambiguous_label,"3861,11820,11894",,pending,not_verified
تَأَخُّرٌ,https://terminologyenc.com/ar/browse/term/7259,label_without_motion,5039,,pending,not_verified
تَأخيرٌ,https://terminologyenc.com/ar/browse/term/7260,ambiguous_label,"3862,11895",3862,pending,not_verified
تَأْدِيبٌ,https://terminologyenc.com/ar/browse/term/8598,new_term,,,pending,not_verified
تارِيخٌ,https://terminologyenc.com/ar/browse/term/6302,label_without_motion,8469,,pending,not_verified
تأسي,https://terminologyenc.com/ar/browse/term/46059,new_term,,,pending,not_verified
تأكِيد,https://terminologyenc.com/ar/browse/term/8600,new_term,,,pending,not_verified
تَأَمُّلٌ,https://terminologyenc.com/ar/browse/term/36613,ambiguous_label,"10393,10708",,pending,not_verified
تَأمِيم,https://terminologyenc.com/ar/browse/term/8601,new_term,,,pending,not_verified
تَأْمِينُ الدُّعاءِ,https://terminologyenc.com/ar/browse/term/7261,new_term,,,pending,not_verified
تَأَنِّي,https://terminologyenc.com/ar/browse/term/36612,new_term,,,pending,not_verified
تَأوِيلٌ,https://terminologyenc.com/ar/browse/term/8602,new_term,,,pending,not_verified
تأويل باطني,https://terminologyenc.com/ar/browse/term/46056,new_term,,,pending,not_verified
تبارك الله,https://terminologyenc.com/ar/browse/term/46054,new_term,,,pending,not_verified
تبتل,https://terminologyenc.com/ar/browse/term/10369,new_term,,,pending,not_verified
تَبَخْتُرٌ,https://terminologyenc.com/ar/browse/term/8603,new_term,,,pending,not_verified
تَبْدِيلٌ,https://terminologyenc.com/ar/browse/term/6560,label_without_motion,10392,,pending,not_verified
تَبَذُّلٌ,https://terminologyenc.com/ar/browse/term/8604,new_term,,,pending,not_verified
تَبْذِيرٌ,https://terminologyenc.com/ar/browse/term/6561,new_term,,,pending,not_verified
تِبْرٌ,https://terminologyenc.com/ar/browse/term/8605,new_term,,,pending,not_verified
تَبَرُّعٌ,https://terminologyenc.com/ar/browse/term/6568,ambiguous_label,"777,12355",777,pending,not_verified
تَبَرُّؤٌ,https://terminologyenc.com/ar/browse/term/6571,new_term,,,pending,not_verified
تَبَسُّطٌ,https://terminologyenc.com/ar/browse/term/6572,new_term,,,pending,not_verified
تَبَسُّمٌ,https://terminologyenc.com/ar/browse/term/771,new_term,,,pending,not_verified
تَبَعُّضٌ,https://terminologyenc.com/ar/browse/term/8674,new_term,,,pending,not_verified
تَبِعَةٌ,https://terminologyenc.com/ar/browse/term/6575,new_term,,,pending,not_verified
تَبْعِيضٌ,https://terminologyenc.com/ar/browse/term/8675,new_term,,,pending,not_verified
تَبَعِيَّةٌ,https://terminologyenc.com/ar/browse/term/6589,new_term,,,pending,not_verified
تَبَغٌ,https://terminologyenc.com/ar/browse/term/6303,label_without_motion,8479,,pending,not_verified
تَبْليغٌ,https://terminologyenc.com/ar/browse/term/36610,label_without_motion,3863,,pending,not_verified
تَبْلِيغٌ,https://terminologyenc.com/ar/browse/term/6304,label_without_motion,3863,,pending,not_verified
تَبَنِّي,https://terminologyenc.com/ar/browse/term/6305,new_term,,,pending,not_verified
تَبُوك,https://terminologyenc.com/ar/browse/term/75962,label_without_motion,4225,,pending,not_verified
تَبْوِئَةٌ,https://terminologyenc.com/ar/browse/term/94,new_term,,,pending,not_verified
تَبِيعٌ - تَبِيعَةٌ,https://terminologyenc.com/ar/browse/term/7262,new_term,,,pending,not_verified
تَبَيُّن,https://terminologyenc.com/ar/browse/term/72479,new_term,,,pending,not_verified
تَبْيِينٌ,https://terminologyenc.com/ar/browse/term/36609,new_term,,,pending,not_verified
تَتابُعٌ,https://terminologyenc.com/ar/browse/term/774,label_without_motion,9668,,pending,not_verified
تَتَبُّعُ الرُّخَصِ,https://terminologyenc.com/ar/browse/term/75245,new_term,,,pending,not_verified
تَثاؤُبٌ,https://terminologyenc.com/ar/browse/term/773,new_term,,,pending,not_verified
تثليث,https://terminologyenc.com/ar/browse/term/46057,label_without_motion,4393,,pending,not_verified
تَثْنِيَة الأذان,https://terminologyenc.com/ar/browse/term/6591,new_term,,,pending,not_verified
تَثْوِيبٌ,https://terminologyenc.com/ar/browse/term/6592,new_term,,,pending,not_verified
تِجارَةٌ,https://terminologyenc.com/ar/browse/term/8606,label_without_motion,5809,,pending,not_verified
تَجْدِيدٌ,https://terminologyenc.com/ar/browse/term/72503,label_with_motion,10711,10711,pending,not_verified
تجديد الدين,https://terminologyenc.com/ar/browse/term/14927,new_term,,,pending,not_verified
تَجَرُّدٌ,https://terminologyenc.com/ar/browse/term/4060,new_term,,,pending,not_verified
تَجَزُّؤ,https://terminologyenc.com/ar/browse/term/72505,new_term,,,pending,not_verified
تَجَسُّسٌ,https://terminologyenc.com/ar/browse/term/107,label_without_motion,8480,,pending,not_verified
تجسيم,https://terminologyenc.com/ar/browse/term/46062,new_term,,,pending,not_verified
تَجَمُّلٌ,https://terminologyenc.com/ar/browse/term/135,new_term,,,pending,not_verified
تَجْوِيدٌ,https://terminologyenc.com/ar/browse/term/136,label_without_motion,779,,pending,not_verified
تحالف,https://terminologyenc.com/ar/browse/term/46063,ambiguous_label,"3864,11896",,pending,not_verified
تَحْبِيسٌ,https://terminologyenc.com/ar/browse/term/72477,new_term,,,pending,not_verified
تَحْجِيرٌ,https://terminologyenc.com/ar/browse/term/72481,new_term,,,pending,not_verified
تَحْدِيدٌ,https://terminologyenc.com/ar/browse/term/137,label_without_motion,10377,,pending,not_verified
تَحَرُّفٌ,https://terminologyenc.com/ar/browse/term/145,new_term,,,pending,not_verified
تَحَرِّي,https://terminologyenc.com/ar/browse/term/151,new_term,,,pending,not_verified
تَحْرِيشٌ,https://terminologyenc.com/ar/browse/term/152,new_term,,,pending,not_verified
تَحْرِيضٌ,https://terminologyenc.com/ar/browse/term/8676,new_term,,,pending,not_verified
تَحرِيفٌ,https://terminologyenc.com/ar/browse/term/71781,label_without_motion,9670,,pending,not_verified
تَحْرِيفٌ,https://terminologyenc.com/ar/browse/term/8677,label_without_motion,9670,,pending,not_verified
تَحْرِيمٌ,https://terminologyenc.com/ar/browse/term/8678,new_term,,,pending,not_verified
تحسين,https://terminologyenc.com/ar/browse/term/46067,label_without_motion,10717,,pending,not_verified
تَحْسِينِيّاتٌ,https://terminologyenc.com/ar/browse/term/8607,new_term,,,pending,not_verified
تَحَصُّنٌ,https://terminologyenc.com/ar/browse/term/153,new_term,,,pending,not_verified
تَحْقيرٌ,https://terminologyenc.com/ar/browse/term/67712,new_term,,,pending,not_verified
تَحْقِيقٌ,https://terminologyenc.com/ar/browse/term/14813,new_term,,,pending,not_verified
تَحْقِيقُ المَناطِ,https://terminologyenc.com/ar/browse/term/8680,new_term,,,pending,not_verified
تَحْكِيمٌ,https://terminologyenc.com/ar/browse/term/8608,new_term,,,pending,not_verified
تَحْلِيقٌ,https://terminologyenc.com/ar/browse/term/8613,label_with_motion,8489,8489,pending,not_verified
تَحْلِيلٌ,https://terminologyenc.com/ar/browse/term/8615,label_without_motion,8490,,pending,not_verified
تحْلِيَةٌ,https://terminologyenc.com/ar/browse/term/8612,label_without_motion,3865,,pending,not_verified
تَحْمِيدٌ,https://terminologyenc.com/ar/browse/term/8616,new_term,,,pending,not_verified
تَحْنِيكٌ,https://terminologyenc.com/ar/browse/term/8618,new_term,,,pending,not_verified
تَحْوِيلٌ,https://terminologyenc.com/ar/browse/term/8621,new_term,,,pending,not_verified
تَحِيَّةٌ,https://terminologyenc.com/ar/browse/term/7263,label_with_motion,10721,10721,pending,not_verified
تخالف,https://terminologyenc.com/ar/browse/term/46066,new_term,,,pending,not_verified
تَخْبِيبٌ,https://terminologyenc.com/ar/browse/term/154,new_term,,,pending,not_verified
تخَتُّمٌ,https://terminologyenc.com/ar/browse/term/233,new_term,,,pending,not_verified
تَخْرِيبٌ,https://terminologyenc.com/ar/browse/term/234,label_without_motion,3866,,pending,not_verified
تخْرِيجٌ,https://terminologyenc.com/ar/browse/term/71783,new_term,,,pending,not_verified
تَخْرِيجُ المَناطِ,https://terminologyenc.com/ar/browse/term/6594,new_term,,,pending,not_verified
تَخَصُّرٌ,https://terminologyenc.com/ar/browse/term/7264,new_term,,,pending,not_verified
تخصيص,https://terminologyenc.com/ar/browse/term/7265,label_without_motion,8491,,pending,not_verified
تَخَطِّي الرِّقابِ,https://terminologyenc.com/ar/browse/term/6605,new_term,,,pending,not_verified
تَخْفِيفٌ,https://terminologyenc.com/ar/browse/term/7266,label_without_motion,10723,,pending,not_verified
تَخْلِيلٌ,https://terminologyenc.com/ar/browse/term/6606,label_without_motion,9974,,pending,not_verified
تَخْلِيَةٌ,https://terminologyenc.com/ar/browse/term/235,new_term,,,pending,not_verified
تَخْمِيسٌ,https://terminologyenc.com/ar/browse/term/236,new_term,,,pending,not_verified
تَخْمِينٌ,https://terminologyenc.com/ar/browse/term/237,label_without_motion,10381,,pending,not_verified
تخَنُّث,https://terminologyenc.com/ar/browse/term/8862,new_term,,,pending,not_verified
تَخْيِيرٌ,https://terminologyenc.com/ar/browse/term/7413,new_term,,,pending,not_verified
تَداخُلٌ,https://terminologyenc.com/ar/browse/term/7414,new_term,,,pending,not_verified
تَدارُكٌ,https://terminologyenc.com/ar/browse/term/238,new_term,,,pending,not_verified
تدبير,https://terminologyenc.com/ar/browse/term/7268,new_term,,,pending,not_verified
تَدْخِينٌ,https://terminologyenc.com/ar/browse/term/239,label_without_motion,10727,,pending,not_verified
تَدْلِيسٌ,https://terminologyenc.com/ar/browse/term/240,new_term,,,pending,not_verified
تَدْلِيسٌ,https://terminologyenc.com/ar/browse/term/71778,new_term,,,pending,not_verified
تَدْيِينٌ,https://terminologyenc.com/ar/browse/term/241,new_term,,,pending,not_verified
تَذْفِيفٌ,https://terminologyenc.com/ar/browse/term/242,new_term,,,pending,not_verified
تذكية,https://terminologyenc.com/ar/browse/term/7270,new_term,,,pending,not_verified
تُراب الصّاغة,https://terminologyenc.com/ar/browse/term/8863,new_term,,,pending,not_verified
تُراب المَعادِن,https://terminologyenc.com/ar/browse/term/8864,new_term,,,pending,not_verified
تَرَاخِي,https://terminologyenc.com/ar/browse/term/75246,new_term,,,pending,not_verified
تَرادُفٌ,https://terminologyenc.com/ar/browse/term/46073,new_term,,,pending,not_verified
تَراضٍ,https://terminologyenc.com/ar/browse/term/646,new_term,,,pending,not_verified
تراويح,https://terminologyenc.com/ar/browse/term/7271,new_term,,,pending,not_verified
تَرَبُّعٌ,https://terminologyenc.com/ar/browse/term/647,new_term,,,pending,not_verified
تَرْتِيبُ السُّوَرِ,https://terminologyenc.com/ar/browse/term/14814,new_term,,,pending,not_verified
تَرْتِيلٌ,https://terminologyenc.com/ar/browse/term/648,label_without_motion,8499,,pending,not_verified
ترتيل - يحذف,https://terminologyenc.com/ar/browse/term/14815,new_term,,,pending,not_verified
تَرْجَمَةٌ,https://terminologyenc.com/ar/browse/term/649,label_without_motion,3869,,pending,not_verified
تَرْجَمَةُ القُرْآنِ,https://terminologyenc.com/ar/browse/term/14816,new_term,,,pending,not_verified
تَرْجِيحٌ,https://terminologyenc.com/ar/browse/term/75247,new_term,,,pending,not_verified
تَرْجِيعٌ,https://terminologyenc.com/ar/browse/term/650,new_term,,,pending,not_verified
تَرجِيلٌ,https://terminologyenc.com/ar/browse/term/3631,new_term,,,pending,not_verified
تَرَحُّمٌ,https://terminologyenc.com/ar/browse/term/651,new_term,,,pending,not_verified
تَرْخِيصٌ,https://terminologyenc.com/ar/browse/term/652,label_with_motion,2220,2220,pending,not_verified
تَرْخِيمٌ,https://terminologyenc.com/ar/browse/term/14817,new_term,,,pending,not_verified
تردد,https://terminologyenc.com/ar/browse/term/46072,label_without_motion,1699,,pending,not_verified
تَرَدِّي,https://terminologyenc.com/ar/browse/term/653,new_term,,,pending,not_verified
تَرْسِيمٌ,https://terminologyenc.com/ar/browse/term/654,new_term,,,pending,not_verified
تَرْشِيدٌ,https://terminologyenc.com/ar/browse/term/3629,label_without_motion,1701,,pending,not_verified
تَرَضِّي,https://terminologyenc.com/ar/browse/term/3632,new_term,,,pending,not_verified
تَرْغِيْبٌ,https://terminologyenc.com/ar/browse/term/72438,new_term,,,pending,not_verified
تَرْقِيقٌ,https://terminologyenc.com/ar/browse/term/14818,new_term,,,pending,not_verified
تَرْكٌ,https://terminologyenc.com/ar/browse/term/3635,label_with_motion,9978,9978,pending,not_verified
ترك,https://terminologyenc.com/ar/browse/term/46071,label_with_motion,9978,9978,pending,not_verified
تَرْكُ الصَّلاةِ,https://terminologyenc.com/ar/browse/term/36652,label_with_motion,785,785,pending,not_verified
تَرِكَةٌ,https://terminologyenc.com/ar/browse/term/3638,new_term,,,pending,not_verified
تركيب,https://terminologyenc.com/ar/browse/term/46070,ambiguous_label,"8506,11723",,pending,not_verified
تَرْمِيمٌ,https://terminologyenc.com/ar/browse/term/3640,label_without_motion,3870,,pending,not_verified
تروية,https://terminologyenc.com/ar/browse/term/7272,new_term,,,pending,not_verified
تِرْياقٌ,https://terminologyenc.com/ar/browse/term/3643,new_term,,,pending,not_verified
تَزْكِيَةٌ,https://terminologyenc.com/ar/browse/term/3646,label_without_motion,8508,,pending,not_verified
تزويج,https://terminologyenc.com/ar/browse/term/7273,new_term,,,pending,not_verified
تَزْوِيرٌ,https://terminologyenc.com/ar/browse/term/3648,label_without_motion,3871,,pending,not_verified
تَزَيُّنٌ,https://terminologyenc.com/ar/browse/term/3649,new_term,,,pending,not_verified
تَساقُطٌ,https://terminologyenc.com/ar/browse/term/4320,new_term,,,pending,not_verified
تَسَبُّبٌ,https://terminologyenc.com/ar/browse/term/7274,new_term,,,pending,not_verified
تَسْبِيحٌ,https://terminologyenc.com/ar/browse/term/36620,label_without_motion,10735,,pending,not_verified
تَسبِيلٌ,https://terminologyenc.com/ar/browse/term/7275,new_term,,,pending,not_verified
تَسْجِيلٌ,https://terminologyenc.com/ar/browse/term/7276,label_without_motion,1704,,pending,not_verified
تسري,https://terminologyenc.com/ar/browse/term/7277,new_term,,,pending,not_verified
تسلسل,https://terminologyenc.com/ar/browse/term/46074,new_term,,,pending,not_verified
تَسَلْسُلُ الحَوَادِثِ,https://terminologyenc.com/ar/browse/term/10390,new_term,,,pending,not_verified
تَسَلُّمٌ,https://terminologyenc.com/ar/browse/term/7278,new_term,,,pending,not_verified
تَسلِيفٌ,https://terminologyenc.com/ar/browse/term/7280,new_term,,,pending,not_verified
تَسْمِيعٌ,https://terminologyenc.com/ar/browse/term/72512,new_term,,,pending,not_verified
تَسْمِيَّةٌ,https://terminologyenc.com/ar/browse/term/14819,label_without_motion,8511,,pending,not_verified
تَسْمِيَةٌ - يحذف,https://terminologyenc.com/ar/browse/term/6607,new_term,,,pending,not_verified
تَسْنِيمٌ,https://terminologyenc.com/ar/browse/term/7281,new_term,,,pending,not_verified
تَسَوُّل,https://terminologyenc.com/ar/browse/term/16731,label_without_motion,8512,,pending,not_verified
تَسْوِيدٌ,https://terminologyenc.com/ar/browse/term/4323,new_term,,,pending,not_verified
تَسْوِيَةٌ,https://terminologyenc.com/ar/browse/term/4321,new_term,,,pending,not_verified
تَشابهٌ,https://terminologyenc.com/ar/browse/term/14820,label_without_motion,9990,,pending,not_verified
تَشامُلٌ,https://terminologyenc.com/ar/browse/term/38376,new_term,,,pending,not_verified
تَشْبِيبٌ,https://terminologyenc.com/ar/browse/term/7284,new_term,,,pending,not_verified
تَشْبِيكٌ,https://terminologyenc.com/ar/browse/term/6608,new_term,,,pending,not_verified
تَشْبِيهٌ,https://terminologyenc.com/ar/browse/term/4324,new_term,,,pending,not_verified
تَشْبِيه,https://terminologyenc.com/ar/browse/term/46080,new_term,,,pending,not_verified
تَشْرِيقٌ,https://terminologyenc.com/ar/browse/term/6609,new_term,,,pending,not_verified
تَشْرِيكٌ,https://terminologyenc.com/ar/browse/term/72509,new_term,,,pending,not_verified
تَشْمِيتٌ,https://terminologyenc.com/ar/browse/term/4325,new_term,,,pending,not_verified
تَشْمِيرٌ,https://terminologyenc.com/ar/browse/term/7286,new_term,,,pending,not_verified
تَشْهيرٌ,https://terminologyenc.com/ar/browse/term/7287,new_term,,,pending,not_verified
تَشَوُّفٌ,https://terminologyenc.com/ar/browse/term/4326,new_term,,,pending,not_verified
تَشْيِيعُ الجَنازَةِ,https://terminologyenc.com/ar/browse/term/6476,new_term,,,pending,not_verified
تَصَادُقٌ,https://terminologyenc.com/ar/browse/term/7290,new_term,,,pending,not_verified
تَصْحِيحٌ,https://terminologyenc.com/ar/browse/term/4327,label_without_motion,10388,,pending,not_verified
تَصْحِيحُ,https://terminologyenc.com/ar/browse/term/71784,label_without_motion,10388,,pending,not_verified
تَصْحِيفٌ,https://terminologyenc.com/ar/browse/term/7291,new_term,,,pending,not_verified
تَصْدِيقٌ,https://terminologyenc.com/ar/browse/term/11394,new_term,,,pending,not_verified
تَصْدِيقٌ,https://terminologyenc.com/ar/browse/term/7293,new_term,,,pending,not_verified
تَصَرُّف,https://terminologyenc.com/ar/browse/term/46081,label_with_motion,1712,1712,pending,not_verified
تَصَرُّفٌ,https://terminologyenc.com/ar/browse/term/7294,label_with_motion,1712,1712,pending,not_verified
تَصْفِيقٌ,https://terminologyenc.com/ar/browse/term/6477,new_term,,,pending,not_verified
تَصَوُّرٌ,https://terminologyenc.com/ar/browse/term/46079,label_with_motion,1713,1713,pending,not_verified
تَصْوِيرٌ,https://terminologyenc.com/ar/browse/term/6478,new_term,,,pending,not_verified
تَضَرُّعٌ,https://terminologyenc.com/ar/browse/term/46078,new_term,,,pending,not_verified
تَطْبِيبٌ,https://terminologyenc.com/ar/browse/term/4328,new_term,,,pending,not_verified
تَطْفِيـفٌ,https://terminologyenc.com/ar/browse/term/6479,new_term,,,pending,not_verified
تَطْهِيرٌ,https://terminologyenc.com/ar/browse/term/6481,new_term,,,pending,not_verified
تَعارُضُ,https://terminologyenc.com/ar/browse/term/71876,new_term,,,pending,not_verified
تَعارُفٌ,https://terminologyenc.com/ar/browse/term/36619,label_without_motion,10744,,pending,not_verified
تَعاوُنٌ,https://terminologyenc.com/ar/browse/term/36621,ambiguous_label,"1737,10745",,pending,not_verified
تَعْبِيرُ الرُّؤْيا,https://terminologyenc.com/ar/browse/term/14929,new_term,,,pending,not_verified
تَعْجِيزٌ,https://terminologyenc.com/ar/browse/term/4329,new_term,,,pending,not_verified
تَعْجِيلٌ,https://terminologyenc.com/ar/browse/term/6483,label_without_motion,10746,,pending,not_verified
تَعَدي,https://terminologyenc.com/ar/browse/term/72508,new_term,,,pending,not_verified
تَعْدِيلٌ,https://terminologyenc.com/ar/browse/term/4330,label_without_motion,11455,,pending,not_verified
تَعْذِيبٌ,https://terminologyenc.com/ar/browse/term/4981,new_term,,,pending,not_verified
تَعْرِيضٌ,https://terminologyenc.com/ar/browse/term/4982,new_term,,,pending,not_verified
تَعْريفٌ,https://terminologyenc.com/ar/browse/term/72511,label_with_motion,8521,8521,pending,not_verified
تَعْزِيرٌ,https://terminologyenc.com/ar/browse/term/4984,new_term,,,pending,not_verified
تَعْزِيَةٌ,https://terminologyenc.com/ar/browse/term/4983,label_without_motion,8522,,pending,not_verified
تعسير,https://terminologyenc.com/ar/browse/term/16732,new_term,,,pending,not_verified
تَعْشِيرٌ,https://terminologyenc.com/ar/browse/term/4985,new_term,,,pending,not_verified
تعطيل,https://terminologyenc.com/ar/browse/term/10392,new_term,,,pending,not_verified
تَعْظِيمُ الحُرُماتِ,https://terminologyenc.com/ar/browse/term/36647,label_without_motion,474,,pending,not_verified
تَعْقِيبٌ,https://terminologyenc.com/ar/browse/term/4987,label_without_motion,10747,,pending,not_verified
تعلق بغير الله,https://terminologyenc.com/ar/browse/term/10393,new_term,,,pending,not_verified
تَعَلِّي,https://terminologyenc.com/ar/browse/term/4988,new_term,,,pending,not_verified
تَعْلِيقٌ,https://terminologyenc.com/ar/browse/term/72487,label_without_motion,9987,,pending,not_verified
تعليمية,https://terminologyenc.com/ar/browse/term/71883,new_term,,,pending,not_verified
تَعْمِيرٌ,https://terminologyenc.com/ar/browse/term/6486,new_term,,,pending,not_verified
تَعْمِيمٌ,https://terminologyenc.com/ar/browse/term/4990,label_without_motion,1721,,pending,not_verified
تَعْهِن,https://terminologyenc.com/ar/browse/term/75963,new_term,,,pending,not_verified
تَعْوِيذٌ,https://terminologyenc.com/ar/browse/term/6567,new_term,,,pending,not_verified
تعويذة,https://terminologyenc.com/ar/browse/term/10394,new_term,,,pending,not_verified
تَعْوِيضٌ,https://terminologyenc.com/ar/browse/term/6569,label_without_motion,5422,,pending,not_verified
تَعْيِينٌ,https://terminologyenc.com/ar/browse/term/72484,label_with_motion,5811,5811,pending,not_verified
تَغْرِيبٌ,https://terminologyenc.com/ar/browse/term/6573,new_term,,,pending,not_verified
تَغْرِيرٌ,https://terminologyenc.com/ar/browse/term/6576,new_term,,,pending,not_verified
تَغْسِيلُ المَيِّتِ,https://terminologyenc.com/ar/browse/term/5662,new_term,,,pending,not_verified
تغلب بن وائل بن قاسط,https://terminologyenc.com/ar/browse/term/40105,new_term,,,pending,not_verified
تَغْلِيظٌ,https://terminologyenc.com/ar/browse/term/6577,new_term,,,pending,not_verified
تَغَنِّي,https://terminologyenc.com/ar/browse/term/14821,new_term,,,pending,not_verified
تَغَيُّرٌ,https://terminologyenc.com/ar/browse/term/10395,label_without_motion,10392,,pending,not_verified
تَغْيِيرٌ,https://terminologyenc.com/ar/browse/term/5663,ambiguous_label,"8528,11724",,pending,not_verified
تَفاؤُلٌ,https://terminologyenc.com/ar/browse/term/6578,label_without_motion,8529,,pending,not_verified
تَفَرُّق,https://terminologyenc.com/ar/browse/term/36646,new_term,,,pending,not_verified
تَفَرُّقٌ,https://terminologyenc.com/ar/browse/term/5664,new_term,,,pending,not_verified
تَفْرِيْجٌ,https://terminologyenc.com/ar/browse/term/72485,new_term,,,pending,not_verified
تَفْرِيْجُ الكُرُبَات,https://terminologyenc.com/ar/browse/term/72486,label_without_motion,793,,pending,not_verified
تَفْرِيطٌ,https://terminologyenc.com/ar/browse/term/5665,new_term,,,pending,not_verified
تَفْرِيقٌ,https://terminologyenc.com/ar/browse/term/5666,new_term,,,pending,not_verified
تَفْسِيرٌ,https://terminologyenc.com/ar/browse/term/5667,label_with_motion,8531,8531,pending,not_verified
تَفَكُّـرٌ,https://terminologyenc.com/ar/browse/term/36640,new_term,,,pending,not_verified
تَفْوِيضٌ,https://terminologyenc.com/ar/browse/term/5668,new_term,,,pending,not_verified
تَقابُضٌ,https://terminologyenc.com/ar/browse/term/5669,new_term,,,pending,not_verified
تَقادُمٌ,https://terminologyenc.com/ar/browse/term/5670,new_term,,,pending,not_verified
تَقاصٍّ,https://terminologyenc.com/ar/browse/term/46075,new_term,,,pending,not_verified
تقاطع,https://terminologyenc.com/ar/browse/term/46076,label_without_motion,8533,,pending,not_verified
تَقايُلٌ,https://terminologyenc.com/ar/browse/term/5868,new_term,,,pending,not_verified
تَقَبُّلٌ,https://terminologyenc.com/ar/browse/term/5869,new_term,,,pending,not_verified
تَـقْبِيحُ العَقْلِ,https://terminologyenc.com/ar/browse/term/14930,new_term,,,pending,not_verified
تقديس,https://terminologyenc.com/ar/browse/term/10397,new_term,,,pending,not_verified
تَقْرِيرٌ,https://terminologyenc.com/ar/browse/term/5870,ambiguous_label,"1537,5317",1537,pending,not_verified
تَقْسِيمٌ,https://terminologyenc.com/ar/browse/term/5871,ambiguous_label,"10396,11725",,pending,not_verified
تَقْصِيرٌ,https://terminologyenc.com/ar/browse/term/5872,label_without_motion,3883,,pending,not_verified
تَقَلُّدٌ,https://terminologyenc.com/ar/browse/term/5873,new_term,,,pending,not_verified
تَـقْلِيدٌ,https://terminologyenc.com/ar/browse/term/10398,label_without_motion,10750,,pending,not_verified
تَقَوُّمٌ,https://terminologyenc.com/ar/browse/term/5874,new_term,,,pending,not_verified
تقوى,https://terminologyenc.com/ar/browse/term/10399,label_with_motion,8535,8535,pending,not_verified
تَقْوِيمٌ,https://terminologyenc.com/ar/browse/term/5875,label_without_motion,1736,,pending,not_verified
تَـقِيَّةٌ,https://terminologyenc.com/ar/browse/term/46077,new_term,,,pending,not_verified
تَقِيَّةٌ - يحذف,https://terminologyenc.com/ar/browse/term/5876,new_term,,,pending,not_verified
تَكاثُرٌ,https://terminologyenc.com/ar/browse/term/36625,ambiguous_label,"5492,12177,12424",,pending,not_verified
تَكْبِيرٌ,https://terminologyenc.com/ar/browse/term/36643,label_without_motion,10754,,pending,not_verified
تَكْرِيْم,https://terminologyenc.com/ar/browse/term/72491,label_without_motion,10755,,pending,not_verified
تَكْرِيمُ الإنْسانِ,https://terminologyenc.com/ar/browse/term/36651,label_without_motion,798,,pending,not_verified
تَكْفِيرٌ,https://terminologyenc.com/ar/browse/term/5897,label_with_motion,10756,10756,pending,not_verified
تَكَلُّـفٌ,https://terminologyenc.com/ar/browse/term/36644,new_term,,,pending,not_verified
تَكْلِيفٌ,https://terminologyenc.com/ar/browse/term/7931,new_term,,,pending,not_verified
تكييف,https://terminologyenc.com/ar/browse/term/10400,new_term,,,pending,not_verified
تِلاوَةٌ,https://terminologyenc.com/ar/browse/term/36642,new_term,,,pending,not_verified
تِلاوَةُ القُرْآنِ,https://terminologyenc.com/ar/browse/term/36645,new_term,,,pending,not_verified
تَلْجِئَةٌ,https://terminologyenc.com/ar/browse/term/5898,new_term,,,pending,not_verified
تَلْحِينٌ,https://terminologyenc.com/ar/browse/term/14823,new_term,,,pending,not_verified
تَلْقِينٌ,https://terminologyenc.com/ar/browse/term/14824,label_without_motion,3889,,pending,not_verified
تماثيل,https://terminologyenc.com/ar/browse/term/10474,new_term,,,pending,not_verified
تماضر بنت عمرو بن الحارث بن الشريد,https://terminologyenc.com/ar/browse/term/38413,new_term,,,pending,not_verified
تَمْرٌ,https://terminologyenc.com/ar/browse/term/5899,label_without_motion,8541,,pending,not_verified
تَمْرِيضٌ,https://terminologyenc.com/ar/browse/term/5900,label_without_motion,1747,,pending,not_verified
تَمْليكٌ,https://terminologyenc.com/ar/browse/term/7295,new_term,,,pending,not_verified
تميم بن أوس بن خارجة الداري,https://terminologyenc.com/ar/browse/term/38414,new_term,,,pending,not_verified
تميم بن مر بن أد بن طابخة,https://terminologyenc.com/ar/browse/term/40106,new_term,,,pending,not_verified
تميمة,https://terminologyenc.com/ar/browse/term/10473,new_term,,,pending,not_verified
تَمْيِيزٌ,https://terminologyenc.com/ar/browse/term/5901,new_term,,,pending,not_verified
تَنابُزٌ,https://terminologyenc.com/ar/browse/term/5902,new_term,,,pending,not_verified
تَنَاجُش,https://terminologyenc.com/ar/browse/term/72436,new_term,,,pending,not_verified
تَنازُعٌ,https://terminologyenc.com/ar/browse/term/5903,new_term,,,pending,not_verified
تَناسُخٌ,https://terminologyenc.com/ar/browse/term/5904,new_term,,,pending,not_verified
تَناقُضٌ,https://terminologyenc.com/ar/browse/term/6192,new_term,,,pending,not_verified
تَنْجِيزٌ,https://terminologyenc.com/ar/browse/term/6200,new_term,,,pending,not_verified
تَنْجِيسٌ,https://terminologyenc.com/ar/browse/term/6580,new_term,,,pending,not_verified
تَنْجِيمٌ,https://terminologyenc.com/ar/browse/term/10475,new_term,,,pending,not_verified
تنجيم,https://terminologyenc.com/ar/browse/term/6194,new_term,,,pending,not_verified
تنزيل,https://terminologyenc.com/ar/browse/term/10476,label_without_motion,9686,,pending,not_verified
تَنْزِيهٌ,https://terminologyenc.com/ar/browse/term/10477,new_term,,,pending,not_verified
تَنشيفٌ,https://terminologyenc.com/ar/browse/term/7297,new_term,,,pending,not_verified
تَنَصُّلٌ,https://terminologyenc.com/ar/browse/term/16749,new_term,,,pending,not_verified
تنطع,https://terminologyenc.com/ar/browse/term/10478,new_term,,,pending,not_verified
تَنْعِيمٌ,https://terminologyenc.com/ar/browse/term/775,new_term,,,pending,not_verified
تَنْفِيذٌ,https://terminologyenc.com/ar/browse/term/72489,label_with_motion,8545,8545,pending,not_verified
تَنْفِيرٌ,https://terminologyenc.com/ar/browse/term/16748,new_term,,,pending,not_verified
تَنْفِيلٌ,https://terminologyenc.com/ar/browse/term/6196,new_term,,,pending,not_verified
تَنْقِيحُ المَناطِ,https://terminologyenc.com/ar/browse/term/6581,new_term,,,pending,not_verified
تَنَوُّرٌ,https://terminologyenc.com/ar/browse/term/6198,new_term,,,pending,not_verified
تَنْوِينٌ,https://terminologyenc.com/ar/browse/term/14951,label_without_motion,8546,,pending,not_verified
تِهَامَة,https://terminologyenc.com/ar/browse/term/75964,label_without_motion,3894,,pending,not_verified
تهاون,https://terminologyenc.com/ar/browse/term/16743,new_term,,,pending,not_verified
تهجد,https://terminologyenc.com/ar/browse/term/4387,new_term,,,pending,not_verified
تَهَرُّب,https://terminologyenc.com/ar/browse/term/72421,new_term,,,pending,not_verified
تَهْلِيلٌ,https://terminologyenc.com/ar/browse/term/36641,label_without_motion,3895,,pending,not_verified
تهنئة,https://terminologyenc.com/ar/browse/term/7298,label_without_motion,12528,,pending,not_verified
تَوَاصِي,https://terminologyenc.com/ar/browse/term/72478,new_term,,,pending,not_verified
تواضع,https://terminologyenc.com/ar/browse/term/10481,label_without_motion,3896,,pending,not_verified
تَوَافُقٌ,https://terminologyenc.com/ar/browse/term/7299,label_with_motion,8549,8549,pending,not_verified
تَوْأَمٌ,https://terminologyenc.com/ar/browse/term/7300,label_without_motion,1939,,pending,not_verified
تَوْبَةٌ,https://terminologyenc.com/ar/browse/term/36599,ambiguous_label,"1118,8550",1118,pending,not_verified
تَوْثِيقٌ,https://terminologyenc.com/ar/browse/term/6199,ambiguous_label,"1704,8553",,pending,not_verified
تَوْجِيهُ القِرَاءَاتِ,https://terminologyenc.com/ar/browse/term/14826,new_term,,,pending,not_verified
توحيد,https://terminologyenc.com/ar/browse/term/10482,ambiguous_label,"8554,11953",11953,pending,not_verified
تَوْحِيدُ الأَسْماءِ والصِّفاتِ,https://terminologyenc.com/ar/browse/term/10484,new_term,,,pending,not_verified
توحيد الألوهية,https://terminologyenc.com/ar/browse/term/10483,label_without_motion,1390,,pending,not_verified
توحيد الربوبية,https://terminologyenc.com/ar/browse/term/10485,label_without_motion,1389,,pending,not_verified
توَدُّدٌ,https://terminologyenc.com/ar/browse/term/36650,new_term,,,pending,not_verified
توراة,https://terminologyenc.com/ar/browse/term/10486,new_term,,,pending,not_verified
تَوَرُّقٌ,https://terminologyenc.com/ar/browse/term/7301,new_term,,,pending,not_verified
تَوَرُّكٌ,https://terminologyenc.com/ar/browse/term/6583,new_term,,,pending,not_verified
تَوْرِيَةٌ,https://terminologyenc.com/ar/browse/term/7302,new_term,,,pending,not_verified
تَوسُّطٌ,https://terminologyenc.com/ar/browse/term/36649,new_term,,,pending,not_verified
تَوَقُّفٌ,https://terminologyenc.com/ar/browse/term/3626,label_without_motion,10775,,pending,not_verified
تَوقُّفٌ,https://terminologyenc.com/ar/browse/term/6201,label_without_motion,10775,,pending,not_verified
تَوْقِيتٌ,https://terminologyenc.com/ar/browse/term/1582,new_term,,,pending,not_verified
تولد,https://terminologyenc.com/ar/browse/term/10488,new_term,,,pending,not_verified
تولة,https://terminologyenc.com/ar/browse/term/10487,new_term,,,pending,not_verified
تولي,https://terminologyenc.com/ar/browse/term/10489,new_term,,,pending,not_verified
تيجانية - تحذف,https://terminologyenc.com/ar/browse/term/46055,new_term,,,pending,not_verified
تَيْسِيْرٌ,https://terminologyenc.com/ar/browse/term/16747,new_term,,,pending,not_verified
تَيْسِيرٌ,https://terminologyenc.com/ar/browse/term/6584,new_term,,,pending,not_verified
تَيْمَاء,https://terminologyenc.com/ar/browse/term/75965,label_without_motion,4400,,pending,not_verified
تَيَمُّنٌ,https://terminologyenc.com/ar/browse/term/16746,new_term,,,pending,not_verified
تَيمُّنٌ,https://terminologyenc.com/ar/browse/term/6621,new_term,,,pending,not_verified
ثابت بن الضحاك بن خليفة الأشهلي,https://terminologyenc.com/ar/browse/term/38415,new_term,,,pending,not_verified
ثابت بن قيس بن شماس الخزرجي,https://terminologyenc.com/ar/browse/term/38416,new_term,,,pending,not_verified
ثاقب,https://terminologyenc.com/ar/browse/term/10490,new_term,,,pending,not_verified
ثَباتٌ,https://terminologyenc.com/ar/browse/term/16745,label_without_motion,1545,,pending,not_verified
ثبور,https://terminologyenc.com/ar/browse/term/10491,new_term,,,pending,not_verified
ثَبِير,https://terminologyenc.com/ar/browse/term/75966,new_term,,,pending,not_verified
ثِقَة,https://terminologyenc.com/ar/browse/term/71786,label_without_motion,10780,,pending,not_verified
ثمامة بن أثال بن النعمان اليمامي,https://terminologyenc.com/ar/browse/term/38417,new_term,,,pending,not_verified
ثمامة بن عدي القرشي,https://terminologyenc.com/ar/browse/term/38418,new_term,,,pending,not_verified
ثُمَامِيَّة,https://terminologyenc.com/ar/browse/term/71761,new_term,,,pending,not_verified
ثناء,https://terminologyenc.com/ar/browse/term/46090,new_term,,,pending,not_verified
ثنوية,https://terminologyenc.com/ar/browse/term/10492,new_term,,,pending,not_verified
ثَنِيٌّ,https://terminologyenc.com/ar/browse/term/10054,label_without_motion,1953,,pending,not_verified
ثَنِيَّة المُرَار,https://terminologyenc.com/ar/browse/term/76077,new_term,,,pending,not_verified
ثَنِيَّة الوَدَاع,https://terminologyenc.com/ar/browse/term/75967,new_term,,,pending,not_verified
ثَواب,https://terminologyenc.com/ar/browse/term/10053,new_term,,,pending,not_verified
ثوابت,https://terminologyenc.com/ar/browse/term/46084,new_term,,,pending,not_verified
ثوبان بن يجدد,https://terminologyenc.com/ar/browse/term/38419,new_term,,,pending,not_verified
ثوبانية,https://terminologyenc.com/ar/browse/term/46089,new_term,,,pending,not_verified
ثَوْر,https://terminologyenc.com/ar/browse/term/75968,ambiguous_label,"5993,8561,12132",,pending,not_verified
ثُوَل,https://terminologyenc.com/ar/browse/term/10056,new_term,,,pending,not_verified
ثويبة الأسلمية,https://terminologyenc.com/ar/browse/term/40104,new_term,,,pending,not_verified
جابر بن زيد الأزدي,https://terminologyenc.com/ar/browse/term/38420,new_term,,,pending,not_verified
جابر بن عبد الله بن عمرو بن حرام,https://terminologyenc.com/ar/browse/term/38421,new_term,,,pending,not_verified
جابر بن موسى بن عبد القادر الجزائري,https://terminologyenc.com/ar/browse/term/76276,new_term,,,pending,not_verified
جابر بن يزيد بن الحارث الجعفي,https://terminologyenc.com/ar/browse/term/38422,new_term,,,pending,not_verified
جاحظية,https://terminologyenc.com/ar/browse/term/46088,new_term,,,pending,not_verified
جاد الحق علي جاد الحق,https://terminologyenc.com/ar/browse/term/69904,new_term,,,pending,not_verified
جَائِزٌ,https://terminologyenc.com/ar/browse/term/75250,label_without_motion,808,,pending,not_verified
جائِفَة,https://terminologyenc.com/ar/browse/term/10063,new_term,,,pending,not_verified
جُبارٌ,https://terminologyenc.com/ar/browse/term/6238,new_term,,,pending,not_verified
جبار - يحذف,https://terminologyenc.com/ar/browse/term/46087,new_term,,,pending,not_verified
جُبّائِيَّةُ,https://terminologyenc.com/ar/browse/term/46086,new_term,,,pending,not_verified
جبر,https://terminologyenc.com/ar/browse/term/46085,new_term,,,pending,not_verified
جبران خليل جبران,https://terminologyenc.com/ar/browse/term/40107,new_term,,,pending,not_verified
جبريل,https://terminologyenc.com/ar/browse/term/11347,new_term,,,pending,not_verified
جبرية,https://terminologyenc.com/ar/browse/term/46083,new_term,,,pending,not_verified
جبن,https://terminologyenc.com/ar/browse/term/16741,new_term,,,pending,not_verified
جبير بن مطعم بن عدي بن نوفل,https://terminologyenc.com/ar/browse/term/38423,new_term,,,pending,not_verified
جُحُودٌ,https://terminologyenc.com/ar/browse/term/6624,new_term,,,pending,not_verified
جَدٌّ,https://terminologyenc.com/ar/browse/term/6620,label_without_motion,6127,,pending,not_verified
جِدارٌ,https://terminologyenc.com/ar/browse/term/6622,ambiguous_label,"4595,12134",,pending,not_verified
جدل,https://terminologyenc.com/ar/browse/term/46408,new_term,,,pending,not_verified
جدَّةٌ,https://terminologyenc.com/ar/browse/term/6625,ambiguous_label,"101,4226,11740,12185",,pending,not_verified
جُذامٌ,https://terminologyenc.com/ar/browse/term/6626,label_without_motion,3909,,pending,not_verified
جِراحٌ,https://terminologyenc.com/ar/browse/term/6623,label_without_motion,8574,,pending,not_verified
جَراد,https://terminologyenc.com/ar/browse/term/10069,new_term,,,pending,not_verified
جَرْبَاء,https://terminologyenc.com/ar/browse/term/76078,new_term,,,pending,not_verified
جرجي بن حبيب زيدان,https://terminologyenc.com/ar/browse/term/38424,new_term,,,pending,not_verified
جَرْحٌ,https://terminologyenc.com/ar/browse/term/6627,label_without_motion,5498,,pending,not_verified
جُرْمُوقٌ,https://terminologyenc.com/ar/browse/term/6767,new_term,,,pending,not_verified
جِرَّةٌ,https://terminologyenc.com/ar/browse/term/10321,new_term,,,pending,not_verified
جُزافٌ,https://terminologyenc.com/ar/browse/term/6768,new_term,,,pending,not_verified
جزع,https://terminologyenc.com/ar/browse/term/16739,new_term,,,pending,not_verified
جَزْمٌ,https://terminologyenc.com/ar/browse/term/8681,new_term,,,pending,not_verified
جَزِيرَة العَرَب,https://terminologyenc.com/ar/browse/term/75970,new_term,,,pending,not_verified
جَزِيرَةُ الْعَرَبِ,https://terminologyenc.com/ar/browse/term/8682,new_term,,,pending,not_verified
جِزْيَةٌ,https://terminologyenc.com/ar/browse/term/6769,label_without_motion,3911,,pending,not_verified
جسم,https://terminologyenc.com/ar/browse/term/46410,label_with_motion,5500,5500,pending,not_verified
جَعالَةٌ,https://terminologyenc.com/ar/browse/term/6770,new_term,,,pending,not_verified
جِعْرانَةٌ,https://terminologyenc.com/ar/browse/term/6771,new_term,,,pending,not_verified
جعفر المتوكل على الله بن محمد,https://terminologyenc.com/ar/browse/term/38425,new_term,,,pending,not_verified
جعفر بن أبي طالب بن عبد المطّلب بن هاشم بن عبد مناف,https://terminologyenc.com/ar/browse/term/38426,new_term,,,pending,not_verified
جعفر بن أحمد بن طلحة,https://terminologyenc.com/ar/browse/term/38427,new_term,,,pending,not_verified
جعفر بن محمد الباقر بن علي,https://terminologyenc.com/ar/browse/term/38428,new_term,,,pending,not_verified
جعفر بن محمد بن المعتز بن محمد,https://terminologyenc.com/ar/browse/term/38430,new_term,,,pending,not_verified
جعفرية,https://terminologyenc.com/ar/browse/term/46411,new_term,,,pending,not_verified
جَفَاءٌ,https://terminologyenc.com/ar/browse/term/72419,label_without_motion,812,,pending,not_verified
جلال,https://terminologyenc.com/ar/browse/term/46409,new_term,,,pending,not_verified
جلال بن أحمد بن يوسف الرومي,https://terminologyenc.com/ar/browse/term/38431,new_term,,,pending,not_verified
جَلّالَةٌ,https://terminologyenc.com/ar/browse/term/8683,new_term,,,pending,not_verified
جَلْحاءُ,https://terminologyenc.com/ar/browse/term/11494,new_term,,,pending,not_verified
جِلْدٌ,https://terminologyenc.com/ar/browse/term/6772,ambiguous_label,"5502,12187",,pending,not_verified
جَلْدٌ,https://terminologyenc.com/ar/browse/term/8684,ambiguous_label,"5502,12187",,pending,not_verified
جِلْسَةٌ,https://terminologyenc.com/ar/browse/term/8685,new_term,,,pending,not_verified
جُلُوسٌ,https://terminologyenc.com/ar/browse/term/6773,label_with_motion,8585,8585,pending,not_verified
جَمَّاءُ,https://terminologyenc.com/ar/browse/term/67711,new_term,,,pending,not_verified
جِمارٌ,https://terminologyenc.com/ar/browse/term/6774,new_term,,,pending,not_verified
جمال الدين أو محمد جمال الدين,https://terminologyenc.com/ar/browse/term/38438,new_term,,,pending,not_verified
جُمْدَان,https://terminologyenc.com/ar/browse/term/76079,new_term,,,pending,not_verified
جَمْعُ الصَّلَواتِ,https://terminologyenc.com/ar/browse/term/6775,new_term,,,pending,not_verified
جَمْعُ القُرْآنِ,https://terminologyenc.com/ar/browse/term/14827,new_term,,,pending,not_verified
جميل,https://terminologyenc.com/ar/browse/term/46412,label_with_motion,5141,5141,pending,not_verified
جِنٌّ,https://terminologyenc.com/ar/browse/term/6776,new_term,,,pending,not_verified
جَناحِيَّةٌ,https://terminologyenc.com/ar/browse/term/71762,new_term,,,pending,not_verified
جَنازَةٌ,https://terminologyenc.com/ar/browse/term/772,new_term,,,pending,not_verified
جِنايَة,https://terminologyenc.com/ar/browse/term/8851,new_term,,,pending,not_verified
جنب,https://terminologyenc.com/ar/browse/term/11397,new_term,,,pending,not_verified
جندب بن جنادة بن سفيان بن عبيد الغفاري,https://terminologyenc.com/ar/browse/term/38440,new_term,,,pending,not_verified
جِنْسٌ,https://terminologyenc.com/ar/browse/term/6777,new_term,,,pending,not_verified
جُنون,https://terminologyenc.com/ar/browse/term/72490,new_term,,,pending,not_verified
جَنِينٌ,https://terminologyenc.com/ar/browse/term/6239,label_without_motion,1971,,pending,not_verified
جِهادٌ,https://terminologyenc.com/ar/browse/term/6778,label_with_motion,3915,3915,pending,not_verified
جَهازٌ,https://terminologyenc.com/ar/browse/term/8686,new_term,,,pending,not_verified
جَهالَةٌ,https://terminologyenc.com/ar/browse/term/8687,new_term,,,pending,not_verified
جهل بالاعتقاد,https://terminologyenc.com/ar/browse/term/14946,new_term,,,pending,not_verified
جهم بن صفوان السمرقندي,https://terminologyenc.com/ar/browse/term/38441,new_term,,,pending,not_verified
جَهْمِيَّةٌ,https://terminologyenc.com/ar/browse/term/46416,new_term,,,pending,not_verified
جَهَنَّمُ,https://terminologyenc.com/ar/browse/term/10673,label_without_motion,814,,pending,not_verified
جِهَةٌ,https://terminologyenc.com/ar/browse/term/767,new_term,,,pending,not_verified
جُوَاثَى,https://terminologyenc.com/ar/browse/term/75972,new_term,,,pending,not_verified
جواد,https://terminologyenc.com/ar/browse/term/14947,new_term,,,pending,not_verified
جَوَازٌ,https://terminologyenc.com/ar/browse/term/8689,label_without_motion,3918,,pending,not_verified
جَوْدَةٌ,https://terminologyenc.com/ar/browse/term/8690,label_without_motion,8594,,pending,not_verified
جَوْرَبٌ,https://terminologyenc.com/ar/browse/term/3235,label_without_motion,4598,,pending,not_verified
جويرية بنت الحارث بن أبي ضرار,https://terminologyenc.com/ar/browse/term/38442,new_term,,,pending,not_verified
جينية,https://terminologyenc.com/ar/browse/term/46413,new_term,,,pending,not_verified
حاتم بن عبد الله بن سعد بن الحشرج,https://terminologyenc.com/ar/browse/term/40109,new_term,,,pending,not_verified
حَاجِيَاتٌ,https://terminologyenc.com/ar/browse/term/75251,new_term,,,pending,not_verified
حادث,https://terminologyenc.com/ar/browse/term/46415,ambiguous_label,"6500,12136",,pending,not_verified
حارثية,https://terminologyenc.com/ar/browse/term/46414,new_term,,,pending,not_verified
حاطب بن أبي بلتعة اللخمي,https://terminologyenc.com/ar/browse/term/38443,new_term,,,pending,not_verified
حافظ بن أحمد بن علي الحكمي,https://terminologyenc.com/ar/browse/term/38444,new_term,,,pending,not_verified
حائِطٌ,https://terminologyenc.com/ar/browse/term/6240,label_without_motion,12489,,pending,not_verified
حايطية,https://terminologyenc.com/ar/browse/term/46424,new_term,,,pending,not_verified
حُبُك,https://terminologyenc.com/ar/browse/term/10672,new_term,,,pending,not_verified
حُبُوطٌ,https://terminologyenc.com/ar/browse/term/777,new_term,,,pending,not_verified
حبيب الرحمن بن محمد صابر الأعظمي,https://terminologyenc.com/ar/browse/term/69906,new_term,,,pending,not_verified
حثو,https://terminologyenc.com/ar/browse/term/14949,new_term,,,pending,not_verified
حجاب,https://terminologyenc.com/ar/browse/term/10671,label_without_motion,10804,,pending,not_verified
حَجْرٌ,https://terminologyenc.com/ar/browse/term/6241,ambiguous_label,"12137,12613",,pending,not_verified
حجر بن عدي بن جبلة الكندي,https://terminologyenc.com/ar/browse/term/38445,new_term,,,pending,not_verified
حُجْرَة عَائِشَة,https://terminologyenc.com/ar/browse/term/76082,new_term,,,pending,not_verified
حجية خبر الآحاد,https://terminologyenc.com/ar/browse/term/10687,new_term,,,pending,not_verified
حدبية,https://terminologyenc.com/ar/browse/term/46418,new_term,,,pending,not_verified
حَدَثٌ,https://terminologyenc.com/ar/browse/term/11087,new_term,,,pending,not_verified
حَدْرٌ,https://terminologyenc.com/ar/browse/term/14828,new_term,,,pending,not_verified
حُدُوْثُ الْعَالمَ,https://terminologyenc.com/ar/browse/term/71758,new_term,,,pending,not_verified
حُدُودٌ,https://terminologyenc.com/ar/browse/term/778,label_with_motion,8613,8613,pending,not_verified
حَدِيث,https://terminologyenc.com/ar/browse/term/71790,ambiguous_label,"5352,9757,11587",5352,pending,not_verified
حديثٌ حَسَنٌ صَحِيحٌ,https://terminologyenc.com/ar/browse/term/71795,new_term,,,pending,not_verified
حَدِيثٌ حَسَنٌ صَحِيحٌ غَرِيبٌ,https://terminologyenc.com/ar/browse/term/71797,new_term,,,pending,not_verified
حدِيثٌ حَسَنٌ غَرِيبٌ,https://terminologyenc.com/ar/browse/term/71796,new_term,,,pending,not_verified
حديثٌ صحِيحٌ,https://terminologyenc.com/ar/browse/term/71811,label_with_motion,509,509,pending,not_verified
حديث ضَعِيفٌ,https://terminologyenc.com/ar/browse/term/71787,label_without_motion,510,,pending,not_verified
حديثٌ مَتْروكٌ,https://terminologyenc.com/ar/browse/term/71859,new_term,,,pending,not_verified
حديثٌ مَحْفوظٌ,https://terminologyenc.com/ar/browse/term/71860,new_term,,,pending,not_verified
حديثٌ مُرْسَلٌ,https://terminologyenc.com/ar/browse/term/71844,new_term,,,pending,not_verified
حديثٌ مَرْفُوعٌ,https://terminologyenc.com/ar/browse/term/71845,new_term,,,pending,not_verified
حديثٌ مُسْنَدٌ,https://terminologyenc.com/ar/browse/term/71846,new_term,,,pending,not_verified
حديثٌ مُضْطَرِبٌ,https://terminologyenc.com/ar/browse/term/71849,new_term,,,pending,not_verified
حديثٌ مُعضَلٌ,https://terminologyenc.com/ar/browse/term/71850,new_term,,,pending,not_verified
حديثٌ مُنقَطِعٌ,https://terminologyenc.com/ar/browse/term/71854,new_term,,,pending,not_verified
حديثٌ مَوقُوفٌ,https://terminologyenc.com/ar/browse/term/71857,new_term,,,pending,not_verified
حذر,https://terminologyenc.com/ar/browse/term/16740,label_with_motion,2000,2000,pending,not_verified
حذيفة بن حسل بن جابر العبسي,https://terminologyenc.com/ar/browse/term/38446,new_term,,,pending,not_verified
حِرَاء,https://terminologyenc.com/ar/browse/term/75973,new_term,,,pending,not_verified
حَرامٌ,https://terminologyenc.com/ar/browse/term/779,ambiguous_label,"153,11902,11956,11972",153,pending,not_verified
حَرْبٌ,https://terminologyenc.com/ar/browse/term/72418,label_without_motion,10809,,pending,not_verified
حربية,https://terminologyenc.com/ar/browse/term/46422,new_term,,,pending,not_verified
حِرْزٌ,https://terminologyenc.com/ar/browse/term/11089,new_term,,,pending,not_verified
حِرص,https://terminologyenc.com/ar/browse/term/10670,label_with_motion,10811,10811,pending,not_verified
حرقوص بن زهير بن السعدي,https://terminologyenc.com/ar/browse/term/38458,new_term,,,pending,not_verified
حركة,https://terminologyenc.com/ar/browse/term/14950,label_with_motion,2003,2003,pending,not_verified
حُرُماتٌ,https://terminologyenc.com/ar/browse/term/16744,new_term,,,pending,not_verified
حرملة بن يحيى التجيبي,https://terminologyenc.com/ar/browse/term/38459,new_term,,,pending,not_verified
حَرُورِيَّةُ,https://terminologyenc.com/ar/browse/term/46421,new_term,,,pending,not_verified
حَرِيرٌ,https://terminologyenc.com/ar/browse/term/6779,label_without_motion,10004,,pending,not_verified
حزم,https://terminologyenc.com/ar/browse/term/10669,label_without_motion,3926,,pending,not_verified
حُزْن,https://terminologyenc.com/ar/browse/term/65250,new_term,,,pending,not_verified
حِسَابٌ,https://terminologyenc.com/ar/browse/term/14985,label_with_motion,10420,10420,pending,not_verified
حساب الجُمَّل,https://terminologyenc.com/ar/browse/term/75303,new_term,,,pending,not_verified
حسان بن أسعد أبي كرب الحميري,https://terminologyenc.com/ar/browse/term/38460,new_term,,,pending,not_verified
حسان بن ثابت بن المنذر,https://terminologyenc.com/ar/browse/term/38461,new_term,,,pending,not_verified
حَسَبٌ,https://terminologyenc.com/ar/browse/term/6242,new_term,,,pending,not_verified
حَسَدٌ,https://terminologyenc.com/ar/browse/term/6243,label_without_motion,5143,,pending,not_verified
حَسْمٌ,https://terminologyenc.com/ar/browse/term/6244,label_without_motion,10421,,pending,not_verified
حُسْنُ الخُلُقِ,https://terminologyenc.com/ar/browse/term/36662,label_without_motion,817,,pending,not_verified
حسن السمت,https://terminologyenc.com/ar/browse/term/72513,new_term,,,pending,not_verified
حُسْنُ الظَّنِّ,https://terminologyenc.com/ar/browse/term/36660,label_without_motion,818,,pending,not_verified
حسن الظن بالله,https://terminologyenc.com/ar/browse/term/14933,new_term,,,pending,not_verified
حُسْنُ العِشْرَةِ,https://terminologyenc.com/ar/browse/term/36659,label_without_motion,819,,pending,not_verified
حسن المعاملة,https://terminologyenc.com/ar/browse/term/36682,label_without_motion,820,,pending,not_verified
حسن بن عبد اللطيف المانع,https://terminologyenc.com/ar/browse/term/69907,new_term,,,pending,not_verified
حسن بن هادي بن محمد,https://terminologyenc.com/ar/browse/term/38464,new_term,,,pending,not_verified
حسنين محمد حسنين مخلوف العدوي,https://terminologyenc.com/ar/browse/term/69908,new_term,,,pending,not_verified
حسين بن عبد العزيز بن حسن آل الشيخ,https://terminologyenc.com/ar/browse/term/76263,new_term,,,pending,not_verified
حسين بن غنّام أو ابن أبي بكر بن غنام,https://terminologyenc.com/ar/browse/term/38467,new_term,,,pending,not_verified
حَشْرٌ,https://terminologyenc.com/ar/browse/term/46419,new_term,,,pending,not_verified
حَشَراتٌ,https://terminologyenc.com/ar/browse/term/8691,new_term,,,pending,not_verified
حَشَفَةٌ,https://terminologyenc.com/ar/browse/term/6780,new_term,,,pending,not_verified
حشوية,https://terminologyenc.com/ar/browse/term/47731,new_term,,,pending,not_verified
حَصَادٌ,https://terminologyenc.com/ar/browse/term/6245,new_term,,,pending,not_verified
حَضَانَةُ,https://terminologyenc.com/ar/browse/term/6246,label_without_motion,5340,,pending,not_verified
حَضْرَمَوْتَ,https://terminologyenc.com/ar/browse/term/75975,new_term,,,pending,not_verified
حَظْرٌ,https://terminologyenc.com/ar/browse/term/8693,new_term,,,pending,not_verified
حفص بن سليمان بن المغيرة,https://terminologyenc.com/ar/browse/term/38468,new_term,,,pending,not_verified
حفص بن عمر بن عبد العزيز الدوري الأزدي,https://terminologyenc.com/ar/browse/term/38469,new_term,,,pending,not_verified
حفصة بنت عمر بن الخطاب,https://terminologyenc.com/ar/browse/term/38470,new_term,,,pending,not_verified
حفظ,https://terminologyenc.com/ar/browse/term/10668,ambiguous_label,"9821,12194","9821,12194",pending,not_verified
حِفْظٌ,https://terminologyenc.com/ar/browse/term/6247,ambiguous_label,"9821,12194","9821,12194",pending,not_verified
حِفْظُ الأَيْمانِ,https://terminologyenc.com/ar/browse/term/36658,label_without_motion,821,,pending,not_verified
حِفظُ الفَرْجِ,https://terminologyenc.com/ar/browse/term/36655,label_without_motion,822,,pending,not_verified
حِفْظُ اللِّسانِ,https://terminologyenc.com/ar/browse/term/36657,label_without_motion,823,,pending,not_verified
حفي,https://terminologyenc.com/ar/browse/term/47730,new_term,,,pending,not_verified
حَفِيدٌ,https://terminologyenc.com/ar/browse/term/8694,new_term,,,pending,not_verified
حفيظ,https://terminologyenc.com/ar/browse/term/47729,new_term,,,pending,not_verified
حَقٌّ,https://terminologyenc.com/ar/browse/term/47728,label_with_motion,10823,10823,pending,not_verified
حق الجار,https://terminologyenc.com/ar/browse/term/72514,label_without_motion,824,,pending,not_verified
حقب,https://terminologyenc.com/ar/browse/term/10667,new_term,,,pending,not_verified
حِقْدٌ,https://terminologyenc.com/ar/browse/term/6309,new_term,,,pending,not_verified
حِقَّةٌ,https://terminologyenc.com/ar/browse/term/6308,new_term,,,pending,not_verified
حقو,https://terminologyenc.com/ar/browse/term/47727,new_term,,,pending,not_verified
حَقِيقَةٌ,https://terminologyenc.com/ar/browse/term/47724,new_term,,,pending,not_verified
حُكْمٌ,https://terminologyenc.com/ar/browse/term/65249,ambiguous_label,"5684,11558",11558,pending,not_verified
حكيم بن جبلة العبدي,https://terminologyenc.com/ar/browse/term/38471,new_term,,,pending,not_verified
حكيم بن حزام بن خويلد,https://terminologyenc.com/ar/browse/term/38472,new_term,,,pending,not_verified
حِلٌّ,https://terminologyenc.com/ar/browse/term/782,label_without_motion,12490,,pending,not_verified
حَلِفٌ,https://terminologyenc.com/ar/browse/term/8696,new_term,,,pending,not_verified
حَلْقٌ,https://terminologyenc.com/ar/browse/term/8697,new_term,,,pending,not_verified
حِلْم,https://terminologyenc.com/ar/browse/term/16771,label_without_motion,10009,,pending,not_verified
حُلُوْلُ الْحَوَادِث,https://terminologyenc.com/ar/browse/term/71757,new_term,,,pending,not_verified
حليمة بنت أبي ذؤيب عبد الله بن الحارث,https://terminologyenc.com/ar/browse/term/38473,new_term,,,pending,not_verified
حماد بن زيد بن درهم الأزدي,https://terminologyenc.com/ar/browse/term/38474,new_term,,,pending,not_verified
حماد بن سلمة بن دينار البصري,https://terminologyenc.com/ar/browse/term/38475,new_term,,,pending,not_verified
حماد بن محمد الأنصاري,https://terminologyenc.com/ar/browse/term/69911,new_term,,,pending,not_verified
حَمَالَةٌ,https://terminologyenc.com/ar/browse/term/8698,new_term,,,pending,not_verified
حَمّامٌ,https://terminologyenc.com/ar/browse/term/780,label_without_motion,1871,,pending,not_verified
حَمْدٌ,https://terminologyenc.com/ar/browse/term/8699,new_term,,,pending,not_verified
حمد بن علي بن محمد بن عتيق,https://terminologyenc.com/ar/browse/term/38476,new_term,,,pending,not_verified
حمد بن محارب بن حمود الهين المطيري,https://terminologyenc.com/ar/browse/term/69912,new_term,,,pending,not_verified
حمد بن محمد الجاسر,https://terminologyenc.com/ar/browse/term/69913,new_term,,,pending,not_verified
حمد بن محمد بن إبراهيم ابن الخطاب البستيّ,https://terminologyenc.com/ar/browse/term/38477,new_term,,,pending,not_verified
حمزة بن حبيب بن عمارة بن إسماعيل,https://terminologyenc.com/ar/browse/term/38479,new_term,,,pending,not_verified
حمزة بن عمرو بن عويمر بن الحارث,https://terminologyenc.com/ar/browse/term/38480,new_term,,,pending,not_verified
حِمْص,https://terminologyenc.com/ar/browse/term/75976,label_without_motion,2009,,pending,not_verified
حُمْقٌ,https://terminologyenc.com/ar/browse/term/16780,new_term,,,pending,not_verified
حَمْلٌ,https://terminologyenc.com/ar/browse/term/8700,label_without_motion,5513,,pending,not_verified
حملة العرش,https://terminologyenc.com/ar/browse/term/10663,new_term,,,pending,not_verified
حَمْوٌ,https://terminologyenc.com/ar/browse/term/8701,new_term,,,pending,not_verified
حمود بن عبد الله بن حمود التويجري,https://terminologyenc.com/ar/browse/term/76317,new_term,,,pending,not_verified
حِمًى,https://terminologyenc.com/ar/browse/term/6311,ambiguous_label,"2116,5514",,pending,not_verified
حِمْيَةٌ,https://terminologyenc.com/ar/browse/term/6312,label_without_motion,8645,,pending,not_verified
حنث,https://terminologyenc.com/ar/browse/term/10678,new_term,,,pending,not_verified
حَنَفٌ,https://terminologyenc.com/ar/browse/term/10679,new_term,,,pending,not_verified
حنيفية,https://terminologyenc.com/ar/browse/term/47725,new_term,,,pending,not_verified
حُنَيْن,https://terminologyenc.com/ar/browse/term/75866,ambiguous_label,"11394,12018,12196,12438",,pending,not_verified
حنين بن إسحاق العبادي,https://terminologyenc.com/ar/browse/term/40108,new_term,,,pending,not_verified
حوادث,https://terminologyenc.com/ar/browse/term/46426,new_term,,,pending,not_verified
حواريون,https://terminologyenc.com/ar/browse/term/46425,new_term,,,pending,not_verified
حَوالَةٌ,https://terminologyenc.com/ar/browse/term/5699,new_term,,,pending,not_verified
حوْبٌ,https://terminologyenc.com/ar/browse/term/10680,new_term,,,pending,not_verified
حُورٌ,https://terminologyenc.com/ar/browse/term/10681,new_term,,,pending,not_verified
حَوْزٌ,https://terminologyenc.com/ar/browse/term/784,new_term,,,pending,not_verified
حَوْضٍ,https://terminologyenc.com/ar/browse/term/14988,ambiguous_label,"10424,12335",,pending,not_verified
حَوْقَلَةٌ,https://terminologyenc.com/ar/browse/term/6313,new_term,,,pending,not_verified
حَوْقَلَةٌ,https://terminologyenc.com/ar/browse/term/72442,new_term,,,pending,not_verified
حويطب بن عبد العزى,https://terminologyenc.com/ar/browse/term/38484,new_term,,,pending,not_verified
حَياءٌ,https://terminologyenc.com/ar/browse/term/16782,new_term,,,pending,not_verified
حِيازَةٌ,https://terminologyenc.com/ar/browse/term/6314,new_term,,,pending,not_verified
حَياةٌ,https://terminologyenc.com/ar/browse/term/6781,label_with_motion,2015,2015,pending,not_verified
حَيِّزٌ,https://terminologyenc.com/ar/browse/term/46427,label_without_motion,12491,,pending,not_verified
حِيطَةٌ,https://terminologyenc.com/ar/browse/term/16779,new_term,,,pending,not_verified
حِيلَةٌ,https://terminologyenc.com/ar/browse/term/11367,label_without_motion,8652,,pending,not_verified
حيمد بن مخلد (زنجويه) بن قتيبة الأزدي,https://terminologyenc.com/ar/browse/term/38481,new_term,,,pending,not_verified
حيوة بن شريح بن صفوان بن مالك,https://terminologyenc.com/ar/browse/term/38485,new_term,,,pending,not_verified
خابطية,https://terminologyenc.com/ar/browse/term/46431,new_term,,,pending,not_verified
خارجة بن حذافة بن غانم,https://terminologyenc.com/ar/browse/term/38486,new_term,,,pending,not_verified
خارجة بن زيد بن ثابت,https://terminologyenc.com/ar/browse/term/38487,new_term,,,pending,not_verified
خاصٌّ,https://terminologyenc.com/ar/browse/term/6783,label_with_motion,6180,6180,pending,not_verified
خالد بن الوليد بن المغيرة المخزومي,https://terminologyenc.com/ar/browse/term/38488,new_term,,,pending,not_verified
خالد بن زيد بن كليب بن ثعلبة,https://terminologyenc.com/ar/browse/term/38489,new_term,,,pending,not_verified
خالد بن سنان العبسي,https://terminologyenc.com/ar/browse/term/38490,new_term,,,pending,not_verified
خالد بن عبد الرحمن بن علي الجريسي,https://terminologyenc.com/ar/browse/term/76281,new_term,,,pending,not_verified
خالد بن عبد العزيز آل سعود,https://terminologyenc.com/ar/browse/term/69914,new_term,,,pending,not_verified
خالد بن عبد الله بن محمد المصلح,https://terminologyenc.com/ar/browse/term/76250,new_term,,,pending,not_verified
خالد بن عثمان بن علي السبت,https://terminologyenc.com/ar/browse/term/76273,new_term,,,pending,not_verified
خالد بن علي بن محمد المشيقح,https://terminologyenc.com/ar/browse/term/76242,new_term,,,pending,not_verified
خباب بن الأرتّ بن جندلة بن سعد,https://terminologyenc.com/ar/browse/term/38491,new_term,,,pending,not_verified
خُبْثٌ,https://terminologyenc.com/ar/browse/term/16778,label_with_motion,10836,10836,pending,not_verified
خبر,https://terminologyenc.com/ar/browse/term/71765,ambiguous_label,"12198,12439",,pending,not_verified
خَبَرٌ,https://terminologyenc.com/ar/browse/term/71798,ambiguous_label,"12198,12439",,pending,not_verified
خِبْرَةٌ,https://terminologyenc.com/ar/browse/term/6784,label_without_motion,10837,,pending,not_verified
خِتانٌ,https://terminologyenc.com/ar/browse/term/6785,new_term,,,pending,not_verified
خِداعٌ,https://terminologyenc.com/ar/browse/term/16777,ambiguous_label,"11396,12369",,pending,not_verified
خديجة بنت خويلد بن أسد,https://terminologyenc.com/ar/browse/term/38492,new_term,,,pending,not_verified
خَذْفٌ,https://terminologyenc.com/ar/browse/term/6315,new_term,,,pending,not_verified
خِذْلانٌ,https://terminologyenc.com/ar/browse/term/46430,new_term,,,pending,not_verified
خَراجٌ,https://terminologyenc.com/ar/browse/term/6316,new_term,,,pending,not_verified
خُرَاسَان,https://terminologyenc.com/ar/browse/term/75977,new_term,,,pending,not_verified
خَرْصٌ,https://terminologyenc.com/ar/browse/term/72483,new_term,,,pending,not_verified
خَرْقٌ,https://terminologyenc.com/ar/browse/term/10689,new_term,,,pending,not_verified
خُروجٌ,https://terminologyenc.com/ar/browse/term/46429,ambiguous_label,"829,11593",829,pending,not_verified
خَزٌّ,https://terminologyenc.com/ar/browse/term/6317,new_term,,,pending,not_verified
خزَنة,https://terminologyenc.com/ar/browse/term/10691,new_term,,,pending,not_verified
خُشوعٌ,https://terminologyenc.com/ar/browse/term/16776,label_with_motion,8673,8673,pending,not_verified
خُشُوعٌ - يحذف,https://terminologyenc.com/ar/browse/term/6786,new_term,,,pending,not_verified
خشية,https://terminologyenc.com/ar/browse/term/10693,new_term,,,pending,not_verified
خَطَأٌ,https://terminologyenc.com/ar/browse/term/75254,ambiguous_label,"5426,8674",5426,pending,not_verified
خَفارَةٌ,https://terminologyenc.com/ar/browse/term/6488,new_term,,,pending,not_verified
خفض الصوت,https://terminologyenc.com/ar/browse/term/72488,label_with_motion,832,832,pending,not_verified
خَلٌّ,https://terminologyenc.com/ar/browse/term/6489,label_without_motion,2025,,pending,not_verified
خلاء,https://terminologyenc.com/ar/browse/term/10695,label_without_motion,3944,,pending,not_verified
خَلاءٌ,https://terminologyenc.com/ar/browse/term/776,label_without_motion,3944,,pending,not_verified
خِلاَفٌ لَفْظِيٌّ,https://terminologyenc.com/ar/browse/term/75255,new_term,,,pending,not_verified
خُلْطَةٌ,https://terminologyenc.com/ar/browse/term/6490,new_term,,,pending,not_verified
خَلَفٌ,https://terminologyenc.com/ar/browse/term/10697,ambiguous_label,"2026,5781",2026,pending,not_verified
خلف بن هشام البزار,https://terminologyenc.com/ar/browse/term/38493,new_term,,,pending,not_verified
خُلَفاء,https://terminologyenc.com/ar/browse/term/10698,new_term,,,pending,not_verified
خَلق,https://terminologyenc.com/ar/browse/term/10773,ambiguous_label,"2027,12370",2027,pending,not_verified
خُلَّةٍ,https://terminologyenc.com/ar/browse/term/14979,new_term,,,pending,not_verified
خُلُوٌّ,https://terminologyenc.com/ar/browse/term/6491,new_term,,,pending,not_verified
خلود,https://terminologyenc.com/ar/browse/term/10774,new_term,,,pending,not_verified
خليفة الطنيجي,https://terminologyenc.com/ar/browse/term/76339,new_term,,,pending,not_verified
خُمُسٌ,https://terminologyenc.com/ar/browse/term/6492,new_term,,,pending,not_verified
خنّاس,https://terminologyenc.com/ar/browse/term/10775,new_term,,,pending,not_verified
خُنْثَى,https://terminologyenc.com/ar/browse/term/2904,new_term,,,pending,not_verified
خِنْزِيرٌ,https://terminologyenc.com/ar/browse/term/6493,label_without_motion,5936,,pending,not_verified
خُنُوثَةٌ,https://terminologyenc.com/ar/browse/term/16786,new_term,,,pending,not_verified
خوارج,https://terminologyenc.com/ar/browse/term/46428,new_term,,,pending,not_verified
خوارق العادات,https://terminologyenc.com/ar/browse/term/47732,new_term,,,pending,not_verified
خَوَاصُّ القُرْآنِ,https://terminologyenc.com/ar/browse/term/14830,new_term,,,pending,not_verified
خواطر,https://terminologyenc.com/ar/browse/term/47734,new_term,,,pending,not_verified
خَوْفٍ,https://terminologyenc.com/ar/browse/term/14978,label_with_motion,10850,10850,pending,not_verified
خَوْفٌ,https://terminologyenc.com/ar/browse/term/16774,label_with_motion,10850,10850,pending,not_verified
خِيارٌ,https://terminologyenc.com/ar/browse/term/783,label_without_motion,4607,,pending,not_verified
خِيارُ التَّصْرِيَةِ,https://terminologyenc.com/ar/browse/term/6494,new_term,,,pending,not_verified
خِيارُ الرُّؤْيَةِ,https://terminologyenc.com/ar/browse/term/6495,new_term,,,pending,not_verified
خِيارُ الشَّرْطِ,https://terminologyenc.com/ar/browse/term/6496,new_term,,,pending,not_verified
خِيارُ العَيْبِ,https://terminologyenc.com/ar/browse/term/6497,new_term,,,pending,not_verified
خِيارُ المَجْلِسِ,https://terminologyenc.com/ar/browse/term/6498,new_term,,,pending,not_verified
خياطية,https://terminologyenc.com/ar/browse/term/47735,new_term,,,pending,not_verified
خيانة,https://terminologyenc.com/ar/browse/term/10776,ambiguous_label,"5145,5290",5145,pending,not_verified
خَيْبَر,https://terminologyenc.com/ar/browse/term/75979,new_term,,,pending,not_verified
خير,https://terminologyenc.com/ar/browse/term/10777,label_with_motion,3949,3949,pending,not_verified
خير الدين بن محمود بن محمد علي الزركلي,https://terminologyenc.com/ar/browse/term/65209,new_term,,,pending,not_verified
خيلاء,https://terminologyenc.com/ar/browse/term/10779,new_term,,,pending,not_verified
دَابِق,https://terminologyenc.com/ar/browse/term/76084,new_term,,,pending,not_verified
داخل,https://terminologyenc.com/ar/browse/term/71772,label_without_motion,12082,,pending,not_verified
دارُ الإِسْلامِ,https://terminologyenc.com/ar/browse/term/14934,new_term,,,pending,not_verified
دارُ البَغْيِ,https://terminologyenc.com/ar/browse/term/10783,new_term,,,pending,not_verified
دار الحرب,https://terminologyenc.com/ar/browse/term/10781,new_term,,,pending,not_verified
دار العهد,https://terminologyenc.com/ar/browse/term/10784,new_term,,,pending,not_verified
دارُ الكُفْرِ,https://terminologyenc.com/ar/browse/term/10782,new_term,,,pending,not_verified
دالية,https://terminologyenc.com/ar/browse/term/72519,new_term,,,pending,not_verified
دامِعَةٌ,https://terminologyenc.com/ar/browse/term/6341,new_term,,,pending,not_verified
دامِغَةٌ,https://terminologyenc.com/ar/browse/term/6342,new_term,,,pending,not_verified
داود بن علي بن خلف الأصبهاني,https://terminologyenc.com/ar/browse/term/38495,new_term,,,pending,not_verified
دُبُر,https://terminologyenc.com/ar/browse/term/330,new_term,,,pending,not_verified
دجّال,https://terminologyenc.com/ar/browse/term/10690,new_term,,,pending,not_verified
دحية بن خليفة بن فروة بن فضالة,https://terminologyenc.com/ar/browse/term/38496,new_term,,,pending,not_verified
دُخانٌ,https://terminologyenc.com/ar/browse/term/6343,label_without_motion,2034,,pending,not_verified
دَرْءٌ,https://terminologyenc.com/ar/browse/term/6344,new_term,,,pending,not_verified
دَرْءُ الحَدِّ,https://terminologyenc.com/ar/browse/term/6345,new_term,,,pending,not_verified
دِرْعٌ,https://terminologyenc.com/ar/browse/term/11119,ambiguous_label,"2036,12200,12441",,pending,not_verified
دَرْكٌ,https://terminologyenc.com/ar/browse/term/10785,new_term,,,pending,not_verified
دَرَك,https://terminologyenc.com/ar/browse/term/72517,new_term,,,pending,not_verified
دُعَاء,https://terminologyenc.com/ar/browse/term/14981,label_with_motion,8700,8700,pending,not_verified
دُعاءٌ - يحذف,https://terminologyenc.com/ar/browse/term/16784,new_term,,,pending,not_verified
دَعْوَةٌ,https://terminologyenc.com/ar/browse/term/6346,ambiguous_label,"3955,11726",3955,pending,not_verified
دَعْوَى,https://terminologyenc.com/ar/browse/term/6347,new_term,,,pending,not_verified
دَفْعٌ,https://terminologyenc.com/ar/browse/term/6348,label_with_motion,8702,8702,pending,not_verified
دَفْعُ الصّائِلِ,https://terminologyenc.com/ar/browse/term/6640,new_term,,,pending,not_verified
دَفنٌ الميت,https://terminologyenc.com/ar/browse/term/6349,new_term,,,pending,not_verified
دَلاَلَةٌ,https://terminologyenc.com/ar/browse/term/75256,new_term,,,pending,not_verified
دَلالَةُ الالْتِزامِ,https://terminologyenc.com/ar/browse/term/14936,new_term,,,pending,not_verified
دَلالَةُ التَّضَمُّنِ,https://terminologyenc.com/ar/browse/term/14937,new_term,,,pending,not_verified
دلالة المطابقة,https://terminologyenc.com/ar/browse/term/14938,new_term,,,pending,not_verified
دَلِيلٌ,https://terminologyenc.com/ar/browse/term/6350,new_term,,,pending,not_verified
دَلِيْل,https://terminologyenc.com/ar/browse/term/71763,new_term,,,pending,not_verified
دَمٌ,https://terminologyenc.com/ar/browse/term/6351,ambiguous_label,"1658,5518,11559,11907,12204,12337,12442",,pending,not_verified
دِمَشْق,https://terminologyenc.com/ar/browse/term/75983,new_term,,,pending,not_verified
دنو,https://terminologyenc.com/ar/browse/term/10787,new_term,,,pending,not_verified
دهر,https://terminologyenc.com/ar/browse/term/47733,new_term,,,pending,not_verified
دَهْرِيَّةٌ,https://terminologyenc.com/ar/browse/term/72439,new_term,,,pending,not_verified
دُهْنٌ,https://terminologyenc.com/ar/browse/term/6641,label_with_motion,2045,2045,pending,not_verified
دَواءٌ,https://terminologyenc.com/ar/browse/term/6352,label_without_motion,5521,,pending,not_verified
دَور,https://terminologyenc.com/ar/browse/term/10788,label_without_motion,11135,,pending,not_verified
دُوْمَة الجَنْدَل,https://terminologyenc.com/ar/browse/term/75984,label_without_motion,4424,,pending,not_verified
دُومِين,https://terminologyenc.com/ar/browse/term/76086,new_term,,,pending,not_verified
دِياثَةٌ,https://terminologyenc.com/ar/browse/term/6642,new_term,,,pending,not_verified
دِيبَاجٌ,https://terminologyenc.com/ar/browse/term/6353,new_term,,,pending,not_verified
دَيْنٌ,https://terminologyenc.com/ar/browse/term/3237,label_with_motion,841,841,pending,not_verified
دِيوانٌ,https://terminologyenc.com/ar/browse/term/6354,label_without_motion,3962,,pending,not_verified
ذات,https://terminologyenc.com/ar/browse/term/14992,label_without_motion,11139,,pending,not_verified
ذَات الجَيْشِ,https://terminologyenc.com/ar/browse/term/75985,new_term,,,pending,not_verified
ذاتُ عِرْق,https://terminologyenc.com/ar/browse/term/10001,label_without_motion,532,,pending,not_verified
ذَبْح,https://terminologyenc.com/ar/browse/term/14983,label_without_motion,11140,,pending,not_verified
ذبح الموت,https://terminologyenc.com/ar/browse/term/10790,new_term,,,pending,not_verified
ذرء,https://terminologyenc.com/ar/browse/term/10791,new_term,,,pending,not_verified
ذَرائِع,https://terminologyenc.com/ar/browse/term/6355,new_term,,,pending,not_verified
ذرائع الشرك,https://terminologyenc.com/ar/browse/term/47740,new_term,,,pending,not_verified
ذَرْعِيَّاتٌ,https://terminologyenc.com/ar/browse/term/6643,new_term,,,pending,not_verified
ذَرْقٌ,https://terminologyenc.com/ar/browse/term/6499,new_term,,,pending,not_verified
ذُرِّيَّةٌ,https://terminologyenc.com/ar/browse/term/6500,new_term,,,pending,not_verified
ذَقَنٌ,https://terminologyenc.com/ar/browse/term/6356,ambiguous_label,"5526,12142",,pending,not_verified
ذَكَاةٌ,https://terminologyenc.com/ar/browse/term/7645,new_term,,,pending,not_verified
ذِكْرٌ,https://terminologyenc.com/ar/browse/term/1174,ambiguous_label,"2052,12205,12443",2052,pending,not_verified
ذَكَرٌ,https://terminologyenc.com/ar/browse/term/2901,ambiguous_label,"2052,12205,12443",2052,pending,not_verified
ذُلٌّ,https://terminologyenc.com/ar/browse/term/33125,label_with_motion,8717,8717,pending,not_verified
ذِمِّيٌّ,https://terminologyenc.com/ar/browse/term/6644,new_term,,,pending,not_verified
ذَّمِّيَّةُ,https://terminologyenc.com/ar/browse/term/14993,new_term,,,pending,not_verified
ذُو الجَلالِ والإِكْرامِ,https://terminologyenc.com/ar/browse/term/177166,new_term,,,pending,not_verified
ذُو الحِجَّةِ,https://terminologyenc.com/ar/browse/term/6501,new_term,,,pending,not_verified
ذُو الحُلَيْفَةِ,https://terminologyenc.com/ar/browse/term/6502,label_without_motion,533,,pending,not_verified
ذُو الحُلَيْفَة,https://terminologyenc.com/ar/browse/term/75988,label_without_motion,533,,pending,not_verified
ذُو الخَلَصَة,https://terminologyenc.com/ar/browse/term/75909,new_term,,,pending,not_verified
ذُو السُّوَيْقَتَيْنِ,https://terminologyenc.com/ar/browse/term/47739,new_term,,,pending,not_verified
ذُو العُشَيْرَةَ,https://terminologyenc.com/ar/browse/term/75989,new_term,,,pending,not_verified
ذو الفضل,https://terminologyenc.com/ar/browse/term/74880,new_term,,,pending,not_verified
ذُو القَعْدَةِ,https://terminologyenc.com/ar/browse/term/6505,new_term,,,pending,not_verified
ذُو المَجَاز,https://terminologyenc.com/ar/browse/term/75990,new_term,,,pending,not_verified
ذو المعارج,https://terminologyenc.com/ar/browse/term/10794,new_term,,,pending,not_verified
ذُو طُوًى,https://terminologyenc.com/ar/browse/term/75991,new_term,,,pending,not_verified
ذُؤابَةٌ,https://terminologyenc.com/ar/browse/term/6506,new_term,,,pending,not_verified
ذوات,https://terminologyenc.com/ar/browse/term/10792,new_term,,,pending,not_verified
ذَوْدٌ,https://terminologyenc.com/ar/browse/term/6507,new_term,,,pending,not_verified
ذَوْقٌ,https://terminologyenc.com/ar/browse/term/6508,new_term,,,pending,not_verified
ذَيْلٌ,https://terminologyenc.com/ar/browse/term/6510,label_without_motion,2054,,pending,not_verified
رابعة بنت إسماعيل العدوية,https://terminologyenc.com/ar/browse/term/40124,new_term,,,pending,not_verified
رابِغٌ,https://terminologyenc.com/ar/browse/term/6357,label_without_motion,4425,,pending,not_verified
راتِبٌ,https://terminologyenc.com/ar/browse/term/6645,label_with_motion,8723,8723,pending,not_verified
راجعة,https://terminologyenc.com/ar/browse/term/47737,new_term,,,pending,not_verified
رَأْسٌ,https://terminologyenc.com/ar/browse/term/6511,ambiguous_label,"2058,12087",2058,pending,not_verified
رَأْسُ المالِ,https://terminologyenc.com/ar/browse/term/6646,label_without_motion,5824,,pending,not_verified
راغب الحنفي راغب السرجاني,https://terminologyenc.com/ar/browse/term/76287,new_term,,,pending,not_verified
رافضة,https://terminologyenc.com/ar/browse/term/47738,new_term,,,pending,not_verified
رافع,https://terminologyenc.com/ar/browse/term/10684,new_term,,,pending,not_verified
رافع بن خديج بن رافع,https://terminologyenc.com/ar/browse/term/38497,new_term,,,pending,not_verified
رَأْفَةٌ,https://terminologyenc.com/ar/browse/term/31643,new_term,,,pending,not_verified
راكِبٌ,https://terminologyenc.com/ar/browse/term/6647,label_without_motion,8728,,pending,not_verified
ران,https://terminologyenc.com/ar/browse/term/47736,new_term,,,pending,not_verified
راهِبٌ,https://terminologyenc.com/ar/browse/term/6648,new_term,,,pending,not_verified
رَأْيٌ,https://terminologyenc.com/ar/browse/term/14973,label_with_motion,11145,11145,pending,not_verified
رِبا,https://terminologyenc.com/ar/browse/term/6512,new_term,,,pending,not_verified
رِباطٌ,https://terminologyenc.com/ar/browse/term/6649,label_without_motion,2062,,pending,not_verified
رِباعٌ,https://terminologyenc.com/ar/browse/term/6650,new_term,,,pending,not_verified
رِبْحٌ,https://terminologyenc.com/ar/browse/term/6514,new_term,,,pending,not_verified
رَبَضٌ,https://terminologyenc.com/ar/browse/term/6515,new_term,,,pending,not_verified
رَبِيبَةٌ,https://terminologyenc.com/ar/browse/term/6651,new_term,,,pending,not_verified
ربيعة بن فروخ التيمي,https://terminologyenc.com/ar/browse/term/38498,new_term,,,pending,not_verified
رَبِيئَةٌ,https://terminologyenc.com/ar/browse/term/6652,new_term,,,pending,not_verified
رَتَقٌ,https://terminologyenc.com/ar/browse/term/6516,new_term,,,pending,not_verified
رِثاءٌ,https://terminologyenc.com/ar/browse/term/6653,label_without_motion,8738,,pending,not_verified
رَجَاءِ,https://terminologyenc.com/ar/browse/term/14972,new_term,,,pending,not_verified
رَجاءٌ,https://terminologyenc.com/ar/browse/term/16759,new_term,,,pending,not_verified
رِجالُ الصَّحِيحِ,https://terminologyenc.com/ar/browse/term/71863,new_term,,,pending,not_verified
رَجَبٌ,https://terminologyenc.com/ar/browse/term/6517,new_term,,,pending,not_verified
رِجْزٌ,https://terminologyenc.com/ar/browse/term/10795,new_term,,,pending,not_verified
رَجْعَةٌ,https://terminologyenc.com/ar/browse/term/6518,new_term,,,pending,not_verified
رَجُلٌ,https://terminologyenc.com/ar/browse/term/6654,ambiguous_label,"2064,11148,11596,12143,12618","2064,11148",pending,not_verified
رَجْمٌ,https://terminologyenc.com/ar/browse/term/6519,new_term,,,pending,not_verified
رُجُوعٌ,https://terminologyenc.com/ar/browse/term/6655,label_with_motion,12496,12496,pending,not_verified
رَحِمٌ,https://terminologyenc.com/ar/browse/term/6656,label_with_motion,6133,6133,pending,not_verified
رحمة,https://terminologyenc.com/ar/browse/term/10796,label_with_motion,11149,11149,pending,not_verified
رحمة الله بن خليل الرحمن الهندي,https://terminologyenc.com/ar/browse/term/38499,new_term,,,pending,not_verified
رُخْصَةٌ,https://terminologyenc.com/ar/browse/term/8273,new_term,,,pending,not_verified
رَدٌّ,https://terminologyenc.com/ar/browse/term/5053,new_term,,,pending,not_verified
رِدْءٌ,https://terminologyenc.com/ar/browse/term/6657,new_term,,,pending,not_verified
رِداءٌ,https://terminologyenc.com/ar/browse/term/6658,label_without_motion,145,,pending,not_verified
رَداءَةٌ,https://terminologyenc.com/ar/browse/term/6659,new_term,,,pending,not_verified
رِدَّةٌ,https://terminologyenc.com/ar/browse/term/6520,label_without_motion,3968,,pending,not_verified
رِزامِيَّةٌ,https://terminologyenc.com/ar/browse/term/47741,new_term,,,pending,not_verified
رزق,https://terminologyenc.com/ar/browse/term/72521,label_with_motion,11150,11150,pending,not_verified
رِسالة,https://terminologyenc.com/ar/browse/term/72520,new_term,,,pending,not_verified
رُسْغٌ,https://terminologyenc.com/ar/browse/term/8707,label_without_motion,11151,,pending,not_verified
رَسُولٌ,https://terminologyenc.com/ar/browse/term/10149,label_with_motion,8748,8748,pending,not_verified
رُشْدٌ,https://terminologyenc.com/ar/browse/term/6660,new_term,,,pending,not_verified
رِشْوَةٌ,https://terminologyenc.com/ar/browse/term/6522,new_term,,,pending,not_verified
رِضا,https://terminologyenc.com/ar/browse/term/6661,label_with_motion,11153,11153,pending,not_verified
رَضاعٌ,https://terminologyenc.com/ar/browse/term/6523,new_term,,,pending,not_verified
رضوان,https://terminologyenc.com/ar/browse/term/10799,label_with_motion,536,536,pending,not_verified
رِطْلٌ,https://terminologyenc.com/ar/browse/term/6662,new_term,,,pending,not_verified
رُطُوبَةٌ,https://terminologyenc.com/ar/browse/term/6524,label_without_motion,2069,,pending,not_verified
رَعْيٌ,https://terminologyenc.com/ar/browse/term/6525,label_with_motion,11155,11155,pending,not_verified
رَغائِبُ,https://terminologyenc.com/ar/browse/term/6526,new_term,,,pending,not_verified
رَغْبَة,https://terminologyenc.com/ar/browse/term/72424,ambiguous_label,"8754,11156",8754,pending,not_verified
رَفْضٌ,https://terminologyenc.com/ar/browse/term/6527,label_without_motion,8755,,pending,not_verified
رَفْعُ الحَرَجِ,https://terminologyenc.com/ar/browse/term/6663,new_term,,,pending,not_verified
رِفْق,https://terminologyenc.com/ar/browse/term/6528,label_without_motion,2072,,pending,not_verified
رَقَبَةٌ,https://terminologyenc.com/ar/browse/term/6529,label_with_motion,5528,5528,pending,not_verified
رُقْبَى,https://terminologyenc.com/ar/browse/term/6664,new_term,,,pending,not_verified
رَقْصٌ,https://terminologyenc.com/ar/browse/term/6530,label_without_motion,5694,,pending,not_verified
رَقْمٌ,https://terminologyenc.com/ar/browse/term/6531,ambiguous_label,"8758,12088",,pending,not_verified
رَقِيبٌ,https://terminologyenc.com/ar/browse/term/6532,label_without_motion,4236,,pending,not_verified
رُقْيَةٌ,https://terminologyenc.com/ar/browse/term/6665,new_term,,,pending,not_verified
رقية بنت محمد النبي العربي القرشي,https://terminologyenc.com/ar/browse/term/38506,new_term,,,pending,not_verified
رُكْنٌ,https://terminologyenc.com/ar/browse/term/6533,label_without_motion,3973,,pending,not_verified
ركوع,https://terminologyenc.com/ar/browse/term/8708,label_with_motion,8765,8765,pending,not_verified
رُكُونٌ,https://terminologyenc.com/ar/browse/term/6666,new_term,,,pending,not_verified
رَمادٌ,https://terminologyenc.com/ar/browse/term/6534,label_without_motion,2076,,pending,not_verified
رَمَضانُ,https://terminologyenc.com/ar/browse/term/5135,ambiguous_label,"11675,11908,12206",11675,pending,not_verified
رَمَقٌ,https://terminologyenc.com/ar/browse/term/6409,new_term,,,pending,not_verified
رَمَلٌ,https://terminologyenc.com/ar/browse/term/6410,label_without_motion,5944,,pending,not_verified
رملة بنت أبي سفيان صخر بن حرب القرشية الأموية,https://terminologyenc.com/ar/browse/term/38507,new_term,,,pending,not_verified
رَمْي الجمرات,https://terminologyenc.com/ar/browse/term/6411,label_without_motion,1461,,pending,not_verified
رِهانٌ,https://terminologyenc.com/ar/browse/term/6412,new_term,,,pending,not_verified
رَهْبانِيَّةٌ,https://terminologyenc.com/ar/browse/term/6667,new_term,,,pending,not_verified
رَهْبَةٍ,https://terminologyenc.com/ar/browse/term/14984,new_term,,,pending,not_verified
رَهْبَةٌ,https://terminologyenc.com/ar/browse/term/47742,new_term,,,pending,not_verified
رَهْنٌ,https://terminologyenc.com/ar/browse/term/6668,new_term,,,pending,not_verified
رواقِيَّةُ,https://terminologyenc.com/ar/browse/term/71831,new_term,,,pending,not_verified
رَواهُ الأرْبَعَةُ,https://terminologyenc.com/ar/browse/term/71799,new_term,,,pending,not_verified
رواهُ التِّسْعَةُ,https://terminologyenc.com/ar/browse/term/71805,new_term,,,pending,not_verified
رَواهُ الخَمْسَةُ,https://terminologyenc.com/ar/browse/term/71801,new_term,,,pending,not_verified
رَواهُ السَّبْعَةُ,https://terminologyenc.com/ar/browse/term/71802,new_term,,,pending,not_verified
رَواهُ السِّتَّةُ,https://terminologyenc.com/ar/browse/term/71803,new_term,,,pending,not_verified
رواهُ الشَّيخانِ,https://terminologyenc.com/ar/browse/term/71804,new_term,,,pending,not_verified
رواه الشَّيخانُ - يحذف,https://terminologyenc.com/ar/browse/term/71810,new_term,,,pending,not_verified
رَوْثٌ,https://terminologyenc.com/ar/browse/term/6413,new_term,,,pending,not_verified
روح بن عبادة بن العلاء القيسي,https://terminologyenc.com/ar/browse/term/38508,new_term,,,pending,not_verified
رُودِس,https://terminologyenc.com/ar/browse/term/76087,new_term,,,pending,not_verified
رَوْضَة خَاخ,https://terminologyenc.com/ar/browse/term/75993,new_term,,,pending,not_verified
رُومِيَّة,https://terminologyenc.com/ar/browse/term/75994,new_term,,,pending,not_verified
رُؤْيا,https://terminologyenc.com/ar/browse/term/6414,new_term,,,pending,not_verified
رويفع بن ثابت بن السكن,https://terminologyenc.com/ar/browse/term/38509,new_term,,,pending,not_verified
رُؤْيَةٌ,https://terminologyenc.com/ar/browse/term/13171,label_with_motion,8769,8769,pending,not_verified
رُؤْيَةُ الهِلالِ,https://terminologyenc.com/ar/browse/term/8709,label_without_motion,1462,,pending,not_verified
رياء,https://terminologyenc.com/ar/browse/term/47743,label_without_motion,8770,,pending,not_verified
رِئاسَةٌ,https://terminologyenc.com/ar/browse/term/14755,label_without_motion,3977,,pending,not_verified
ريب,https://terminologyenc.com/ar/browse/term/47746,new_term,,,pending,not_verified
رِيحٌ,https://terminologyenc.com/ar/browse/term/5199,label_without_motion,3979,,pending,not_verified
ريحانة بنت زيد بن عمرو,https://terminologyenc.com/ar/browse/term/38510,new_term,,,pending,not_verified
رِيشٌ,https://terminologyenc.com/ar/browse/term/6416,label_without_motion,2082,,pending,not_verified
رِيقٌ,https://terminologyenc.com/ar/browse/term/6669,new_term,,,pending,not_verified
زَارَادشِتيَّة,https://terminologyenc.com/ar/browse/term/72427,new_term,,,pending,not_verified
زاغٌ,https://terminologyenc.com/ar/browse/term/6670,new_term,,,pending,not_verified
زِبْلٌ,https://terminologyenc.com/ar/browse/term/6671,new_term,,,pending,not_verified
زَخْرَفَةٌ,https://terminologyenc.com/ar/browse/term/6417,new_term,,,pending,not_verified
زرارية,https://terminologyenc.com/ar/browse/term/71830,new_term,,,pending,not_verified
زَرافَةٌ,https://terminologyenc.com/ar/browse/term/6672,label_without_motion,5946,,pending,not_verified
زَرْعٌ,https://terminologyenc.com/ar/browse/term/6418,new_term,,,pending,not_verified
زَعامَةٌ,https://terminologyenc.com/ar/browse/term/6673,new_term,,,pending,not_verified
زَعْفَرانٌ,https://terminologyenc.com/ar/browse/term/6419,new_term,,,pending,not_verified
زعفرانية,https://terminologyenc.com/ar/browse/term/71827,new_term,,,pending,not_verified
زَعِيمٌ,https://terminologyenc.com/ar/browse/term/6674,label_without_motion,11167,,pending,not_verified
زفر بن الهذيل بن قيس العنبري,https://terminologyenc.com/ar/browse/term/38512,new_term,,,pending,not_verified
زَكاةٌ,https://terminologyenc.com/ar/browse/term/31647,new_term,,,pending,not_verified
زَكاةُ الفِطْرِ,https://terminologyenc.com/ar/browse/term/6420,label_without_motion,1463,,pending,not_verified
زَكاةُ النَّقْدَينِ,https://terminologyenc.com/ar/browse/term/6421,new_term,,,pending,not_verified
زكريا بن محمد بن أحمد,https://terminologyenc.com/ar/browse/term/38514,new_term,,,pending,not_verified
زَلْزَلَةٌ,https://terminologyenc.com/ar/browse/term/6675,new_term,,,pending,not_verified
زُلْفَى,https://terminologyenc.com/ar/browse/term/11352,new_term,,,pending,not_verified
زَمَانَةٌ,https://terminologyenc.com/ar/browse/term/7393,new_term,,,pending,not_verified
زُمُرُّدٌ,https://terminologyenc.com/ar/browse/term/7394,label_without_motion,2093,,pending,not_verified
زَنادِقَةٌ,https://terminologyenc.com/ar/browse/term/1176,new_term,,,pending,not_verified
زُنَّارٌ,https://terminologyenc.com/ar/browse/term/7395,new_term,,,pending,not_verified
زُنْبُورٌ,https://terminologyenc.com/ar/browse/term/7396,new_term,,,pending,not_verified
زَنْدٌ,https://terminologyenc.com/ar/browse/term/7397,new_term,,,pending,not_verified
زندقة,https://terminologyenc.com/ar/browse/term/8633,new_term,,,pending,not_verified
زنديق,https://terminologyenc.com/ar/browse/term/8634,new_term,,,pending,not_verified
زِنَى [زِنَا],https://terminologyenc.com/ar/browse/term/72518,new_term,,,pending,not_verified
زُهْدٌ,https://terminologyenc.com/ar/browse/term/31641,label_without_motion,3982,,pending,not_verified
زهير بن حرب بن شداد النسائي,https://terminologyenc.com/ar/browse/term/38515,new_term,,,pending,not_verified
زَوالٌ,https://terminologyenc.com/ar/browse/term/6422,label_with_motion,3984,3984,pending,not_verified
زوائِدُ,https://terminologyenc.com/ar/browse/term/71864,new_term,,,pending,not_verified
زُورٌ,https://terminologyenc.com/ar/browse/term/7399,new_term,,,pending,not_verified
زياد بن أبيه,https://terminologyenc.com/ar/browse/term/38501,new_term,,,pending,not_verified
زِيَادَة,https://terminologyenc.com/ar/browse/term/72522,ambiguous_label,"848,12499",848,pending,not_verified
زيادة الإيمان ونقصانه,https://terminologyenc.com/ar/browse/term/10805,new_term,,,pending,not_verified
زِيارَةُ القُبُورِ,https://terminologyenc.com/ar/browse/term/6423,new_term,,,pending,not_verified
زِيارَةُ النَّبِيِّ صلَّى اللهُ عليه وسلَّم,https://terminologyenc.com/ar/browse/term/6424,new_term,,,pending,not_verified
زيد بن أرقم الخزرجي الأنصاري,https://terminologyenc.com/ar/browse/term/38516,new_term,,,pending,not_verified
زيد بن أسلم العدوي العمري,https://terminologyenc.com/ar/browse/term/38517,new_term,,,pending,not_verified
زيد بن ثابت بن الضحاك الأنصاري,https://terminologyenc.com/ar/browse/term/38518,new_term,,,pending,not_verified
زيد بن حارثة بن شراحيل (أو شرحبيل),https://terminologyenc.com/ar/browse/term/38519,new_term,,,pending,not_verified
زيد بن خالد الجهني المدني,https://terminologyenc.com/ar/browse/term/38520,new_term,,,pending,not_verified
زيد بن سهل بن الأسود الأنصاري النجاري,https://terminologyenc.com/ar/browse/term/38521,new_term,,,pending,not_verified
زيد بن عبد العزيز بن زيد الفياض,https://terminologyenc.com/ar/browse/term/69916,new_term,,,pending,not_verified
زيد بن علي بن الحسين بن علي,https://terminologyenc.com/ar/browse/term/38522,new_term,,,pending,not_verified
زيدية,https://terminologyenc.com/ar/browse/term/47745,new_term,,,pending,not_verified
زين الدين بن إبراهيم بن محمد,https://terminologyenc.com/ar/browse/term/38526,new_term,,,pending,not_verified
زينب بنت علي بن أبي طالب,https://terminologyenc.com/ar/browse/term/38527,new_term,,,pending,not_verified
زِينَةٌ,https://terminologyenc.com/ar/browse/term/5121,new_term,,,pending,not_verified
زُيُوفٌ,https://terminologyenc.com/ar/browse/term/7400,new_term,,,pending,not_verified
سَاعِدٌ,https://terminologyenc.com/ar/browse/term/7401,label_without_motion,11172,,pending,not_verified
ساعَةُ الإِجابَةِ,https://terminologyenc.com/ar/browse/term/6425,new_term,,,pending,not_verified
سالم بن عبد الله بن عمر,https://terminologyenc.com/ar/browse/term/38528,new_term,,,pending,not_verified
سالم بن معقل أبو عبد الله مولى أبي حذيفة,https://terminologyenc.com/ar/browse/term/38529,new_term,,,pending,not_verified
سامرة,https://terminologyenc.com/ar/browse/term/47744,new_term,,,pending,not_verified
سائِمَةٌ,https://terminologyenc.com/ar/browse/term/6426,new_term,,,pending,not_verified
سَبٌّ,https://terminologyenc.com/ar/browse/term/124,new_term,,,pending,not_verified
سَبَأ,https://terminologyenc.com/ar/browse/term/75869,new_term,,,pending,not_verified
سِبَاقٌ,https://terminologyenc.com/ar/browse/term/7402,label_without_motion,8797,,pending,not_verified
سَبَب,https://terminologyenc.com/ar/browse/term/72523,new_term,,,pending,not_verified
سِبْطٌ,https://terminologyenc.com/ar/browse/term/7403,new_term,,,pending,not_verified
سَبُعٌ,https://terminologyenc.com/ar/browse/term/7404,new_term,,,pending,not_verified
سَبَقٌ,https://terminologyenc.com/ar/browse/term/6358,new_term,,,pending,not_verified
سَبْقُ الحَدَثِ,https://terminologyenc.com/ar/browse/term/7405,new_term,,,pending,not_verified
سَبْيٌ,https://terminologyenc.com/ar/browse/term/5065,new_term,,,pending,not_verified
سَبِيكَةٌ,https://terminologyenc.com/ar/browse/term/6359,label_without_motion,2105,,pending,not_verified
سَبِيلٌ,https://terminologyenc.com/ar/browse/term/14763,new_term,,,pending,not_verified
سَبِيلُ اللهِ تعالى,https://terminologyenc.com/ar/browse/term/6427,new_term,,,pending,not_verified
سَتْرٌ,https://terminologyenc.com/ar/browse/term/6428,ambiguous_label,"8799,12371,12585,12620",,pending,not_verified
سَتْرُ العَوْرَةِ,https://terminologyenc.com/ar/browse/term/8710,label_without_motion,850,,pending,not_verified
سُتْرَةُ المُصَلِّي,https://terminologyenc.com/ar/browse/term/6430,new_term,,,pending,not_verified
سَجَدَاتُ القُرْآنِ,https://terminologyenc.com/ar/browse/term/14836,new_term,,,pending,not_verified
سِجِسْتَان,https://terminologyenc.com/ar/browse/term/75995,new_term,,,pending,not_verified
سِجِلٌّ,https://terminologyenc.com/ar/browse/term/2760,new_term,,,pending,not_verified
سُجود التِّلاوة,https://terminologyenc.com/ar/browse/term/14837,new_term,,,pending,not_verified
سُجُودُ السَّهْوِ,https://terminologyenc.com/ar/browse/term/8711,new_term,,,pending,not_verified
سِحاقٌ,https://terminologyenc.com/ar/browse/term/2761,new_term,,,pending,not_verified
سَحْبٌ,https://terminologyenc.com/ar/browse/term/7406,label_without_motion,12209,,pending,not_verified
سحبان بن زفر بن إياس,https://terminologyenc.com/ar/browse/term/38530,new_term,,,pending,not_verified
سحر,https://terminologyenc.com/ar/browse/term/11353,label_without_motion,11179,,pending,not_verified
سَحَرٌ,https://terminologyenc.com/ar/browse/term/6431,label_without_motion,11179,,pending,not_verified
سَخاءٌ,https://terminologyenc.com/ar/browse/term/31640,new_term,,,pending,not_verified
سُخْرَةٌ,https://terminologyenc.com/ar/browse/term/7407,new_term,,,pending,not_verified
سخرية,https://terminologyenc.com/ar/browse/term/14764,new_term,,,pending,not_verified
سُخْرِيَّة,https://terminologyenc.com/ar/browse/term/31649,new_term,,,pending,not_verified
سُخْطٌ,https://terminologyenc.com/ar/browse/term/31648,new_term,,,pending,not_verified
سَدُّ الذَّرائِعِ,https://terminologyenc.com/ar/browse/term/6432,new_term,,,pending,not_verified
سَدُّ الرَّمَقِ,https://terminologyenc.com/ar/browse/term/6434,new_term,,,pending,not_verified
سداد,https://terminologyenc.com/ar/browse/term/14765,label_without_motion,12211,,pending,not_verified
سِدْرٌ,https://terminologyenc.com/ar/browse/term/11354,new_term,,,pending,not_verified
سِرٌّ,https://terminologyenc.com/ar/browse/term/6436,label_with_motion,3989,3989,pending,not_verified
سِرارٌ,https://terminologyenc.com/ar/browse/term/6437,new_term,,,pending,not_verified
سراقة بن عمرو بن لبنة,https://terminologyenc.com/ar/browse/term/38531,new_term,,,pending,not_verified
سراقة بن مالك بن جعشم,https://terminologyenc.com/ar/browse/term/38532,new_term,,,pending,not_verified
سِرايَةٌ,https://terminologyenc.com/ar/browse/term/6438,new_term,,,pending,not_verified
سُرَرٌ,https://terminologyenc.com/ar/browse/term/7408,new_term,,,pending,not_verified
سَرْغ,https://terminologyenc.com/ar/browse/term/75996,new_term,,,pending,not_verified
سَرِف,https://terminologyenc.com/ar/browse/term/75997,new_term,,,pending,not_verified
سَرِقةٌ,https://terminologyenc.com/ar/browse/term/7894,label_without_motion,11183,,pending,not_verified
سَرْقِينٌ,https://terminologyenc.com/ar/browse/term/6439,new_term,,,pending,not_verified
سرمد,https://terminologyenc.com/ar/browse/term/10808,new_term,,,pending,not_verified
سِرْوالٌ,https://terminologyenc.com/ar/browse/term/6440,new_term,,,pending,not_verified
سُرُورٌ,https://terminologyenc.com/ar/browse/term/31646,label_with_motion,11184,11184,pending,not_verified
سعد بن أبي وقاص مالك,https://terminologyenc.com/ar/browse/term/38536,new_term,,,pending,not_verified
سعد بن حمد بن عتيق,https://terminologyenc.com/ar/browse/term/38533,new_term,,,pending,not_verified
سعد بن خيثمة بن الحارث,https://terminologyenc.com/ar/browse/term/38534,new_term,,,pending,not_verified
سعد بن سعيد بن سعد الغامدي,https://terminologyenc.com/ar/browse/term/76299,new_term,,,pending,not_verified
سعد بن عبادة بن دليم,https://terminologyenc.com/ar/browse/term/38535,new_term,,,pending,not_verified
سعد بن عبد الله بن عبد العزيز الحميد,https://terminologyenc.com/ar/browse/term/76312,new_term,,,pending,not_verified
سعد بن ناصر بن عبد العزيز الشثري,https://terminologyenc.com/ar/browse/term/76278,new_term,,,pending,not_verified
سِعْرٌ,https://terminologyenc.com/ar/browse/term/4992,label_without_motion,10450,,pending,not_verified
سعود بن إبراهيم بن محمد الشريم,https://terminologyenc.com/ar/browse/term/76248,new_term,,,pending,not_verified
سعود بن عبد العزيز بن محمد,https://terminologyenc.com/ar/browse/term/38539,new_term,,,pending,not_verified
سعيد بن العاص بن سعيد,https://terminologyenc.com/ar/browse/term/38540,new_term,,,pending,not_verified
سعيد بن المسيب بن حزن,https://terminologyenc.com/ar/browse/term/38541,new_term,,,pending,not_verified
سعيد بن جبير الأسدي,https://terminologyenc.com/ar/browse/term/38542,new_term,,,pending,not_verified
سعيد بن زيد بن عمرو بن نفيل,https://terminologyenc.com/ar/browse/term/38543,new_term,,,pending,not_verified
سعيد بن عامر بن حذيم,https://terminologyenc.com/ar/browse/term/38544,new_term,,,pending,not_verified
سعيد بن علي بن وهف القحطاني,https://terminologyenc.com/ar/browse/term/76233,new_term,,,pending,not_verified
سَفاهَةٌ,https://terminologyenc.com/ar/browse/term/31642,new_term,,,pending,not_verified
سُفْتَجَةٌ,https://terminologyenc.com/ar/browse/term/7409,new_term,,,pending,not_verified
سَفَرٌ,https://terminologyenc.com/ar/browse/term/4993,label_with_motion,2209,2209,pending,not_verified
سفر بن عبد الرحمن الحوالي,https://terminologyenc.com/ar/browse/term/76311,new_term,,,pending,not_verified
سَفْسَطَةٌ,https://terminologyenc.com/ar/browse/term/14766,new_term,,,pending,not_verified
سُفْل,https://terminologyenc.com/ar/browse/term/72524,new_term,,,pending,not_verified
سَفَهٌ,https://terminologyenc.com/ar/browse/term/4994,new_term,,,pending,not_verified
سُفُورٌ,https://terminologyenc.com/ar/browse/term/7410,new_term,,,pending,not_verified
سفيان بن سعيد بن مسروق,https://terminologyenc.com/ar/browse/term/38545,new_term,,,pending,not_verified
سفيان بن عوف الأزدي,https://terminologyenc.com/ar/browse/term/38546,new_term,,,pending,not_verified
سفيان بن عيينة بن ميمون,https://terminologyenc.com/ar/browse/term/38547,new_term,,,pending,not_verified
سفيان بن وهب الخولاني,https://terminologyenc.com/ar/browse/term/40110,new_term,,,pending,not_verified
سَفِيرٌ,https://terminologyenc.com/ar/browse/term/2762,label_without_motion,9525,,pending,not_verified
سِقْطٌ,https://terminologyenc.com/ar/browse/term/4995,label_without_motion,5430,,pending,not_verified
سَقِيفَة بَنِي سَاعِدَة,https://terminologyenc.com/ar/browse/term/76088,new_term,,,pending,not_verified
سَكّاءُ,https://terminologyenc.com/ar/browse/term/2763,new_term,,,pending,not_verified
سكنى,https://terminologyenc.com/ar/browse/term/72425,new_term,,,pending,not_verified
سِكَّةٌ,https://terminologyenc.com/ar/browse/term/4996,label_without_motion,10036,,pending,not_verified
سُكُوتٌ,https://terminologyenc.com/ar/browse/term/421,label_with_motion,8808,8808,pending,not_verified
سَكِينَةٌ,https://terminologyenc.com/ar/browse/term/14767,new_term,,,pending,not_verified
سَكِينَةٌ,https://terminologyenc.com/ar/browse/term/31645,new_term,,,pending,not_verified
سِلاحٌ,https://terminologyenc.com/ar/browse/term/4997,new_term,,,pending,not_verified
سُلامَى,https://terminologyenc.com/ar/browse/term/2765,new_term,,,pending,not_verified
سُلَحْفاةٌ,https://terminologyenc.com/ar/browse/term/2766,ambiguous_label,"5949,12213",,pending,not_verified
سَلْخٌ,https://terminologyenc.com/ar/browse/term/4998,new_term,,,pending,not_verified
سَلَسٌ,https://terminologyenc.com/ar/browse/term/2767,label_without_motion,1821,,pending,not_verified
سلطان بن عبد العزيز آل سعود,https://terminologyenc.com/ar/browse/term/69917,new_term,,,pending,not_verified
سَلْع,https://terminologyenc.com/ar/browse/term/75998,new_term,,,pending,not_verified
سلف,https://terminologyenc.com/ar/browse/term/47748,label_with_motion,8812,8812,pending,not_verified
سلفية - يحذف,https://terminologyenc.com/ar/browse/term/10809,new_term,,,pending,not_verified
سَلَمٌ,https://terminologyenc.com/ar/browse/term/1178,label_without_motion,4775,,pending,not_verified
سِلْمٌ,https://terminologyenc.com/ar/browse/term/2769,label_without_motion,4775,,pending,not_verified
سلمان الفارسي,https://terminologyenc.com/ar/browse/term/38548,new_term,,,pending,not_verified
سلمة بن دينار المخزومي,https://terminologyenc.com/ar/browse/term/38549,new_term,,,pending,not_verified
سلمة بن عمرو بن سنان الأكوع,https://terminologyenc.com/ar/browse/term/38550,new_term,,,pending,not_verified
سليم بن قيس الهلالي العامري,https://terminologyenc.com/ar/browse/term/38551,new_term,,,pending,not_verified
سليمان بن أحمد بن أيوب الطبراني,https://terminologyenc.com/ar/browse/term/38552,new_term,,,pending,not_verified
سليمان بن أحمد بن علي,https://terminologyenc.com/ar/browse/term/38553,new_term,,,pending,not_verified
سليمان بن سحمان بن مصلح,https://terminologyenc.com/ar/browse/term/38557,new_term,,,pending,not_verified
سليمان بن صرد بن الجون,https://terminologyenc.com/ar/browse/term/38558,new_term,,,pending,not_verified
سليمان بن عبد القوي بن الكريم الطوفي,https://terminologyenc.com/ar/browse/term/38559,new_term,,,pending,not_verified
سليمان بن عبد الله بن محمد بن عبد الوهاب,https://terminologyenc.com/ar/browse/term/38560,new_term,,,pending,not_verified
سليمان بن عبد الملك بن مروان,https://terminologyenc.com/ar/browse/term/38561,new_term,,,pending,not_verified
سليمان بن علي بن مشرف التميمي,https://terminologyenc.com/ar/browse/term/38562,new_term,,,pending,not_verified
سليمان بن عمر بن منصور العجيلي,https://terminologyenc.com/ar/browse/term/38563,new_term,,,pending,not_verified
سليمان بن محمد بن عمر البجيرمي,https://terminologyenc.com/ar/browse/term/38564,new_term,,,pending,not_verified
سليمان بن مهران الأسدي,https://terminologyenc.com/ar/browse/term/38565,new_term,,,pending,not_verified
سليمان بن وهيب بن عطاء الأَذْرَعي,https://terminologyenc.com/ar/browse/term/38566,new_term,,,pending,not_verified
سليمان بن يسار أبو أيوب,https://terminologyenc.com/ar/browse/term/38567,new_term,,,pending,not_verified
سليمانية,https://terminologyenc.com/ar/browse/term/47750,new_term,,,pending,not_verified
سُمٌّ,https://terminologyenc.com/ar/browse/term/1583,ambiguous_label,"5534,11910",,pending,not_verified
سَماحَةٌ,https://terminologyenc.com/ar/browse/term/31658,new_term,,,pending,not_verified
سَمادٌ,https://terminologyenc.com/ar/browse/term/1584,label_without_motion,11189,,pending,not_verified
سَماعٌ,https://terminologyenc.com/ar/browse/term/31659,label_without_motion,2221,,pending,not_verified
سماك بن حرب بن أوس,https://terminologyenc.com/ar/browse/term/38568,new_term,,,pending,not_verified
سِمْحاقٌ,https://terminologyenc.com/ar/browse/term/4999,new_term,,,pending,not_verified
سمرة بن جندب بن هلال الفزاري,https://terminologyenc.com/ar/browse/term/38569,new_term,,,pending,not_verified
سَمْعِيّاتٌ,https://terminologyenc.com/ar/browse/term/14953,new_term,,,pending,not_verified
سمية بنت خباط,https://terminologyenc.com/ar/browse/term/38570,new_term,,,pending,not_verified
سِنٌّ,https://terminologyenc.com/ar/browse/term/5000,new_term,,,pending,not_verified
سن اليأس,https://terminologyenc.com/ar/browse/term/7053,new_term,,,pending,not_verified
سُنَنٌ,https://terminologyenc.com/ar/browse/term/71806,new_term,,,pending,not_verified
سنة,https://terminologyenc.com/ar/browse/term/10811,ambiguous_label,"9577,11190,12501","9577,11190",pending,not_verified
سَنَةٌ,https://terminologyenc.com/ar/browse/term/1585,ambiguous_label,"9577,11190,12501","9577,11190",pending,not_verified
سُّنَّةُ,https://terminologyenc.com/ar/browse/term/71807,ambiguous_label,"9577,11190,12501","9577,11190",pending,not_verified
سَنُوسِيَّةُ,https://terminologyenc.com/ar/browse/term/14954,new_term,,,pending,not_verified
سهل بن حنيف بن وهب,https://terminologyenc.com/ar/browse/term/38571,new_term,,,pending,not_verified
سهل بن سعد الخزرجي,https://terminologyenc.com/ar/browse/term/38572,new_term,,,pending,not_verified
سهل بن عبد الله بن يونس التستري,https://terminologyenc.com/ar/browse/term/38573,new_term,,,pending,not_verified
سُوءٌ,https://terminologyenc.com/ar/browse/term/36665,new_term,,,pending,not_verified
سوء الخلق,https://terminologyenc.com/ar/browse/term/36669,label_without_motion,856,,pending,not_verified
سُوءُ الظَّنِّ,https://terminologyenc.com/ar/browse/term/36656,label_without_motion,858,,pending,not_verified
سُوءُ المُعامَلَةِ,https://terminologyenc.com/ar/browse/term/36654,label_without_motion,859,,pending,not_verified
سِواكٌ,https://terminologyenc.com/ar/browse/term/1180,label_without_motion,11192,,pending,not_verified
سُؤالٌ,https://terminologyenc.com/ar/browse/term/1586,label_with_motion,5354,5354,pending,not_verified
سُوبْيا,https://terminologyenc.com/ar/browse/term/1587,new_term,,,pending,not_verified
سودة بنت زمعة بن قيس,https://terminologyenc.com/ar/browse/term/38574,new_term,,,pending,not_verified
سُورةٌ,https://terminologyenc.com/ar/browse/term/14838,label_with_motion,1381,1381,pending,not_verified
سِياسَةٌ,https://terminologyenc.com/ar/browse/term/1181,label_without_motion,3995,,pending,not_verified
سَيْحَان,https://terminologyenc.com/ar/browse/term/76089,new_term,,,pending,not_verified
سيخ,https://terminologyenc.com/ar/browse/term/47752,new_term,,,pending,not_verified
سِيرَةٌ,https://terminologyenc.com/ar/browse/term/1588,label_without_motion,3996,,pending,not_verified
شارِبٌ,https://terminologyenc.com/ar/browse/term/8714,label_without_motion,862,,pending,not_verified
شارِبُ الخَمْرِ,https://terminologyenc.com/ar/browse/term/1589,new_term,,,pending,not_verified
شَامَة,https://terminologyenc.com/ar/browse/term/76001,new_term,,,pending,not_verified
شاةٌ,https://terminologyenc.com/ar/browse/term/8712,new_term,,,pending,not_verified
شاهِينٌ,https://terminologyenc.com/ar/browse/term/1590,new_term,,,pending,not_verified
شِبَعٌ,https://terminologyenc.com/ar/browse/term/5704,label_with_motion,8835,8835,pending,not_verified
شَبَهٌ,https://terminologyenc.com/ar/browse/term/8635,new_term,,,pending,not_verified
شِبْهُ العَمْدِ,https://terminologyenc.com/ar/browse/term/1591,new_term,,,pending,not_verified
شِجاجٌ,https://terminologyenc.com/ar/browse/term/1592,new_term,,,pending,not_verified
شَجاعَةٌ,https://terminologyenc.com/ar/browse/term/31652,label_without_motion,8839,,pending,not_verified
شُحٌّ,https://terminologyenc.com/ar/browse/term/31657,label_without_motion,3999,,pending,not_verified
شِحاذَةٌ,https://terminologyenc.com/ar/browse/term/1411,new_term,,,pending,not_verified
شَحْمٌ,https://terminologyenc.com/ar/browse/term/72496,label_without_motion,5538,,pending,not_verified
شداد بن أوس بن ثابت الخزرجي,https://terminologyenc.com/ar/browse/term/38575,new_term,,,pending,not_verified
شِدَّةٌ,https://terminologyenc.com/ar/browse/term/31656,label_with_motion,4001,4001,pending,not_verified
شُذُوذٌ,https://terminologyenc.com/ar/browse/term/1412,label_without_motion,6141,,pending,not_verified
شُذُوذُ,https://terminologyenc.com/ar/browse/term/14955,label_without_motion,6141,,pending,not_verified
شِراءٌ,https://terminologyenc.com/ar/browse/term/5705,label_with_motion,10455,10455,pending,not_verified
شُرَاة,https://terminologyenc.com/ar/browse/term/47760,new_term,,,pending,not_verified
شِرْبٌ,https://terminologyenc.com/ar/browse/term/1413,label_without_motion,2232,,pending,not_verified
شُرْبُ الخَمْرِ,https://terminologyenc.com/ar/browse/term/36664,label_without_motion,664,,pending,not_verified
شرحبيل بن عبد الله بن المطاع,https://terminologyenc.com/ar/browse/term/38576,new_term,,,pending,not_verified
شَرْطٌ,https://terminologyenc.com/ar/browse/term/75258,label_without_motion,2234,,pending,not_verified
شَرْعُ مَنْ قَبْلَنَا,https://terminologyenc.com/ar/browse/term/75259,new_term,,,pending,not_verified
شَرْقاء,https://terminologyenc.com/ar/browse/term/1414,new_term,,,pending,not_verified
شِرْكٌ,https://terminologyenc.com/ar/browse/term/4062,label_with_motion,4004,4004,pending,not_verified
شرك أصغر,https://terminologyenc.com/ar/browse/term/14956,label_without_motion,665,,pending,not_verified
شرك النية والإرادة,https://terminologyenc.com/ar/browse/term/47757,new_term,,,pending,not_verified
شرك خفي,https://terminologyenc.com/ar/browse/term/14957,label_without_motion,667,,pending,not_verified
شِرْكٌ في الدَّعْوَةِ,https://terminologyenc.com/ar/browse/term/47751,new_term,,,pending,not_verified
شرك في توحيد الربوبية,https://terminologyenc.com/ar/browse/term/47756,new_term,,,pending,not_verified
شَرِكَةٌ,https://terminologyenc.com/ar/browse/term/1182,label_with_motion,8844,8844,pending,not_verified
شَرِكَةُ العَقْدِ,https://terminologyenc.com/ar/browse/term/1415,new_term,,,pending,not_verified
شريح بن الحارث بن قيس,https://terminologyenc.com/ar/browse/term/40111,new_term,,,pending,not_verified
شريح بن هانئ بن يزيد الحارثي,https://terminologyenc.com/ar/browse/term/38577,new_term,,,pending,not_verified
شريك بن عبد الله بن الحارث النخعي,https://terminologyenc.com/ar/browse/term/38582,new_term,,,pending,not_verified
شعب الإيمان,https://terminologyenc.com/ar/browse/term/10816,new_term,,,pending,not_verified
شعبة بن الحجاج بن الورد الواسطي,https://terminologyenc.com/ar/browse/term/38583,new_term,,,pending,not_verified
شعيب النبي العربي,https://terminologyenc.com/ar/browse/term/38584,new_term,,,pending,not_verified
شعيب بن الحسن الأندلسي,https://terminologyenc.com/ar/browse/term/38585,new_term,,,pending,not_verified
شَغْلُ الذِّمَّةِ,https://terminologyenc.com/ar/browse/term/5707,new_term,,,pending,not_verified
شفاعات النبي صلى الله عليه وسلم,https://terminologyenc.com/ar/browse/term/47753,new_term,,,pending,not_verified
شَفاعَةٌ,https://terminologyenc.com/ar/browse/term/1416,label_without_motion,1472,,pending,not_verified
شَفاعَة,https://terminologyenc.com/ar/browse/term/14961,label_without_motion,1472,,pending,not_verified
شَفاعَةٌ,https://terminologyenc.com/ar/browse/term/31655,label_without_motion,1472,,pending,not_verified
شفاعة مثبتة,https://terminologyenc.com/ar/browse/term/47754,new_term,,,pending,not_verified
شَفْرُ العَيْنِ,https://terminologyenc.com/ar/browse/term/1418,new_term,,,pending,not_verified
شُفْرُ الفَرْجِ,https://terminologyenc.com/ar/browse/term/1419,new_term,,,pending,not_verified
شَفْعٌ,https://terminologyenc.com/ar/browse/term/72445,new_term,,,pending,not_verified
شُفْعَةٌ,https://terminologyenc.com/ar/browse/term/5708,new_term,,,pending,not_verified
شَفَقَةٌ,https://terminologyenc.com/ar/browse/term/16764,ambiguous_label,"1223,5151",,pending,not_verified
شَفَةٌ,https://terminologyenc.com/ar/browse/term/1417,label_without_motion,8850,,pending,not_verified
شَفِيعٌ,https://terminologyenc.com/ar/browse/term/1420,new_term,,,pending,not_verified
شَقٌّ,https://terminologyenc.com/ar/browse/term/5709,label_without_motion,2244,,pending,not_verified
شقاق,https://terminologyenc.com/ar/browse/term/47761,new_term,,,pending,not_verified
شَكٌّ,https://terminologyenc.com/ar/browse/term/957,new_term,,,pending,not_verified
شُكْرٌ,https://terminologyenc.com/ar/browse/term/1162,label_with_motion,10854,10854,pending,not_verified
شكيب بن حمود بن حسن,https://terminologyenc.com/ar/browse/term/38586,new_term,,,pending,not_verified
شَلَلٌ,https://terminologyenc.com/ar/browse/term/958,label_without_motion,2245,,pending,not_verified
شَمٌّ,https://terminologyenc.com/ar/browse/term/959,label_without_motion,2246,,pending,not_verified
شَماتَةٌ,https://terminologyenc.com/ar/browse/term/31653,new_term,,,pending,not_verified
شِمالٌ,https://terminologyenc.com/ar/browse/term/5710,label_with_motion,5782,5782,pending,not_verified
شِنْداخٌ,https://terminologyenc.com/ar/browse/term/5711,new_term,,,pending,not_verified
شَهادَةٌ,https://terminologyenc.com/ar/browse/term/960,ambiguous_label,"5356,8859",8859,pending,not_verified
شَهادَةُ الاِسْتِرْعاءِ,https://terminologyenc.com/ar/browse/term/5712,new_term,,,pending,not_verified
شَهادَة الزُّورِ,https://terminologyenc.com/ar/browse/term/36653,label_without_motion,869,,pending,not_verified
شَهامَةٌ,https://terminologyenc.com/ar/browse/term/31651,label_without_motion,8860,,pending,not_verified
شَهْرٌ,https://terminologyenc.com/ar/browse/term/962,ambiguous_label,"10458,12504",,pending,not_verified
شهر بن حوشب الأشعري,https://terminologyenc.com/ar/browse/term/38587,new_term,,,pending,not_verified
شَهْرُ رَمَضانَ,https://terminologyenc.com/ar/browse/term/963,label_without_motion,671,,pending,not_verified
شَهْوَةٌ,https://terminologyenc.com/ar/browse/term/964,ambiguous_label,"1473,11914",1473,pending,not_verified
شَوّالٌ,https://terminologyenc.com/ar/browse/term/965,new_term,,,pending,not_verified
شَوْرَةٌ,https://terminologyenc.com/ar/browse/term/587,new_term,,,pending,not_verified
شُورَى,https://terminologyenc.com/ar/browse/term/5713,new_term,,,pending,not_verified
شَوْطٌ,https://terminologyenc.com/ar/browse/term/966,new_term,,,pending,not_verified
شُؤْمٌ,https://terminologyenc.com/ar/browse/term/10320,label_without_motion,8864,,pending,not_verified
شُؤْمٌ,https://terminologyenc.com/ar/browse/term/84,label_without_motion,8864,,pending,not_verified
شَيْءٌ,https://terminologyenc.com/ar/browse/term/14962,label_with_motion,10459,10459,pending,not_verified
شَيْبٌ,https://terminologyenc.com/ar/browse/term/588,label_without_motion,8866,,pending,not_verified
شيبة بن عثمان بن أبي طلحة القرشي,https://terminologyenc.com/ar/browse/term/38588,new_term,,,pending,not_verified
شَيْطانٌ,https://terminologyenc.com/ar/browse/term/5714,label_without_motion,10862,,pending,not_verified
شِيعَةٌ,https://terminologyenc.com/ar/browse/term/47765,new_term,,,pending,not_verified
شيوعية,https://terminologyenc.com/ar/browse/term/14963,new_term,,,pending,not_verified
صَابُون,https://terminologyenc.com/ar/browse/term/10076,label_without_motion,4010,,pending,not_verified
صابِئَةٌ,https://terminologyenc.com/ar/browse/term/5715,new_term,,,pending,not_verified
صاعٌ,https://terminologyenc.com/ar/browse/term/5233,label_without_motion,4013,,pending,not_verified
صالح بن إبراهيم بن محمد البليهي,https://terminologyenc.com/ar/browse/term/76306,new_term,,,pending,not_verified
صالح بن حسن بن أحمد,https://terminologyenc.com/ar/browse/term/38589,new_term,,,pending,not_verified
صالح بن حسين العايد,https://terminologyenc.com/ar/browse/term/76344,new_term,,,pending,not_verified
صالح بن عبد الرحمن بن عبد العزيز الحصين,https://terminologyenc.com/ar/browse/term/76316,new_term,,,pending,not_verified
صالح بن عبد الرحمن بن عبد الله الأطرم,https://terminologyenc.com/ar/browse/term/76255,new_term,,,pending,not_verified
صالح بن عبد العزيز بن محمد بن إبراهيم آل الشيخ,https://terminologyenc.com/ar/browse/term/76236,new_term,,,pending,not_verified
صالح بن عبد الله بن حمد العصيمي,https://terminologyenc.com/ar/browse/term/76235,new_term,,,pending,not_verified
صالح بن عبد الله بن محمد بن حميد,https://terminologyenc.com/ar/browse/term/76256,new_term,,,pending,not_verified
صالح بن علي بن فهد بن غصون,https://terminologyenc.com/ar/browse/term/71443,new_term,,,pending,not_verified
صالح بن غانم السدلان,https://terminologyenc.com/ar/browse/term/76295,new_term,,,pending,not_verified
صالح بن فوزان بن عبد الله الفوزان,https://terminologyenc.com/ar/browse/term/76239,new_term,,,pending,not_verified
صالح بن محمد اللحيدان,https://terminologyenc.com/ar/browse/term/76303,new_term,,,pending,not_verified
صالح بن محمد بن إبراهيم آل طالب,https://terminologyenc.com/ar/browse/term/76257,new_term,,,pending,not_verified
صالح بن مقبل بن عبد الله بن مقبل العصيمي,https://terminologyenc.com/ar/browse/term/76322,new_term,,,pending,not_verified
صالح بن مهدي بن علي المقبلي,https://terminologyenc.com/ar/browse/term/38590,new_term,,,pending,not_verified
صالح عليه السلام,https://terminologyenc.com/ar/browse/term/38591,label_without_motion,673,,pending,not_verified
صُبْحٌ,https://terminologyenc.com/ar/browse/term/5716,new_term,,,pending,not_verified
صُبْرَةٌ,https://terminologyenc.com/ar/browse/term/5717,new_term,,,pending,not_verified
صَبْغٌ,https://terminologyenc.com/ar/browse/term/5718,new_term,,,pending,not_verified
صِبغة,https://terminologyenc.com/ar/browse/term/11356,new_term,,,pending,not_verified
صحابي,https://terminologyenc.com/ar/browse/term/14964,label_with_motion,10867,10867,pending,not_verified
صُحْبَةٌ,https://terminologyenc.com/ar/browse/term/589,new_term,,,pending,not_verified
صِحَّةٌ,https://terminologyenc.com/ar/browse/term/590,new_term,,,pending,not_verified
صَحِيحُ الإسْنادِ,https://terminologyenc.com/ar/browse/term/71865,new_term,,,pending,not_verified
صَحِيحٌ على شَرْطِهِما,https://terminologyenc.com/ar/browse/term/71814,new_term,,,pending,not_verified
صخر بن حرب بن أمية بن عبد شمس القرشي الأموي,https://terminologyenc.com/ar/browse/term/38592,new_term,,,pending,not_verified
صَداقٌ,https://terminologyenc.com/ar/browse/term/591,new_term,,,pending,not_verified
صَداقَةٌ,https://terminologyenc.com/ar/browse/term/5719,new_term,,,pending,not_verified
صَدَقَةٌ,https://terminologyenc.com/ar/browse/term/5071,label_with_motion,881,881,pending,not_verified
صدور,https://terminologyenc.com/ar/browse/term/11351,new_term,,,pending,not_verified
صدي بن عجلان بن وهب الباهلي,https://terminologyenc.com/ar/browse/term/38593,new_term,,,pending,not_verified
صديقية,https://terminologyenc.com/ar/browse/term/47764,new_term,,,pending,not_verified
صِرَار,https://terminologyenc.com/ar/browse/term/76002,new_term,,,pending,not_verified
صِرافَةٌ,https://terminologyenc.com/ar/browse/term/592,new_term,,,pending,not_verified
صُرَدٌ,https://terminologyenc.com/ar/browse/term/593,new_term,,,pending,not_verified
صَرْعٌ,https://terminologyenc.com/ar/browse/term/594,new_term,,,pending,not_verified
صَرف,https://terminologyenc.com/ar/browse/term/14966,label_without_motion,10873,,pending,not_verified
صعود,https://terminologyenc.com/ar/browse/term/10820,new_term,,,pending,not_verified
صَعِيدٌ,https://terminologyenc.com/ar/browse/term/595,new_term,,,pending,not_verified
صِغارُ التَّابِعِينَ,https://terminologyenc.com/ar/browse/term/71868,new_term,,,pending,not_verified
صِغارُ الصَّحابَةِ,https://terminologyenc.com/ar/browse/term/71869,new_term,,,pending,not_verified
صَغائِر,https://terminologyenc.com/ar/browse/term/14967,new_term,,,pending,not_verified
صِغَرٌ,https://terminologyenc.com/ar/browse/term/359,new_term,,,pending,not_verified
صِغَرُ الهِمَّةِ,https://terminologyenc.com/ar/browse/term/36661,label_without_motion,884,,pending,not_verified
صَفٌّ,https://terminologyenc.com/ar/browse/term/351,ambiguous_label,"8878,12090,12321",8878,pending,not_verified
صَفا,https://terminologyenc.com/ar/browse/term/352,new_term,,,pending,not_verified
صِفاتٌ إضافِيَّةٌ,https://terminologyenc.com/ar/browse/term/47769,new_term,,,pending,not_verified
صفات ذاتية,https://terminologyenc.com/ar/browse/term/47767,new_term,,,pending,not_verified
صفات سلبية,https://terminologyenc.com/ar/browse/term/14969,new_term,,,pending,not_verified
صِفاتٌ فِعْلِيَّةٌ,https://terminologyenc.com/ar/browse/term/14971,new_term,,,pending,not_verified
صفات منفية,https://terminologyenc.com/ar/browse/term/14882,new_term,,,pending,not_verified
صفاتية,https://terminologyenc.com/ar/browse/term/14995,new_term,,,pending,not_verified
صَفْحٌ,https://terminologyenc.com/ar/browse/term/31671,new_term,,,pending,not_verified
صِفَةٌ نَفْسِيَّةٌ,https://terminologyenc.com/ar/browse/term/14996,new_term,,,pending,not_verified
صفي الرحمن المباركفوري,https://terminologyenc.com/ar/browse/term/76346,new_term,,,pending,not_verified
صِفِّين,https://terminologyenc.com/ar/browse/term/76003,new_term,,,pending,not_verified
صفية بنت حيي بن أخطب,https://terminologyenc.com/ar/browse/term/38594,new_term,,,pending,not_verified
صَلاحٌ,https://terminologyenc.com/ar/browse/term/357,new_term,,,pending,not_verified
صلاح الدين يوسف بن أيوب بن شاذي الأيوبي,https://terminologyenc.com/ar/browse/term/41902,new_term,,,pending,not_verified
صلاح بن محمد البدير,https://terminologyenc.com/ar/browse/term/76254,new_term,,,pending,not_verified
صَلاةٌ,https://terminologyenc.com/ar/browse/term/5720,label_with_motion,8882,8882,pending,not_verified
صَلاةُ الاسْتِسْقاءِ,https://terminologyenc.com/ar/browse/term/5721,label_without_motion,1478,,pending,not_verified
صَلاةُ التَّطوُّعِ,https://terminologyenc.com/ar/browse/term/353,new_term,,,pending,not_verified
صَلاةُ الجَماعَةِ,https://terminologyenc.com/ar/browse/term/545,label_with_motion,1480,1480,pending,not_verified
صَلاةُ الجُمُعَةِ,https://terminologyenc.com/ar/browse/term/6882,new_term,,,pending,not_verified
صَلاةُ الجَنازَةِ,https://terminologyenc.com/ar/browse/term/6883,label_without_motion,150,,pending,not_verified
صَلاةُ الخَوْفِ,https://terminologyenc.com/ar/browse/term/6884,new_term,,,pending,not_verified
صَلاةُ الطَّوافِ,https://terminologyenc.com/ar/browse/term/354,new_term,,,pending,not_verified
صَلاةُ العِيدَينِ,https://terminologyenc.com/ar/browse/term/6881,new_term,,,pending,not_verified
صَلاةُ الفَوائِتِ,https://terminologyenc.com/ar/browse/term/6071,new_term,,,pending,not_verified
صلاةُ الكُسُوف,https://terminologyenc.com/ar/browse/term/72494,new_term,,,pending,not_verified
صَلاةُ المَرِيضِ,https://terminologyenc.com/ar/browse/term/355,new_term,,,pending,not_verified
صَلاةُ المُسافِرِ,https://terminologyenc.com/ar/browse/term/6941,label_without_motion,1483,,pending,not_verified
صَلاةُ النَّافِلَةِ,https://terminologyenc.com/ar/browse/term/6942,new_term,,,pending,not_verified
صَلاةُ الوِتْرِ,https://terminologyenc.com/ar/browse/term/356,new_term,,,pending,not_verified
صُلْحٌ,https://terminologyenc.com/ar/browse/term/6943,label_without_motion,4016,,pending,not_verified
صِلَةٌ,https://terminologyenc.com/ar/browse/term/64570,new_term,,,pending,not_verified
صلة الرحم,https://terminologyenc.com/ar/browse/term/72526,new_term,,,pending,not_verified
صَمْتٌ,https://terminologyenc.com/ar/browse/term/358,label_without_motion,10876,,pending,not_verified
صَمْعاء,https://terminologyenc.com/ar/browse/term/6944,new_term,,,pending,not_verified
صِناعَةٌ,https://terminologyenc.com/ar/browse/term/64576,new_term,,,pending,not_verified
صَنْجَةٌ,https://terminologyenc.com/ar/browse/term/350,new_term,,,pending,not_verified
صَنْعَاء,https://terminologyenc.com/ar/browse/term/76004,new_term,,,pending,not_verified
صِنْفٌ,https://terminologyenc.com/ar/browse/term/11495,label_with_motion,2262,2262,pending,not_verified
صهيونية,https://terminologyenc.com/ar/browse/term/47766,new_term,,,pending,not_verified
صَوْتٌ,https://terminologyenc.com/ar/browse/term/6170,label_without_motion,2265,,pending,not_verified
صورة,https://terminologyenc.com/ar/browse/term/14997,label_with_motion,12507,12507,pending,not_verified
صُورَةٌ,https://terminologyenc.com/ar/browse/term/6189,label_with_motion,12507,12507,pending,not_verified
صُوفٌ,https://terminologyenc.com/ar/browse/term/80,label_without_motion,2266,,pending,not_verified
صَوْمُ التَّطَوُّعِ,https://terminologyenc.com/ar/browse/term/8722,new_term,,,pending,not_verified
صوم النَّذْر,https://terminologyenc.com/ar/browse/term/72498,new_term,,,pending,not_verified
صَوْمَعَةٌ,https://terminologyenc.com/ar/browse/term/6190,label_without_motion,888,,pending,not_verified
صِياحٌ,https://terminologyenc.com/ar/browse/term/11496,label_with_motion,2268,2268,pending,not_verified
صِياغَةٌ,https://terminologyenc.com/ar/browse/term/64575,new_term,,,pending,not_verified
صيِّت,https://terminologyenc.com/ar/browse/term/11497,new_term,,,pending,not_verified
صيحة,https://terminologyenc.com/ar/browse/term/10830,new_term,,,pending,not_verified
صَيْدٌ,https://terminologyenc.com/ar/browse/term/6232,new_term,,,pending,not_verified
صِيغَةٌ,https://terminologyenc.com/ar/browse/term/64573,new_term,,,pending,not_verified
ضَابِطٌ,https://terminologyenc.com/ar/browse/term/11498,label_without_motion,9531,,pending,not_verified
ضالَّةٌ,https://terminologyenc.com/ar/browse/term/64569,new_term,,,pending,not_verified
ضائِعٌ,https://terminologyenc.com/ar/browse/term/64577,new_term,,,pending,not_verified
ضَبٌّ,https://terminologyenc.com/ar/browse/term/64572,label_without_motion,8891,,pending,not_verified
ضَبابٌ,https://terminologyenc.com/ar/browse/term/11499,ambiguous_label,"1641,2272",,pending,not_verified
ضَبْطٌ,https://terminologyenc.com/ar/browse/term/11500,label_with_motion,9711,9711,pending,not_verified
ضَجْنَان,https://terminologyenc.com/ar/browse/term/76005,new_term,,,pending,not_verified
ضحك,https://terminologyenc.com/ar/browse/term/14998,ambiguous_label,"6211,10881",,pending,not_verified
ضِدّانِ,https://terminologyenc.com/ar/browse/term/14999,new_term,,,pending,not_verified
ضِرابُ الفَحْلِ,https://terminologyenc.com/ar/browse/term/93,new_term,,,pending,not_verified
ضِرارٌ,https://terminologyenc.com/ar/browse/term/166,new_term,,,pending,not_verified
ضرار بن الخطاب بن مرداس,https://terminologyenc.com/ar/browse/term/38595,new_term,,,pending,not_verified
ضرارية,https://terminologyenc.com/ar/browse/term/14483,new_term,,,pending,not_verified
ضَرْبٌ,https://terminologyenc.com/ar/browse/term/167,ambiguous_label,"5358,11561,12093,12219",,pending,not_verified
ضَرَرٌ,https://terminologyenc.com/ar/browse/term/184,label_without_motion,10883,,pending,not_verified
ضِرْسٌ,https://terminologyenc.com/ar/browse/term/6234,ambiguous_label,"2273,5536",,pending,not_verified
ضَرَّةٌ,https://terminologyenc.com/ar/browse/term/6233,new_term,,,pending,not_verified
ضَرُورَةٌ,https://terminologyenc.com/ar/browse/term/75261,label_without_motion,10884,,pending,not_verified
ضَرُورِيّاتٌ,https://terminologyenc.com/ar/browse/term/6235,new_term,,,pending,not_verified
ضَفِيرَةٌ,https://terminologyenc.com/ar/browse/term/6236,new_term,,,pending,not_verified
ضلال,https://terminologyenc.com/ar/browse/term/15000,new_term,,,pending,not_verified
ضِلْعٌ,https://terminologyenc.com/ar/browse/term/6237,label_without_motion,12094,,pending,not_verified
ضِمادٌ,https://terminologyenc.com/ar/browse/term/11501,new_term,,,pending,not_verified
ضِمارٌ,https://terminologyenc.com/ar/browse/term/6306,new_term,,,pending,not_verified
ضَمانٌ,https://terminologyenc.com/ar/browse/term/6307,label_without_motion,10887,,pending,not_verified
ضَمَانُ الدَّرَك,https://terminologyenc.com/ar/browse/term/72525,new_term,,,pending,not_verified
ضَمَانَة,https://terminologyenc.com/ar/browse/term/6318,new_term,,,pending,not_verified
ضَمَّةُ القَبْرِ,https://terminologyenc.com/ar/browse/term/11002,new_term,,,pending,not_verified
ضنك,https://terminologyenc.com/ar/browse/term/11502,new_term,,,pending,not_verified
ضوء,https://terminologyenc.com/ar/browse/term/11358,new_term,,,pending,not_verified
ضِيافَةٌ,https://terminologyenc.com/ar/browse/term/6319,label_without_motion,10889,,pending,not_verified
طَأْطَأَةٌ,https://terminologyenc.com/ar/browse/term/11503,new_term,,,pending,not_verified
طاعَةٌ,https://terminologyenc.com/ar/browse/term/15001,new_term,,,pending,not_verified
طاعُونٌ,https://terminologyenc.com/ar/browse/term/47779,new_term,,,pending,not_verified
طاهر بن صالح أو محمد صالح,https://terminologyenc.com/ar/browse/term/38596,new_term,,,pending,not_verified
طاوس بن كيسان الخولاني,https://terminologyenc.com/ar/browse/term/38597,new_term,,,pending,not_verified
طَبْعٌ,https://terminologyenc.com/ar/browse/term/15003,new_term,,,pending,not_verified
طَبقاتُ الصَّحابَةِ,https://terminologyenc.com/ar/browse/term/71872,new_term,,,pending,not_verified
طَبَقاتُ المُحَدِّثِينَ,https://terminologyenc.com/ar/browse/term/71873,new_term,,,pending,not_verified
طَبِيخٌ,https://terminologyenc.com/ar/browse/term/11505,new_term,,,pending,not_verified
طَبِيعَةٌ,https://terminologyenc.com/ar/browse/term/11003,new_term,,,pending,not_verified
طحلب,https://terminologyenc.com/ar/browse/term/11506,label_without_motion,2281,,pending,not_verified
طَرَبٌ,https://terminologyenc.com/ar/browse/term/11507,label_without_motion,10893,,pending,not_verified
طَرْقٌ,https://terminologyenc.com/ar/browse/term/11509,new_term,,,pending,not_verified
طُرُقُ الحَدِيثِ,https://terminologyenc.com/ar/browse/term/71815,new_term,,,pending,not_verified
طَرِيق الشَّجَرَة,https://terminologyenc.com/ar/browse/term/76007,new_term,,,pending,not_verified
طَرِيق المُعَرَّسِ,https://terminologyenc.com/ar/browse/term/76008,new_term,,,pending,not_verified
طَعْمٌ,https://terminologyenc.com/ar/browse/term/6433,label_without_motion,4025,,pending,not_verified
طَعْنٌ في الدِّينِ,https://terminologyenc.com/ar/browse/term/15005,new_term,,,pending,not_verified
طَفِيل,https://terminologyenc.com/ar/browse/term/76009,new_term,,,pending,not_verified
طِلاءٌ,https://terminologyenc.com/ar/browse/term/47772,label_without_motion,10055,,pending,not_verified
طَلاقٌ,https://terminologyenc.com/ar/browse/term/1164,label_without_motion,6143,,pending,not_verified
طَلاقَةُ الوَجْهِ,https://terminologyenc.com/ar/browse/term/36673,label_without_motion,889,,pending,not_verified
طَلَبُ العِلْمِ,https://terminologyenc.com/ar/browse/term/47777,label_with_motion,890,890,pending,not_verified
طلسم,https://terminologyenc.com/ar/browse/term/11533,new_term,,,pending,not_verified
طَلْعٌ,https://terminologyenc.com/ar/browse/term/11532,new_term,,,pending,not_verified
طَلْقُ,https://terminologyenc.com/ar/browse/term/11510,label_without_motion,2286,,pending,not_verified
طمأنينة,https://terminologyenc.com/ar/browse/term/15006,label_without_motion,10896,,pending,not_verified
طمس,https://terminologyenc.com/ar/browse/term/11355,label_without_motion,10056,,pending,not_verified
طَمَعٌ,https://terminologyenc.com/ar/browse/term/31669,label_with_motion,8917,8917,pending,not_verified
طُمُوحٌ,https://terminologyenc.com/ar/browse/term/31668,label_without_motion,12340,,pending,not_verified
طنطاوي بن جوهري المصري,https://terminologyenc.com/ar/browse/term/40117,new_term,,,pending,not_verified
طه بن حسين بن علي بن سلامة,https://terminologyenc.com/ar/browse/term/40118,new_term,,,pending,not_verified
طه بن محمد الساكت,https://terminologyenc.com/ar/browse/term/69920,new_term,,,pending,not_verified
طَهارَةٌ,https://terminologyenc.com/ar/browse/term/4064,new_term,,,pending,not_verified
طَهَارةُ الضَّرورةِ,https://terminologyenc.com/ar/browse/term/72497,new_term,,,pending,not_verified
طَهارَةٌ عَيْنِيَّةٌ,https://terminologyenc.com/ar/browse/term/3247,new_term,,,pending,not_verified
طَهارَةٌ كُبْرَى,https://terminologyenc.com/ar/browse/term/3250,new_term,,,pending,not_verified
طَهارَةٌ مائِيَّةٌ,https://terminologyenc.com/ar/browse/term/3251,new_term,,,pending,not_verified
طَهارَةٌ مُسْتَحَبَّةٌ,https://terminologyenc.com/ar/browse/term/3252,new_term,,,pending,not_verified
طَهارَةٌ واجِبَةٌ,https://terminologyenc.com/ar/browse/term/4396,new_term,,,pending,not_verified
طُهْرٌ,https://terminologyenc.com/ar/browse/term/171,new_term,,,pending,not_verified
طَوافٌ,https://terminologyenc.com/ar/browse/term/47778,ambiguous_label,"1394,8919",,pending,not_verified
طوفان,https://terminologyenc.com/ar/browse/term/11511,new_term,,,pending,not_verified
طَوْلٌ,https://terminologyenc.com/ar/browse/term/47776,label_without_motion,10468,,pending,not_verified
طُولُ الأَمَلِ,https://terminologyenc.com/ar/browse/term/36663,label_without_motion,891,,pending,not_verified
طُوًى,https://terminologyenc.com/ar/browse/term/75871,new_term,,,pending,not_verified
طِيبٌ,https://terminologyenc.com/ar/browse/term/6482,label_with_motion,11404,11404,pending,not_verified
طَيِّب,https://terminologyenc.com/ar/browse/term/72431,label_with_motion,11404,11404,pending,not_verified
طِيرَةٌ,https://terminologyenc.com/ar/browse/term/16553,new_term,,,pending,not_verified
طَيْشٌ,https://terminologyenc.com/ar/browse/term/31665,new_term,,,pending,not_verified
طيفور بن عيسى البسطامي,https://terminologyenc.com/ar/browse/term/38599,new_term,,,pending,not_verified
طَيْلَسان,https://terminologyenc.com/ar/browse/term/11512,new_term,,,pending,not_verified
ظالم بن عمرو بن سفيان بن جندل الدُّؤلي,https://terminologyenc.com/ar/browse/term/38600,new_term,,,pending,not_verified
ظاهِرٌ,https://terminologyenc.com/ar/browse/term/47775,label_with_motion,4029,4029,pending,not_verified
ظَعِينَةٌ,https://terminologyenc.com/ar/browse/term/11513,new_term,,,pending,not_verified
ظَفَار,https://terminologyenc.com/ar/browse/term/76012,new_term,,,pending,not_verified
ظَفَرٌ بِالْحَقِّ,https://terminologyenc.com/ar/browse/term/47774,new_term,,,pending,not_verified
ظلع,https://terminologyenc.com/ar/browse/term/11514,new_term,,,pending,not_verified
ظُلْمٌ,https://terminologyenc.com/ar/browse/term/15007,label_without_motion,5159,,pending,not_verified
ظَنٌّ,https://terminologyenc.com/ar/browse/term/47782,label_with_motion,892,892,pending,not_verified
ظِهارٌ,https://terminologyenc.com/ar/browse/term/47783,new_term,,,pending,not_verified
عَاتِقٌ,https://terminologyenc.com/ar/browse/term/11515,label_without_motion,10903,,pending,not_verified
عاتكة بنت زيد بن عمرو بن نفيل,https://terminologyenc.com/ar/browse/term/38601,new_term,,,pending,not_verified
عاجٌ,https://terminologyenc.com/ar/browse/term/7415,new_term,,,pending,not_verified
عارِيَّةٌ,https://terminologyenc.com/ar/browse/term/6441,new_term,,,pending,not_verified
عاشِرٌ,https://terminologyenc.com/ar/browse/term/6443,new_term,,,pending,not_verified
عاشُوراءُ,https://terminologyenc.com/ar/browse/term/6473,new_term,,,pending,not_verified
عاقِرٌ,https://terminologyenc.com/ar/browse/term/6475,label_without_motion,5163,,pending,not_verified
عاقِلَةٌ,https://terminologyenc.com/ar/browse/term/6480,new_term,,,pending,not_verified
عالَمٌ,https://terminologyenc.com/ar/browse/term/11005,ambiguous_label,"895,1801,8940,12146","895,1801,8940",pending,not_verified
عَامٌّ,https://terminologyenc.com/ar/browse/term/75262,label_with_motion,10059,10059,pending,not_verified
عامِلٌ,https://terminologyenc.com/ar/browse/term/6487,ambiguous_label,"115,10470",,pending,not_verified
عَامِّيٌّ,https://terminologyenc.com/ar/browse/term/75263,new_term,,,pending,not_verified
عائض بن عبد الله القرني,https://terminologyenc.com/ar/browse/term/76289,new_term,,,pending,not_verified
عباد بن بشر بن وقش,https://terminologyenc.com/ar/browse/term/38602,new_term,,,pending,not_verified
عباد بن محمد بن إسماعيل,https://terminologyenc.com/ar/browse/term/38603,new_term,,,pending,not_verified
عبادة,https://terminologyenc.com/ar/browse/term/15008,label_with_motion,10907,10907,pending,not_verified
عبادة بن الصامت بن قيس الأنصاري,https://terminologyenc.com/ar/browse/term/38604,new_term,,,pending,not_verified
عَبَثٌ,https://terminologyenc.com/ar/browse/term/11516,label_with_motion,10908,10908,pending,not_verified
عَبْدٌ,https://terminologyenc.com/ar/browse/term/72529,label_with_motion,12225,12225,pending,not_verified
عبد البارئ بن عواض بن علي الثبيتي,https://terminologyenc.com/ar/browse/term/76260,new_term,,,pending,not_verified
عبد الباسط محمد عبد الصمد سليم داود,https://terminologyenc.com/ar/browse/term/69921,new_term,,,pending,not_verified
عبد الجبار بن أحمد بن عبد الجبار,https://terminologyenc.com/ar/browse/term/38605,new_term,,,pending,not_verified
عبد الحق بن سيف الدين الدهلوي,https://terminologyenc.com/ar/browse/term/38606,new_term,,,pending,not_verified
عبد الحميد السايح,https://terminologyenc.com/ar/browse/term/69923,new_term,,,pending,not_verified
عبد الحميد بن عبد العزيز كشك,https://terminologyenc.com/ar/browse/term/69924,new_term,,,pending,not_verified
عبد الحميد بن هبة الله بن محمد ابن أبي الحديد,https://terminologyenc.com/ar/browse/term/40113,new_term,,,pending,not_verified
عبد الحي بن أحمد بن محمد,https://terminologyenc.com/ar/browse/term/38607,new_term,,,pending,not_verified
عبد الرحمن أبو الفتح الشتوكي,https://terminologyenc.com/ar/browse/term/69927,new_term,,,pending,not_verified
عبد الرحمن المحلي,https://terminologyenc.com/ar/browse/term/38615,new_term,,,pending,not_verified
عبد الرحمن بن إبراهيم بن أحمد,https://terminologyenc.com/ar/browse/term/38608,new_term,,,pending,not_verified
عبد الرحمن بن أبي بكر الملا,https://terminologyenc.com/ar/browse/term/69925,new_term,,,pending,not_verified
عبد الرحمن بن أحمد بن رجب,https://terminologyenc.com/ar/browse/term/38609,new_term,,,pending,not_verified
عبد الرحمن بن أحمد بن عبد الغفار,https://terminologyenc.com/ar/browse/term/38610,new_term,,,pending,not_verified
عبد الرحمن بن أحمد بن مسعود الكواكبي,https://terminologyenc.com/ar/browse/term/40114,new_term,,,pending,not_verified
عبد الرحمن بن إسماعيل بن إبراهيم المقدسي,https://terminologyenc.com/ar/browse/term/38611,new_term,,,pending,not_verified
عبد الرحمن بن القاسم بن خالد العُتقي,https://terminologyenc.com/ar/browse/term/38617,new_term,,,pending,not_verified
عبد الرحمن بن حسن الجبرتي,https://terminologyenc.com/ar/browse/term/38618,new_term,,,pending,not_verified
عبد الرحمن بن حماد العمر,https://terminologyenc.com/ar/browse/term/76308,new_term,,,pending,not_verified
عبد الرحمن بن حمود السميط,https://terminologyenc.com/ar/browse/term/69926,new_term,,,pending,not_verified
عبد الرحمن بن ربيعة بن يزيد,https://terminologyenc.com/ar/browse/term/38619,new_term,,,pending,not_verified
عبد الرحمن بن سمرة بن حبيب القرشي,https://terminologyenc.com/ar/browse/term/38620,new_term,,,pending,not_verified
عبد الرحمن بن عبد الخالق اليوسف,https://terminologyenc.com/ar/browse/term/76265,new_term,,,pending,not_verified
عبد الرحمن بن عبد العزيز بن عبد الله السديس,https://terminologyenc.com/ar/browse/term/76253,new_term,,,pending,not_verified
عبد الرحمن بن عبد الكريم الشيحة,https://terminologyenc.com/ar/browse/term/76334,new_term,,,pending,not_verified
عبد الرحمن بن عبد اللطيف بن عبد الرحمن,https://terminologyenc.com/ar/browse/term/38622,new_term,,,pending,not_verified
عبد الرحمن بن عبد الله أبي بكر,https://terminologyenc.com/ar/browse/term/38623,new_term,,,pending,not_verified
عبد الرحمن بن عبد الله بن أحمد البعلي,https://terminologyenc.com/ar/browse/term/38625,new_term,,,pending,not_verified
عبد الرحمن بن عبد الله بن أحمد الخثعمي,https://terminologyenc.com/ar/browse/term/38624,new_term,,,pending,not_verified
عبد الرحمن بن علي بن محمد الجوزي,https://terminologyenc.com/ar/browse/term/38626,new_term,,,pending,not_verified
عبد الرحمن بن عمر بن رسلان البلقيني,https://terminologyenc.com/ar/browse/term/38627,new_term,,,pending,not_verified
عبد الرحمن بن عمرو بن عبد الله النصري الشامي,https://terminologyenc.com/ar/browse/term/38628,new_term,,,pending,not_verified
عبد الرحمن بن عمرو بن يحمد,https://terminologyenc.com/ar/browse/term/38629,new_term,,,pending,not_verified
عبد الرحمن بن عوف بن عبد عوف,https://terminologyenc.com/ar/browse/term/38630,new_term,,,pending,not_verified
عبد الرحمن بن فيصل بن تركي,https://terminologyenc.com/ar/browse/term/38631,new_term,,,pending,not_verified
عبد الرحمن بن كيسان أبو بكر,https://terminologyenc.com/ar/browse/term/38632,new_term,,,pending,not_verified
عبد الرحمن بن مأمون النيسابوري,https://terminologyenc.com/ar/browse/term/38633,new_term,,,pending,not_verified
عبد الرحمن بن محمد أبي حاتم السجستاني,https://terminologyenc.com/ar/browse/term/38634,new_term,,,pending,not_verified
عبد الرحمن بن محمد الأخضري,https://terminologyenc.com/ar/browse/term/38637,new_term,,,pending,not_verified
عبد الرحمن بن محمد الأزمي,https://terminologyenc.com/ar/browse/term/69928,new_term,,,pending,not_verified
عبد الرحمن بن محمد بن أحمد بن فوران,https://terminologyenc.com/ar/browse/term/38635,new_term,,,pending,not_verified
عبد الرحمن بن محمد بن أحمد بن قدامة,https://terminologyenc.com/ar/browse/term/38638,new_term,,,pending,not_verified
عبد الرحمن بن محمد بن إسحاق,https://terminologyenc.com/ar/browse/term/38639,new_term,,,pending,not_verified
عبد الرحمن بن محمد بن الأشعث الكندي,https://terminologyenc.com/ar/browse/term/38636,new_term,,,pending,not_verified
عبد الرحمن بن محمد بن عبد العزيز,https://terminologyenc.com/ar/browse/term/38641,new_term,,,pending,not_verified
عبد الرحمن بن محمد بن عبد الله القاسم,https://terminologyenc.com/ar/browse/term/76300,new_term,,,pending,not_verified
عبد الرحمن بن محمد بن علي بن أحمد,https://terminologyenc.com/ar/browse/term/38642,new_term,,,pending,not_verified
عبد الرحمن بن محمد بن محمد ابن خلدون,https://terminologyenc.com/ar/browse/term/38643,new_term,,,pending,not_verified
عبد الرحمن بن محمد بن مخلوف الثعالبي,https://terminologyenc.com/ar/browse/term/38644,new_term,,,pending,not_verified
عبد الرحمن بن معاوية بن هشام,https://terminologyenc.com/ar/browse/term/38646,new_term,,,pending,not_verified
عبد الرحمن بن ملجم المرادي,https://terminologyenc.com/ar/browse/term/38647,new_term,,,pending,not_verified
عبد الرحمن بن ناصر بن براك بن إبراهيم البراك,https://terminologyenc.com/ar/browse/term/76288,new_term,,,pending,not_verified
عبد الرحمن بن ناصر بن عبد الله ابن سعدي,https://terminologyenc.com/ar/browse/term/38648,new_term,,,pending,not_verified
عبد الرحمن بن يحيى بن علي بن محمد,https://terminologyenc.com/ar/browse/term/38649,new_term,,,pending,not_verified
عبد الرحمن محمد سعيد دمشقية,https://terminologyenc.com/ar/browse/term/76285,new_term,,,pending,not_verified
عبد الرحيم بن الحسن بن علي الإسنوي,https://terminologyenc.com/ar/browse/term/38650,new_term,,,pending,not_verified
عبد الرحيم بن الحسين بن عبد الرحمن أبو الفضل,https://terminologyenc.com/ar/browse/term/38651,new_term,,,pending,not_verified
عبد الرحيم بن عبد الكريم بن هوازن,https://terminologyenc.com/ar/browse/term/38652,new_term,,,pending,not_verified
عبد الرزاق بن حسن بن إبراهيم البيطار,https://terminologyenc.com/ar/browse/term/38653,new_term,,,pending,not_verified
عبد الرزاق بن رزق الله بن أبي بكر,https://terminologyenc.com/ar/browse/term/38612,new_term,,,pending,not_verified
عبد الرزاق بن عبد المحسن بن حمد البدر,https://terminologyenc.com/ar/browse/term/76238,new_term,,,pending,not_verified
عبد الرزاق بن عبطان بن صبار الدليمي,https://terminologyenc.com/ar/browse/term/76330,new_term,,,pending,not_verified
عبد الرزاق بن همام بن نافع الحميري,https://terminologyenc.com/ar/browse/term/38654,new_term,,,pending,not_verified
عبد الرشيد بن علي بن عبد الرحمن صوفي,https://terminologyenc.com/ar/browse/term/76315,new_term,,,pending,not_verified
عبد السلام بن إبراهيم بن إبراهيم,https://terminologyenc.com/ar/browse/term/38655,new_term,,,pending,not_verified
عبد السلام بن سعيد بن حبيب التنوخي,https://terminologyenc.com/ar/browse/term/38656,new_term,,,pending,not_verified
عبد السلام بن عبد الله بن الخضر بن محمد,https://terminologyenc.com/ar/browse/term/38657,new_term,,,pending,not_verified
عبد السلام بن محمد بن عبد الوهاب الجبائي,https://terminologyenc.com/ar/browse/term/38658,new_term,,,pending,not_verified
عبد العزى بن عبد المطلب بن هاشم,https://terminologyenc.com/ar/browse/term/40115,new_term,,,pending,not_verified
عبد العزى بن قصى بن كلاب,https://terminologyenc.com/ar/browse/term/40116,new_term,,,pending,not_verified
عبد العزيز بن أحمد ( ولي الله ) بن عبد الرحيم,https://terminologyenc.com/ar/browse/term/40945,new_term,,,pending,not_verified
عبد العزيز بن الحارث بن أسد بن الليث,https://terminologyenc.com/ar/browse/term/40946,new_term,,,pending,not_verified
عبد العزيز بن جعفر بن أحمد بن يزداد,https://terminologyenc.com/ar/browse/term/57937,new_term,,,pending,not_verified
عبد العزيز بن حمد بن إبراهيم بن حمد الوهبي,https://terminologyenc.com/ar/browse/term/40947,new_term,,,pending,not_verified
عبد العزيز بن حمد بن ناصر بن معمر,https://terminologyenc.com/ar/browse/term/57938,new_term,,,pending,not_verified
عبد العزيز بن صالح بن ناصر آل صالح,https://terminologyenc.com/ar/browse/term/69929,new_term,,,pending,not_verified
عبد العزيز بن عبد الرحمن المسند,https://terminologyenc.com/ar/browse/term/71444,new_term,,,pending,not_verified
عبد العزيز بن عبد السلام بن أبي القاسم,https://terminologyenc.com/ar/browse/term/40949,new_term,,,pending,not_verified
عبد العزيز بن عبد الكريم بن عبد الكافي,https://terminologyenc.com/ar/browse/term/40948,new_term,,,pending,not_verified
عبد العزيز بن عبد الله الشيبي,https://terminologyenc.com/ar/browse/term/69932,new_term,,,pending,not_verified
عبد العزيز بن عبد الله بن أبي سلمة,https://terminologyenc.com/ar/browse/term/40950,new_term,,,pending,not_verified
عبد العزيز بن عبد الله بن باز,https://terminologyenc.com/ar/browse/term/69931,new_term,,,pending,not_verified
عبد العزيز بن عبد الله بن عبد الرحمن الراجحي,https://terminologyenc.com/ar/browse/term/76272,new_term,,,pending,not_verified
عبد العزيز بن عبد الله بن محمد آل الشيخ,https://terminologyenc.com/ar/browse/term/76279,new_term,,,pending,not_verified
عبد العزيز بن فوزان بن صالح الفوزان,https://terminologyenc.com/ar/browse/term/76327,new_term,,,pending,not_verified
عبد العزيز بن محمد بن إبراهيم ابن جماعة,https://terminologyenc.com/ar/browse/term/40952,new_term,,,pending,not_verified
عبد العزيز بن محمد بن سعود,https://terminologyenc.com/ar/browse/term/57942,new_term,,,pending,not_verified
عبد العزيز بن محمد بن عبد الرحمن السلمان,https://terminologyenc.com/ar/browse/term/76282,new_term,,,pending,not_verified
عبد العزيز بن محمد بن عبد الله السدحان,https://terminologyenc.com/ar/browse/term/76258,new_term,,,pending,not_verified
عبد العزيز بن محمد بن عبيد الدراوردي,https://terminologyenc.com/ar/browse/term/40951,new_term,,,pending,not_verified
عبد العزيز بن محمد بن علي آل عبد اللطيف,https://terminologyenc.com/ar/browse/term/76297,new_term,,,pending,not_verified
عبد العزيز بن مرزوق الطريفي,https://terminologyenc.com/ar/browse/term/76259,new_term,,,pending,not_verified
عبد العزيز بن ناصر بن عبد العزيز الرشيد,https://terminologyenc.com/ar/browse/term/69934,new_term,,,pending,not_verified
عبد العزيز بن يعقوب بن محمد,https://terminologyenc.com/ar/browse/term/57943,new_term,,,pending,not_verified
عبد العظيم بن عبد القوي المنذري,https://terminologyenc.com/ar/browse/term/40953,new_term,,,pending,not_verified
عبد الغفار بن عبد الكريم القزويني,https://terminologyenc.com/ar/browse/term/40954,new_term,,,pending,not_verified
عبد الغني بن إسماعيل النابلسي,https://terminologyenc.com/ar/browse/term/57944,new_term,,,pending,not_verified
عبد الغني بن طالب بن حمادة,https://terminologyenc.com/ar/browse/term/57945,new_term,,,pending,not_verified
عبد الغني بن عبد الواحد بن علي المقدسي,https://terminologyenc.com/ar/browse/term/57946,new_term,,,pending,not_verified
عبد الغني بن محمد علي الدقر,https://terminologyenc.com/ar/browse/term/69935,new_term,,,pending,not_verified
عبد الفتاح محمد أبو غدة,https://terminologyenc.com/ar/browse/term/69936,new_term,,,pending,not_verified
عبد القادر الأرناؤوط,https://terminologyenc.com/ar/browse/term/76337,new_term,,,pending,not_verified
عبد القادر بن أحمد بن علي الفاكهي,https://terminologyenc.com/ar/browse/term/57947,new_term,,,pending,not_verified
عبد القادر بن أحمد بن مصطفى بن عبد الرحيم ابن بَدران,https://terminologyenc.com/ar/browse/term/57948,new_term,,,pending,not_verified
عبد القادر بن شيخ بن عبد الله بن شيخ,https://terminologyenc.com/ar/browse/term/57949,new_term,,,pending,not_verified
عبد القادر بن علي بن يوسف,https://terminologyenc.com/ar/browse/term/57950,new_term,,,pending,not_verified
عبد القادر بن موسى الجيلاني,https://terminologyenc.com/ar/browse/term/40955,new_term,,,pending,not_verified
عبد القادر عودة,https://terminologyenc.com/ar/browse/term/57951,new_term,,,pending,not_verified
عبد القاهر بن طاهر بن محمد,https://terminologyenc.com/ar/browse/term/57952,new_term,,,pending,not_verified
عبد القاهر بن عبد الرحمن بن محمد,https://terminologyenc.com/ar/browse/term/57953,new_term,,,pending,not_verified
عبد الكبير بن محمد بن عيسى بن محمد,https://terminologyenc.com/ar/browse/term/40956,new_term,,,pending,not_verified
عبد الكريم بن إبراهيم بن عبد الكريم,https://terminologyenc.com/ar/browse/term/57954,new_term,,,pending,not_verified
عبد الكريم بن الفضل المطيع لله ابن المقتدر العباسي,https://terminologyenc.com/ar/browse/term/40958,new_term,,,pending,not_verified
عبد الكريم بن عبد الله بن عبد الرحمن الخضير,https://terminologyenc.com/ar/browse/term/76275,new_term,,,pending,not_verified
عبد الكريم بن علي بن عمر الأنصاري ابن بِنت العِراقي,https://terminologyenc.com/ar/browse/term/40957,new_term,,,pending,not_verified
عبد الكريم بن محمد اللاحم,https://terminologyenc.com/ar/browse/term/76341,new_term,,,pending,not_verified
عبد الكريم بن محمد بن عبد الكريم,https://terminologyenc.com/ar/browse/term/40959,new_term,,,pending,not_verified
عبد الكريم بن محمد بن منصور,https://terminologyenc.com/ar/browse/term/57956,new_term,,,pending,not_verified
عبد الكريم بن هوازن بن عبد الملك,https://terminologyenc.com/ar/browse/term/40960,new_term,,,pending,not_verified
عبد اللطيف بن إبراهيم آل الشيخ,https://terminologyenc.com/ar/browse/term/57957,new_term,,,pending,not_verified
عبد الله ( المستعصم ) بن منصور ( المستنصر ) بن محمد,https://terminologyenc.com/ar/browse/term/57994,new_term,,,pending,not_verified
عبد الله بن إباض التميمي,https://terminologyenc.com/ar/browse/term/57958,new_term,,,pending,not_verified
عبد الله بن إبراهيم بن عثمان القرعاوي,https://terminologyenc.com/ar/browse/term/76291,new_term,,,pending,not_verified
عبد الله بن أبي بكر الصديق,https://terminologyenc.com/ar/browse/term/40988,new_term,,,pending,not_verified
عبد الله بن أُبي بن مالك بن الحارث الخزرجي,https://terminologyenc.com/ar/browse/term/40961,new_term,,,pending,not_verified
عبد الله بن أحمد المروزي,https://terminologyenc.com/ar/browse/term/40962,new_term,,,pending,not_verified
عبد الله بن أحمد بن إسحاق العباسي,https://terminologyenc.com/ar/browse/term/57961,new_term,,,pending,not_verified
عبد الله بن أحمد بن قدامة,https://terminologyenc.com/ar/browse/term/40964,new_term,,,pending,not_verified
عبد الله بن أحمد بن محمد الهروي,https://terminologyenc.com/ar/browse/term/40963,new_term,,,pending,not_verified
عبد الله بن أحمد بن محمد بن حنبل,https://terminologyenc.com/ar/browse/term/57959,new_term,,,pending,not_verified
عبد الله بن أحمد بن محمود الكعبي,https://terminologyenc.com/ar/browse/term/57960,new_term,,,pending,not_verified
عبد الله بن أحمد بن محمود النسفي,https://terminologyenc.com/ar/browse/term/40965,new_term,,,pending,not_verified
عبد الله بن إدريس الكوفي,https://terminologyenc.com/ar/browse/term/40966,new_term,,,pending,not_verified
عبد الله بن أسعد بن علي اليافعي,https://terminologyenc.com/ar/browse/term/57962,new_term,,,pending,not_verified
عبد الله بن الحارث بن جزء الزبيدي,https://terminologyenc.com/ar/browse/term/40974,new_term,,,pending,not_verified
عبد الله بن الحارث بن قيس السهمي,https://terminologyenc.com/ar/browse/term/40972,new_term,,,pending,not_verified
عبد الله بن الحارث بن نوفل,https://terminologyenc.com/ar/browse/term/40973,new_term,,,pending,not_verified
عبد الله بن الحسين بن عبد الله,https://terminologyenc.com/ar/browse/term/57967,new_term,,,pending,not_verified
عبد الله بن الزبير الحميدي,https://terminologyenc.com/ar/browse/term/57971,new_term,,,pending,not_verified
عبد الله بن الزبير بن العوام,https://terminologyenc.com/ar/browse/term/40976,new_term,,,pending,not_verified
عبد الله بن الطفيل الدوسي,https://terminologyenc.com/ar/browse/term/40982,new_term,,,pending,not_verified
عبد الله بن العباس بن عبد المطلب,https://terminologyenc.com/ar/browse/term/40983,new_term,,,pending,not_verified
عبد الله بن المبارك بن واضح الحنظلي,https://terminologyenc.com/ar/browse/term/41079,new_term,,,pending,not_verified
عبد الله بن أنيس أبو يحيى,https://terminologyenc.com/ar/browse/term/57963,new_term,,,pending,not_verified
عبد الله بن بسر المازني,https://terminologyenc.com/ar/browse/term/40967,new_term,,,pending,not_verified
عبد الله بن ثُوَب الخولاني,https://terminologyenc.com/ar/browse/term/40968,new_term,,,pending,not_verified
عبد الله بن جار الله بن إبراهيم آل جار الله,https://terminologyenc.com/ar/browse/term/76241,new_term,,,pending,not_verified
عبد الله بن جبير بن النعمان,https://terminologyenc.com/ar/browse/term/40969,new_term,,,pending,not_verified
عبد الله بن جحش الأسدي,https://terminologyenc.com/ar/browse/term/40970,new_term,,,pending,not_verified
عبد الله بن جدعان التيمي,https://terminologyenc.com/ar/browse/term/57964,new_term,,,pending,not_verified
عبد الله بن جعفر بن أبي طالب,https://terminologyenc.com/ar/browse/term/40971,new_term,,,pending,not_verified
عبد الله بن جعفر بن الحسين بن مالك,https://terminologyenc.com/ar/browse/term/57965,new_term,,,pending,not_verified
عبد الله بن حذافة بن قيس السهمي,https://terminologyenc.com/ar/browse/term/57966,new_term,,,pending,not_verified
عبد الله بن حسين بن مرعي,https://terminologyenc.com/ar/browse/term/57968,new_term,,,pending,not_verified
عبد الله بن حمود بن صالح الفريح,https://terminologyenc.com/ar/browse/term/76293,new_term,,,pending,not_verified
عبد الله بن حميد بن سلوم,https://terminologyenc.com/ar/browse/term/57969,new_term,,,pending,not_verified
عبد الله بن رواحة بن ثعلبة,https://terminologyenc.com/ar/browse/term/40975,new_term,,,pending,not_verified
عبد الله بن زيد المازني,https://terminologyenc.com/ar/browse/term/40977,new_term,,,pending,not_verified
عبد الله بن زيد بن عبد الله آل محمود,https://terminologyenc.com/ar/browse/term/69940,new_term,,,pending,not_verified
عبد الله بن سبأ,https://terminologyenc.com/ar/browse/term/40978,new_term,,,pending,not_verified
عبد الله بن سعود بن عبد العزيز بن محمد آل سعود,https://terminologyenc.com/ar/browse/term/57973,new_term,,,pending,not_verified
عبد الله بن سعيد بن حصين الكندي الكوفي,https://terminologyenc.com/ar/browse/term/40979,new_term,,,pending,not_verified
عبد الله بن سعيد بن كلاب,https://terminologyenc.com/ar/browse/term/57974,new_term,,,pending,not_verified
عبد الله بن سليمان بن الأشعث السجستاني,https://terminologyenc.com/ar/browse/term/40980,new_term,,,pending,not_verified
عبد الله بن صالح البردوني,https://terminologyenc.com/ar/browse/term/69941,new_term,,,pending,not_verified
عبد الله بن طاوُس بن كيسان,https://terminologyenc.com/ar/browse/term/40981,new_term,,,pending,not_verified
عبد الله بن عبد الحميد بن عبد المجيد الأثري,https://terminologyenc.com/ar/browse/term/76286,new_term,,,pending,not_verified
عبد الله بن عبد الرحمن أبابطين,https://terminologyenc.com/ar/browse/term/40985,new_term,,,pending,not_verified
عبد الله بن عبد الرحمن الدرامي,https://terminologyenc.com/ar/browse/term/40984,new_term,,,pending,not_verified
عبد الله بن عبد الرحمن بن صالح البسام,https://terminologyenc.com/ar/browse/term/69942,new_term,,,pending,not_verified
عبد الله بن عبد الرحمن بن عبد الرزاق الغديان,https://terminologyenc.com/ar/browse/term/69944,new_term,,,pending,not_verified
عبد الله بن عبد الرحمن بن عبد الله ابن عَقِيل,https://terminologyenc.com/ar/browse/term/57975,new_term,,,pending,not_verified
عبد الله بن عبد الرحمن بن عبد الله بن جبرين,https://terminologyenc.com/ar/browse/term/69943,new_term,,,pending,not_verified
عبد الله بن عبد الرحمن بن محمد السعد,https://terminologyenc.com/ar/browse/term/76319,new_term,,,pending,not_verified
عبد الله بن عبد الصمد بن التهامي كنون,https://terminologyenc.com/ar/browse/term/69945,new_term,,,pending,not_verified
عبد الله بن عبد العزيز العَنْقَري,https://terminologyenc.com/ar/browse/term/40986,new_term,,,pending,not_verified
عبد الله بن عبد العزيز بن عبد الله العنقري,https://terminologyenc.com/ar/browse/term/76264,new_term,,,pending,not_verified
عبد الله بن عبد العزيز بن عبد الله بن سعود بن مفلح,https://terminologyenc.com/ar/browse/term/69947,new_term,,,pending,not_verified
عبد الله بن عبد العزيز بن عقيل بن عبد الله آل عقيل,https://terminologyenc.com/ar/browse/term/76309,new_term,,,pending,not_verified
عبد الله بن عبد الغني بن محمد خياط,https://terminologyenc.com/ar/browse/term/71446,new_term,,,pending,not_verified
عبد الله بن عبد الغني خياط,https://terminologyenc.com/ar/browse/term/76338,new_term,,,pending,not_verified
عبد الله بن عبد الكريم أبو الفضائل,https://terminologyenc.com/ar/browse/term/40987,new_term,,,pending,not_verified
عبد الله بن عبد اللطيف بن عبد الرحمن,https://terminologyenc.com/ar/browse/term/57976,new_term,,,pending,not_verified
عبد الله بن عبد المحسن بن عبد الرحمن التركي,https://terminologyenc.com/ar/browse/term/76294,new_term,,,pending,not_verified
عبد الله بن عبد المطلب بن هاشم,https://terminologyenc.com/ar/browse/term/40989,new_term,,,pending,not_verified
عبد الله بن عبد الملك بن مروان,https://terminologyenc.com/ar/browse/term/40990,new_term,,,pending,not_verified
عبد الله بن عبد نهم بن عفيف,https://terminologyenc.com/ar/browse/term/40991,new_term,,,pending,not_verified
عبد الله بن عتيك بن قيس الأنصاري,https://terminologyenc.com/ar/browse/term/40992,new_term,,,pending,not_verified
عبد الله بن عثمان بن جبلة,https://terminologyenc.com/ar/browse/term/40994,new_term,,,pending,not_verified
عبد الله بن عروة بن الزبير,https://terminologyenc.com/ar/browse/term/40996,new_term,,,pending,not_verified
عبد الله بن عطية بن عبد الله بن حبيب,https://terminologyenc.com/ar/browse/term/40997,new_term,,,pending,not_verified
عبد الله بن عَلْقَمة بن خالد,https://terminologyenc.com/ar/browse/term/40999,new_term,,,pending,not_verified
عبد الله بن علي الطوسي,https://terminologyenc.com/ar/browse/term/57978,new_term,,,pending,not_verified
عبد الله بن علي بن أحمد العباسي القرشي,https://terminologyenc.com/ar/browse/term/57977,new_term,,,pending,not_verified
عبد الله بن علي بن الجارود,https://terminologyenc.com/ar/browse/term/40998,new_term,,,pending,not_verified
عبد الله بن علي بن عبد الله الخـيِّل بصفر,https://terminologyenc.com/ar/browse/term/76305,new_term,,,pending,not_verified
عبد الله بن علي بن محمد,https://terminologyenc.com/ar/browse/term/41000,new_term,,,pending,not_verified
عبد الله بن عمر البيضاوي,https://terminologyenc.com/ar/browse/term/41001,new_term,,,pending,not_verified
عبد الله بن عمر بن الخطاب,https://terminologyenc.com/ar/browse/term/57979,new_term,,,pending,not_verified
عبد الله بن عمرو بن العاص السهمي,https://terminologyenc.com/ar/browse/term/41003,new_term,,,pending,not_verified
عبد الله بن عمرو بن حرام الأنصاري,https://terminologyenc.com/ar/browse/term/41002,new_term,,,pending,not_verified
عبد الله بن فيصل بن تركي آل سعود,https://terminologyenc.com/ar/browse/term/57981,new_term,,,pending,not_verified
عبد الله بن قيس بن سليم أبو موسى الأشعري,https://terminologyenc.com/ar/browse/term/41004,new_term,,,pending,not_verified
عبد الله بن كثير المكي,https://terminologyenc.com/ar/browse/term/41005,new_term,,,pending,not_verified
عبد الله بن كعب بن زيد الأنصاري,https://terminologyenc.com/ar/browse/term/41077,new_term,,,pending,not_verified
عبد الله بن لهيعة بن فُرعان القاضي المصري,https://terminologyenc.com/ar/browse/term/41078,new_term,,,pending,not_verified
عبد الله بن محمد الخليفي,https://terminologyenc.com/ar/browse/term/69949,new_term,,,pending,not_verified
عبد الله بن محمد الدهلوي,https://terminologyenc.com/ar/browse/term/41087,new_term,,,pending,not_verified
عبد الله بن محمد الغنيمان,https://terminologyenc.com/ar/browse/term/76318,new_term,,,pending,not_verified
عبد الله بن محمد بن أبي بكر العياشي,https://terminologyenc.com/ar/browse/term/57989,new_term,,,pending,not_verified
عبد الله بن محمد بن أبي شيبة العبسي الكوفي,https://terminologyenc.com/ar/browse/term/41080,new_term,,,pending,not_verified
عبد الله بن محمد بن إسحاق بن العباس,https://terminologyenc.com/ar/browse/term/57985,new_term,,,pending,not_verified
عبد الله بن محمد بن السيد,https://terminologyenc.com/ar/browse/term/57987,new_term,,,pending,not_verified
عبد الله بن محمد بن القائم بن المقتدر,https://terminologyenc.com/ar/browse/term/57986,new_term,,,pending,not_verified
عبد الله بن محمد بن حمد القرعاوي,https://terminologyenc.com/ar/browse/term/57991,new_term,,,pending,not_verified
عبد الله بن محمد بن حميد,https://terminologyenc.com/ar/browse/term/69948,new_term,,,pending,not_verified
عبد الله بن محمد بن سليمان البلخي,https://terminologyenc.com/ar/browse/term/41086,new_term,,,pending,not_verified
عبد الله بن محمد بن عبد الرحمن ابن اللَّبان البكري,https://terminologyenc.com/ar/browse/term/41083,new_term,,,pending,not_verified
عبد الله بن محمد بن عبد الرحمن بن الحكم,https://terminologyenc.com/ar/browse/term/57984,new_term,,,pending,not_verified
عبد الله بن محمد بن عبد العزيز بن المرزبان,https://terminologyenc.com/ar/browse/term/41082,new_term,,,pending,not_verified
عبد الله بن محمد بن عبد الله بن علي,https://terminologyenc.com/ar/browse/term/41088,new_term,,,pending,not_verified
عبد الله بن محمد بن عبد الوهاب التميمي,https://terminologyenc.com/ar/browse/term/57990,new_term,,,pending,not_verified
عبد الله بن محمد بن عبيد بن سفيان القرشي,https://terminologyenc.com/ar/browse/term/41081,new_term,,,pending,not_verified
عبد الله بن محمد بن علي الأنصاري,https://terminologyenc.com/ar/browse/term/41084,new_term,,,pending,not_verified
عبد الله بن محمد بن علي بن عبد الله بن عباس القرشي العباسي,https://terminologyenc.com/ar/browse/term/57982,new_term,,,pending,not_verified
عبد الله بن محمد بن فرحون,https://terminologyenc.com/ar/browse/term/57988,new_term,,,pending,not_verified
عبد الله بن محمد، أبو بكر ، نجم الدين الأسدي,https://terminologyenc.com/ar/browse/term/41085,new_term,,,pending,not_verified
عبد الله بن مسرور التجيبي,https://terminologyenc.com/ar/browse/term/41092,new_term,,,pending,not_verified
عبد الله بن مسعود بن غافل بن حبيب الهذلي,https://terminologyenc.com/ar/browse/term/41089,new_term,,,pending,not_verified
عبد الله بن مسلم بن قتيبة الدَّينوري,https://terminologyenc.com/ar/browse/term/57992,new_term,,,pending,not_verified
عبد الله بن مسلمة بن قعنب,https://terminologyenc.com/ar/browse/term/57993,new_term,,,pending,not_verified
عبد الله بن مظعون الجمحي,https://terminologyenc.com/ar/browse/term/41090,new_term,,,pending,not_verified
عبد الله بن مغفل المزني,https://terminologyenc.com/ar/browse/term/41091,new_term,,,pending,not_verified
عبد الله بن هارون الرشيد بن محمد,https://terminologyenc.com/ar/browse/term/57995,new_term,,,pending,not_verified
عبد الله بن وهب بن زمعة بن الأسود,https://terminologyenc.com/ar/browse/term/41093,new_term,,,pending,not_verified
عبد الله بن وهب بن مسلم الفهري,https://terminologyenc.com/ar/browse/term/41094,new_term,,,pending,not_verified
عبد الله بن يوسف بن أحمد بن عبد الله,https://terminologyenc.com/ar/browse/term/41096,new_term,,,pending,not_verified
عبد الله بن يوسف بن محمد الزيلعي,https://terminologyenc.com/ar/browse/term/41097,new_term,,,pending,not_verified
عبد الله بن يوسف بن محمد بن حيُّوية الجويني,https://terminologyenc.com/ar/browse/term/41095,new_term,,,pending,not_verified
عبد المجيد بن عزيز الزنداني,https://terminologyenc.com/ar/browse/term/76301,new_term,,,pending,not_verified
عبد المحسن بن حمد بن عبد المحسن العباد البدر,https://terminologyenc.com/ar/browse/term/76269,new_term,,,pending,not_verified
عبد المحسن بن عبد الله بن عبد الكريم الزامل,https://terminologyenc.com/ar/browse/term/76274,new_term,,,pending,not_verified
عبد المحسن بن محمد بن عبد الرحمن القاسم,https://terminologyenc.com/ar/browse/term/76251,new_term,,,pending,not_verified
عبد المطلب بن ربيعة بن الحارث,https://terminologyenc.com/ar/browse/term/41098,new_term,,,pending,not_verified
عبد المطلب بن هاشم بن عبد مناف,https://terminologyenc.com/ar/browse/term/41099,new_term,,,pending,not_verified
عبد الملك بن حبيب بن سليمان القرطبي,https://terminologyenc.com/ar/browse/term/41100,new_term,,,pending,not_verified
عبد الملك بن عبد العزيز بن جريج المكي,https://terminologyenc.com/ar/browse/term/41101,new_term,,,pending,not_verified
عبد الملك بن عبد العزيز بن عبد الله أبي سلمة الماجشون التيمي,https://terminologyenc.com/ar/browse/term/41102,new_term,,,pending,not_verified
عبد الملك بن عبد الله بن عمر دهيش,https://terminologyenc.com/ar/browse/term/69950,new_term,,,pending,not_verified
عبد الملك بن قُرَيب بن علي بن أصمع,https://terminologyenc.com/ar/browse/term/57996,new_term,,,pending,not_verified
عبد الملك بن محمد بن عبد الرحمن القاسم,https://terminologyenc.com/ar/browse/term/76243,new_term,,,pending,not_verified
عبد الملك بن مروان بن الحكم الأموي,https://terminologyenc.com/ar/browse/term/41104,new_term,,,pending,not_verified
عبد الملك بن هشام بن أيوب,https://terminologyenc.com/ar/browse/term/57997,new_term,,,pending,not_verified
عبد المهيمن بن محمد نور الدين أبو السمح,https://terminologyenc.com/ar/browse/term/69951,new_term,,,pending,not_verified
عبد المؤمن بن خلف الدمياطي,https://terminologyenc.com/ar/browse/term/41105,new_term,,,pending,not_verified
عبد الهادي أحمد كناكري,https://terminologyenc.com/ar/browse/term/76349,new_term,,,pending,not_verified
عبد الواحد بن محمد بن علي الشيرازي,https://terminologyenc.com/ar/browse/term/58000,new_term,,,pending,not_verified
عبد الودود بن مقبول أحمد بن محمد حنيف,https://terminologyenc.com/ar/browse/term/76324,new_term,,,pending,not_verified
عبد الوهاب بن إبراهيم بن عبد الوهاب الخزرجي,https://terminologyenc.com/ar/browse/term/41106,new_term,,,pending,not_verified
عبد الوهاب بن أحمد بن علي الحنفي,https://terminologyenc.com/ar/browse/term/58001,new_term,,,pending,not_verified
عبد الوهاب بن عبد الواحد بن محمد ابن الحنبلي,https://terminologyenc.com/ar/browse/term/41107,new_term,,,pending,not_verified
عبد الوهاب بن عبد الواحد خلاف,https://terminologyenc.com/ar/browse/term/41108,new_term,,,pending,not_verified
عبد الوهاب بن علي بن عبد الكافي السبكي,https://terminologyenc.com/ar/browse/term/41110,new_term,,,pending,not_verified
عبد الوهاب بن علي بن نصر,https://terminologyenc.com/ar/browse/term/41109,new_term,,,pending,not_verified
عبد بن أحمد بن محمد بن عبد الله,https://terminologyenc.com/ar/browse/term/38613,new_term,,,pending,not_verified
عبد بن حميد بن نصر الكسي,https://terminologyenc.com/ar/browse/term/38614,new_term,,,pending,not_verified
عبد مناف بن أسد بن عبد الله,https://terminologyenc.com/ar/browse/term/38864,new_term,,,pending,not_verified
عبد مناف بن قصي بن كلاب,https://terminologyenc.com/ar/browse/term/57999,new_term,,,pending,not_verified
عبقري,https://terminologyenc.com/ar/browse/term/11517,new_term,,,pending,not_verified
عبهلة بن كعب العنسي,https://terminologyenc.com/ar/browse/term/40821,new_term,,,pending,not_verified
عبودية,https://terminologyenc.com/ar/browse/term/15009,new_term,,,pending,not_verified
عُبُوسٌ,https://terminologyenc.com/ar/browse/term/31667,label_without_motion,12227,,pending,not_verified
عبيد الله بن الحسين بن الحسن ابن الجَلَّاب,https://terminologyenc.com/ar/browse/term/41111,new_term,,,pending,not_verified
عبيد الله بن العباس بن عبد المطلب,https://terminologyenc.com/ar/browse/term/58002,new_term,,,pending,not_verified
عبيد الله بن زياد بن أبيه,https://terminologyenc.com/ar/browse/term/41112,new_term,,,pending,not_verified
عبيد الله بن عمر بن الخطاب العدوي,https://terminologyenc.com/ar/browse/term/41114,new_term,,,pending,not_verified
عبيد الله بن عمر بن حفص بن عاصم,https://terminologyenc.com/ar/browse/term/41113,new_term,,,pending,not_verified
عبيد الله بن عمر بن عيسى الدبوسي,https://terminologyenc.com/ar/browse/term/57980,new_term,,,pending,not_verified
عبيد الله بن عمرو بن أبي الوليد,https://terminologyenc.com/ar/browse/term/58004,new_term,,,pending,not_verified
عبيد الله بن محمد ابن بطة العكبري,https://terminologyenc.com/ar/browse/term/41115,new_term,,,pending,not_verified
عبيد الله بن محمد الحبيب بن جعفر,https://terminologyenc.com/ar/browse/term/58005,new_term,,,pending,not_verified
عبيد الله بن محمد بن عبد السلام المباركفوري,https://terminologyenc.com/ar/browse/term/69952,new_term,,,pending,not_verified
عبيدة بن الحارث بن المطلب,https://terminologyenc.com/ar/browse/term/41116,new_term,,,pending,not_verified
عتاب بن أسيد بن أبي العيص,https://terminologyenc.com/ar/browse/term/41117,new_term,,,pending,not_verified
عَتَاقٌ,https://terminologyenc.com/ar/browse/term/72530,new_term,,,pending,not_verified
عَتَاقَةٌ,https://terminologyenc.com/ar/browse/term/7304,new_term,,,pending,not_verified
عتبان بن مالك بن عمرو,https://terminologyenc.com/ar/browse/term/58006,new_term,,,pending,not_verified
عَتَبَةٌ,https://terminologyenc.com/ar/browse/term/11518,new_term,,,pending,not_verified
عَتَمَةٌ,https://terminologyenc.com/ar/browse/term/11520,new_term,,,pending,not_verified
عَتَهٌ,https://terminologyenc.com/ar/browse/term/47785,new_term,,,pending,not_verified
عُتُـوٌّ,https://terminologyenc.com/ar/browse/term/31666,new_term,,,pending,not_verified
عَتَيرَةٌ,https://terminologyenc.com/ar/browse/term/47787,new_term,,,pending,not_verified
عتيق,https://terminologyenc.com/ar/browse/term/11006,new_term,,,pending,not_verified
عَتِيقٌ,https://terminologyenc.com/ar/browse/term/11521,new_term,,,pending,not_verified
عثمان بن إبراهيم بن مصطفى المارديني,https://terminologyenc.com/ar/browse/term/41118,new_term,,,pending,not_verified
عثمان بن أبي العاص بن بشر الثقفي,https://terminologyenc.com/ar/browse/term/41122,new_term,,,pending,not_verified
عثمان بن حمد بن معمر,https://terminologyenc.com/ar/browse/term/58007,new_term,,,pending,not_verified
عثمان بن سعيد بن خالد الدارمي,https://terminologyenc.com/ar/browse/term/41119,new_term,,,pending,not_verified
عثمان بن سند النجدي,https://terminologyenc.com/ar/browse/term/58008,new_term,,,pending,not_verified
عثمان بن طلحة بن أبي طلحة,https://terminologyenc.com/ar/browse/term/41121,new_term,,,pending,not_verified
عثمان بن عامر بن عمرو بن كعب التيمي,https://terminologyenc.com/ar/browse/term/41123,new_term,,,pending,not_verified
عثمان بن عبد الرحمن بن عثمان ابن الصلاح الشهرزوري,https://terminologyenc.com/ar/browse/term/41124,new_term,,,pending,not_verified
عثمان بن عبد الله بن عثمان بن بشر,https://terminologyenc.com/ar/browse/term/58009,new_term,,,pending,not_verified
عثمان بن عفان بن أبي العاص,https://terminologyenc.com/ar/browse/term/41125,new_term,,,pending,not_verified
عثمان بن علي بن شراف,https://terminologyenc.com/ar/browse/term/41126,new_term,,,pending,not_verified
عثمان بن علي بن محجن,https://terminologyenc.com/ar/browse/term/41127,new_term,,,pending,not_verified
عثمان بن عمر بن أبي بكر ابن الحاجب,https://terminologyenc.com/ar/browse/term/41128,new_term,,,pending,not_verified
عثمان بن محمد بن إبراهيم أبي شيبة العبسي الكوفي,https://terminologyenc.com/ar/browse/term/58010,new_term,,,pending,not_verified
عثمان بن مظعون بن حبيب بن وهب,https://terminologyenc.com/ar/browse/term/41129,new_term,,,pending,not_verified
عَجٌّ,https://terminologyenc.com/ar/browse/term/11522,new_term,,,pending,not_verified
عجاردة,https://terminologyenc.com/ar/browse/term/47780,new_term,,,pending,not_verified
عُجب,https://terminologyenc.com/ar/browse/term/15010,new_term,,,pending,not_verified
عُجْب,https://terminologyenc.com/ar/browse/term/31661,new_term,,,pending,not_verified
عَجْزٌ,https://terminologyenc.com/ar/browse/term/47786,label_with_motion,9619,9619,pending,not_verified
عَجْفاءُ,https://terminologyenc.com/ar/browse/term/7416,new_term,,,pending,not_verified
عَجَلَةٌ,https://terminologyenc.com/ar/browse/term/31664,label_without_motion,2297,,pending,not_verified
عَجْماءُ,https://terminologyenc.com/ar/browse/term/7418,new_term,,,pending,not_verified
عجمة,https://terminologyenc.com/ar/browse/term/11360,new_term,,,pending,not_verified
عَجُوزٌ,https://terminologyenc.com/ar/browse/term/7419,label_without_motion,10912,,pending,not_verified
عجوة,https://terminologyenc.com/ar/browse/term/11523,new_term,,,pending,not_verified
عَدُّ الآيِّ,https://terminologyenc.com/ar/browse/term/14842,new_term,,,pending,not_verified
عَداءٌ,https://terminologyenc.com/ar/browse/term/47784,label_with_motion,4031,4031,pending,not_verified
عَدالَةٌ,https://terminologyenc.com/ar/browse/term/120,new_term,,,pending,not_verified
عَداوَةٌ,https://terminologyenc.com/ar/browse/term/7420,label_without_motion,10913,,pending,not_verified
عَدل,https://terminologyenc.com/ar/browse/term/47788,label_with_motion,4032,4032,pending,not_verified
عدل,https://terminologyenc.com/ar/browse/term/8636,label_with_motion,4032,4032,pending,not_verified
عَدَمٌ مَحْضٌ,https://terminologyenc.com/ar/browse/term/16534,new_term,,,pending,not_verified
عَدَن,https://terminologyenc.com/ar/browse/term/76090,new_term,,,pending,not_verified
عدنان,https://terminologyenc.com/ar/browse/term/58011,new_term,,,pending,not_verified
عُدْوانٌ,https://terminologyenc.com/ar/browse/term/31662,new_term,,,pending,not_verified
عدي بن مسافر بن إسماعيل,https://terminologyenc.com/ar/browse/term/58012,new_term,,,pending,not_verified
عَدِيدٌ,https://terminologyenc.com/ar/browse/term/11525,new_term,,,pending,not_verified
عَذابُ القَبْرِ,https://terminologyenc.com/ar/browse/term/11127,new_term,,,pending,not_verified
عِذارٌ,https://terminologyenc.com/ar/browse/term/11531,new_term,,,pending,not_verified
عذافرة,https://terminologyenc.com/ar/browse/term/47781,new_term,,,pending,not_verified
عُذْرٌ,https://terminologyenc.com/ar/browse/term/6513,new_term,,,pending,not_verified
عَذْراءٌ,https://terminologyenc.com/ar/browse/term/6535,new_term,,,pending,not_verified
عَذِرَةٌ,https://terminologyenc.com/ar/browse/term/174,new_term,,,pending,not_verified
عُذْرَةٌ,https://terminologyenc.com/ar/browse/term/6536,new_term,,,pending,not_verified
عَذْقُ,https://terminologyenc.com/ar/browse/term/11526,new_term,,,pending,not_verified
عَذِيرَةٌ,https://terminologyenc.com/ar/browse/term/6537,new_term,,,pending,not_verified
عراف,https://terminologyenc.com/ar/browse/term/47798,new_term,,,pending,not_verified
عِرافَةٌ,https://terminologyenc.com/ar/browse/term/6678,new_term,,,pending,not_verified
عرائس,https://terminologyenc.com/ar/browse/term/11527,new_term,,,pending,not_verified
عَرْبُونٌ,https://terminologyenc.com/ar/browse/term/6679,new_term,,,pending,not_verified
عَرَبِيَّةٌ,https://terminologyenc.com/ar/browse/term/7422,new_term,,,pending,not_verified
عَرَجٌ,https://terminologyenc.com/ar/browse/term/7423,label_without_motion,10915,,pending,not_verified
عُرْسٌ,https://terminologyenc.com/ar/browse/term/7424,new_term,,,pending,not_verified
عَرْصَةٌ,https://terminologyenc.com/ar/browse/term/7425,new_term,,,pending,not_verified
عَرَضٌ,https://terminologyenc.com/ar/browse/term/16536,ambiguous_label,"9825,12097,12232,12451",9825,pending,not_verified
عِرْضٌ,https://terminologyenc.com/ar/browse/term/7426,ambiguous_label,"9825,12097,12232,12451",9825,pending,not_verified
عُرْفٌ,https://terminologyenc.com/ar/browse/term/7427,label_without_motion,12233,,pending,not_verified
عَرَفاتٌ,https://terminologyenc.com/ar/browse/term/7428,new_term,,,pending,not_verified
عَرَفَات,https://terminologyenc.com/ar/browse/term/75872,new_term,,,pending,not_verified
عِرْفانٌ,https://terminologyenc.com/ar/browse/term/11010,label_without_motion,5170,,pending,not_verified
عَرَقٌ,https://terminologyenc.com/ar/browse/term/11528,ambiguous_label,"5171,12379",,pending,not_verified
عَرْكٌ,https://terminologyenc.com/ar/browse/term/11529,new_term,,,pending,not_verified
عُرَنَةٌ,https://terminologyenc.com/ar/browse/term/7429,new_term,,,pending,not_verified
عُرُوجٌ,https://terminologyenc.com/ar/browse/term/11011,new_term,,,pending,not_verified
عُرُوضٌ,https://terminologyenc.com/ar/browse/term/173,new_term,,,pending,not_verified
عروة بن الزبير بن العوام,https://terminologyenc.com/ar/browse/term/41130,new_term,,,pending,not_verified
عروة بن حدير التميمي,https://terminologyenc.com/ar/browse/term/41131,new_term,,,pending,not_verified
عروة بن زيد الخيل بن مهلهل,https://terminologyenc.com/ar/browse/term/41132,new_term,,,pending,not_verified
عروة بن مسعود بن معتب الثقفي,https://terminologyenc.com/ar/browse/term/41133,new_term,,,pending,not_verified
عُرْيانٌ,https://terminologyenc.com/ar/browse/term/7430,new_term,,,pending,not_verified
عزرائيل,https://terminologyenc.com/ar/browse/term/11346,new_term,,,pending,not_verified
عَزْفٌ,https://terminologyenc.com/ar/browse/term/7431,label_with_motion,12238,12238,pending,not_verified
عَزْلٌ,https://terminologyenc.com/ar/browse/term/7432,ambiguous_label,"5172,11601",,pending,not_verified
عُزْلَةٌ,https://terminologyenc.com/ar/browse/term/7433,label_without_motion,9714,,pending,not_verified
عَزْمٌ,https://terminologyenc.com/ar/browse/term/7434,new_term,,,pending,not_verified
عِزَّةٌ,https://terminologyenc.com/ar/browse/term/11012,new_term,,,pending,not_verified
عزيمة,https://terminologyenc.com/ar/browse/term/31684,new_term,,,pending,not_verified
عَزِيمَةٌ,https://terminologyenc.com/ar/browse/term/75264,new_term,,,pending,not_verified
عَسْبُ الفَحْلِ,https://terminologyenc.com/ar/browse/term/64585,new_term,,,pending,not_verified
عُسْفَان,https://terminologyenc.com/ar/browse/term/76013,new_term,,,pending,not_verified
عَسَلٌ,https://terminologyenc.com/ar/browse/term/7435,label_without_motion,2301,,pending,not_verified
عُسَيْلَةٌ,https://terminologyenc.com/ar/browse/term/7436,new_term,,,pending,not_verified
عَشاءٌ,https://terminologyenc.com/ar/browse/term/8666,ambiguous_label,"116,8945",8945,pending,not_verified
عَشْرُ ذِي الحِجَّةِ,https://terminologyenc.com/ar/browse/term/7437,new_term,,,pending,not_verified
عِشْرَةٌ,https://terminologyenc.com/ar/browse/term/625,label_with_motion,6147,6147,pending,not_verified
عِشْقٌ,https://terminologyenc.com/ar/browse/term/47790,label_without_motion,11405,,pending,not_verified
عَشِيرَةٌ,https://terminologyenc.com/ar/browse/term/7438,new_term,,,pending,not_verified
عَصَبَةٌ,https://terminologyenc.com/ar/browse/term/6474,new_term,,,pending,not_verified
عَصَبِيَّةٌ,https://terminologyenc.com/ar/browse/term/6989,label_without_motion,4038,,pending,not_verified
عِصْمَةٌ,https://terminologyenc.com/ar/browse/term/7439,label_with_motion,4039,4039,pending,not_verified
عِصْمَةُ الأَنْبِيَاء,https://terminologyenc.com/ar/browse/term/71756,new_term,,,pending,not_verified
عِصْيانٌ,https://terminologyenc.com/ar/browse/term/31683,new_term,,,pending,not_verified
عَضٌّ,https://terminologyenc.com/ar/browse/term/64578,label_without_motion,10921,,pending,not_verified
عَضْلٌ,https://terminologyenc.com/ar/browse/term/64586,new_term,,,pending,not_verified
عَطاءٌ,https://terminologyenc.com/ar/browse/term/64580,label_with_motion,10922,10922,pending,not_verified
عطاء بن دينار الهذلي,https://terminologyenc.com/ar/browse/term/41134,new_term,,,pending,not_verified
عطاء بن مسلم بن ميسرة الخرساني,https://terminologyenc.com/ar/browse/term/41135,new_term,,,pending,not_verified
عِطْرٌ,https://terminologyenc.com/ar/browse/term/7440,label_without_motion,10924,,pending,not_verified
عطف,https://terminologyenc.com/ar/browse/term/16538,label_without_motion,4040,,pending,not_verified
عَطْفٌ,https://terminologyenc.com/ar/browse/term/31682,label_without_motion,4040,,pending,not_verified
عطوية,https://terminologyenc.com/ar/browse/term/47796,new_term,,,pending,not_verified
عَطِيَّةٌ,https://terminologyenc.com/ar/browse/term/64579,new_term,,,pending,not_verified
عطية الله بن عطية البرهاني,https://terminologyenc.com/ar/browse/term/41137,new_term,,,pending,not_verified
عطية بن سعد بن جنادة العوفي,https://terminologyenc.com/ar/browse/term/41136,new_term,,,pending,not_verified
عطية محمد سالم,https://terminologyenc.com/ar/browse/term/69953,new_term,,,pending,not_verified
عطية محمد عطية صقر,https://terminologyenc.com/ar/browse/term/69954,new_term,,,pending,not_verified
عِفَاصٌ,https://terminologyenc.com/ar/browse/term/5109,new_term,,,pending,not_verified
عفان بن مسلم بن عبد الله الصفار,https://terminologyenc.com/ar/browse/term/41138,new_term,,,pending,not_verified
عِفريت,https://terminologyenc.com/ar/browse/term/11362,new_term,,,pending,not_verified
عَفَلٌ,https://terminologyenc.com/ar/browse/term/64581,new_term,,,pending,not_verified
عِفَّةٌ,https://terminologyenc.com/ar/browse/term/7441,new_term,,,pending,not_verified
عَفْوٌ,https://terminologyenc.com/ar/browse/term/72432,label_without_motion,12026,,pending,not_verified
عُقابٌ,https://terminologyenc.com/ar/browse/term/6991,label_with_motion,10926,10926,pending,not_verified
عَقَارٌ,https://terminologyenc.com/ar/browse/term/6992,new_term,,,pending,not_verified
عِقالٌ,https://terminologyenc.com/ar/browse/term/11549,label_without_motion,4624,,pending,not_verified
عَقِبٌ,https://terminologyenc.com/ar/browse/term/6993,label_without_motion,4041,,pending,not_verified
عقبة بن عامر الجهني,https://terminologyenc.com/ar/browse/term/41139,new_term,,,pending,not_verified
عقبة بن عمرو بن ثعلبة البدري الأنصاري,https://terminologyenc.com/ar/browse/term/41140,new_term,,,pending,not_verified
عقبة بن نافع بن عبد القيس,https://terminologyenc.com/ar/browse/term/41141,new_term,,,pending,not_verified
عَقْدٌ,https://terminologyenc.com/ar/browse/term/7444,ambiguous_label,"10297,11987",,pending,not_verified
عَقْدُ الذِّمَّة,https://terminologyenc.com/ar/browse/term/7442,new_term,,,pending,not_verified
عَقْدٌ مَوْقُوفٌ,https://terminologyenc.com/ar/browse/term/7443,new_term,,,pending,not_verified
عُقْرٌ,https://terminologyenc.com/ar/browse/term/6994,new_term,,,pending,not_verified
عَقْرٌ,https://terminologyenc.com/ar/browse/term/7445,new_term,,,pending,not_verified
عَقْعَقٌ,https://terminologyenc.com/ar/browse/term/7446,new_term,,,pending,not_verified
عقل,https://terminologyenc.com/ar/browse/term/16539,label_with_motion,5557,5557,pending,not_verified
عُقْلَةٌ,https://terminologyenc.com/ar/browse/term/6995,new_term,,,pending,not_verified
عقليات,https://terminologyenc.com/ar/browse/term/16540,new_term,,,pending,not_verified
عُقْمٌ,https://terminologyenc.com/ar/browse/term/6996,label_without_motion,6148,,pending,not_verified
عُقُوبَةٌ,https://terminologyenc.com/ar/browse/term/2905,new_term,,,pending,not_verified
عُقُوق الوالدين,https://terminologyenc.com/ar/browse/term/6997,label_with_motion,900,900,pending,not_verified
عقيدة,https://terminologyenc.com/ar/browse/term/47795,label_without_motion,1489,,pending,not_verified
عَقِيقٌ,https://terminologyenc.com/ar/browse/term/7448,new_term,,,pending,not_verified
عَقِيقَةٌ,https://terminologyenc.com/ar/browse/term/7449,new_term,,,pending,not_verified
عقيل بن عبد مناف ( أبي طالب ) بن عبد المطلب,https://terminologyenc.com/ar/browse/term/41142,new_term,,,pending,not_verified
عكاشة بن محصن بن حرثان,https://terminologyenc.com/ar/browse/term/41143,new_term,,,pending,not_verified
عُكَاظ,https://terminologyenc.com/ar/browse/term/76014,new_term,,,pending,not_verified
عكرمة بن عمرو بن هشام,https://terminologyenc.com/ar/browse/term/41144,new_term,,,pending,not_verified
عِلاجٌ,https://terminologyenc.com/ar/browse/term/7450,new_term,,,pending,not_verified
عَلانِيَةٌ,https://terminologyenc.com/ar/browse/term/7451,new_term,,,pending,not_verified
علبائية,https://terminologyenc.com/ar/browse/term/47794,new_term,,,pending,not_verified
علقمة بن قيس بن عبد الله بن مالك,https://terminologyenc.com/ar/browse/term/41147,new_term,,,pending,not_verified
علقمة بن مجزز المدلجي,https://terminologyenc.com/ar/browse/term/41148,new_term,,,pending,not_verified
عِلْمُ الجَدَلِ,https://terminologyenc.com/ar/browse/term/75266,new_term,,,pending,not_verified
عِلْمُ الجَرْحِ والتَّعْدِيلِ,https://terminologyenc.com/ar/browse/term/71874,new_term,,,pending,not_verified
عِلْمُ الحَدِيثِ رِوايةً,https://terminologyenc.com/ar/browse/term/71817,new_term,,,pending,not_verified
عِلْمُ الخِلاَفِ,https://terminologyenc.com/ar/browse/term/75267,new_term,,,pending,not_verified
عِلْمُ الرِّجالِ,https://terminologyenc.com/ar/browse/term/71875,new_term,,,pending,not_verified
عِلْمُ الكَلامِ,https://terminologyenc.com/ar/browse/term/14939,new_term,,,pending,not_verified
عِلْمُ المَنْطِقِ,https://terminologyenc.com/ar/browse/term/75269,new_term,,,pending,not_verified
عِلْمٌ ضَرُورِي,https://terminologyenc.com/ar/browse/term/75268,new_term,,,pending,not_verified
علم مُصطلَحِ الحَدِيثِ,https://terminologyenc.com/ar/browse/term/71818,new_term,,,pending,not_verified
عِلْمٌ مُكْتَسَبٌ,https://terminologyenc.com/ar/browse/term/16541,new_term,,,pending,not_verified
عِلْمٌ نَظَرِي,https://terminologyenc.com/ar/browse/term/75270,new_term,,,pending,not_verified
عِلْمانِيَّةُ,https://terminologyenc.com/ar/browse/term/47789,new_term,,,pending,not_verified
عِلَّةٌ,https://terminologyenc.com/ar/browse/term/71816,label_without_motion,8958,,pending,not_verified
عِلَّةٌ,https://terminologyenc.com/ar/browse/term/7452,label_without_motion,8958,,pending,not_verified
علة فاعلية,https://terminologyenc.com/ar/browse/term/14761,new_term,,,pending,not_verified
عُلُـوٌّ,https://terminologyenc.com/ar/browse/term/11015,new_term,,,pending,not_verified
عُلُوُّ الهِمَّةِ,https://terminologyenc.com/ar/browse/term/72532,label_without_motion,903,,pending,not_verified
عُلُوقٌ,https://terminologyenc.com/ar/browse/term/6999,new_term,,,pending,not_verified
عُلُومُ الآلَةِ,https://terminologyenc.com/ar/browse/term/75271,new_term,,,pending,not_verified
عُلومُ القُرْآنِ,https://terminologyenc.com/ar/browse/term/14845,new_term,,,pending,not_verified
علوي بن عبد القادر بن محمد بن هادي السقَّاف,https://terminologyenc.com/ar/browse/term/76304,new_term,,,pending,not_verified
علي ( الأكبر ) بن الحسين بن علي بن أبي طالب,https://terminologyenc.com/ar/browse/term/41159,new_term,,,pending,not_verified
علي ( الملك الأفضل نور الدين ) بن يوسف,https://terminologyenc.com/ar/browse/term/40748,new_term,,,pending,not_verified
علي ( المنصور ) بن محمد ( صلاح الدين الناصر ) بن علي ( المهدي ),https://terminologyenc.com/ar/browse/term/40732,new_term,,,pending,not_verified
علي بن ( سلطان ) محمد ، نور الدين,https://terminologyenc.com/ar/browse/term/40737,new_term,,,pending,not_verified
علي بن إبراهيم بن سلمة,https://terminologyenc.com/ar/browse/term/58013,new_term,,,pending,not_verified
علي بن أبي بكر بن خليفة الشافعي,https://terminologyenc.com/ar/browse/term/41156,new_term,,,pending,not_verified
علي بن أبي بكر بن سليمان,https://terminologyenc.com/ar/browse/term/41158,new_term,,,pending,not_verified
علي بن أبي بكر بن عبد الجليل,https://terminologyenc.com/ar/browse/term/41157,new_term,,,pending,not_verified
علي بن أبي طالب بن عبد المطلب,https://terminologyenc.com/ar/browse/term/41169,new_term,,,pending,not_verified
علي بن أحمد بن سعيد بن حزم,https://terminologyenc.com/ar/browse/term/41149,new_term,,,pending,not_verified
علي بن أحمد بن طلحة العباسي,https://terminologyenc.com/ar/browse/term/58014,new_term,,,pending,not_verified
علي بن أحمد بن عبد الواحد ابن البخاري السعدي,https://terminologyenc.com/ar/browse/term/41150,new_term,,,pending,not_verified
علي بن أحمد بن محمد الواحدي,https://terminologyenc.com/ar/browse/term/58015,new_term,,,pending,not_verified
علي بن أحمد بن محمد، العلاء الشيرازي,https://terminologyenc.com/ar/browse/term/41152,new_term,,,pending,not_verified
علي بن أحمد بن يوسف بن الخضر,https://terminologyenc.com/ar/browse/term/41151,new_term,,,pending,not_verified
علي بن إسماعيل ابن سيده,https://terminologyenc.com/ar/browse/term/41155,new_term,,,pending,not_verified
علي بن إسماعيل بن إسحاق الأشعري,https://terminologyenc.com/ar/browse/term/41154,new_term,,,pending,not_verified
علي بن الحسين بن حرب,https://terminologyenc.com/ar/browse/term/41161,new_term,,,pending,not_verified
علي بن الحسين بن علي ، أبو الحسن,https://terminologyenc.com/ar/browse/term/41162,new_term,,,pending,not_verified
علي بن الحسين بن علي بن أبي طالب,https://terminologyenc.com/ar/browse/term/41160,new_term,,,pending,not_verified
علي بن الحسين بن موسي بن محمد,https://terminologyenc.com/ar/browse/term/58018,new_term,,,pending,not_verified
علي بن المفضل بن علي بن مفرج البغدادي,https://terminologyenc.com/ar/browse/term/40742,new_term,,,pending,not_verified
علي بن حسن بن أحمد عبد الرزاق,https://terminologyenc.com/ar/browse/term/58016,new_term,,,pending,not_verified
علي بن حسين بن عروة ابن زَكْنُون المشرقي,https://terminologyenc.com/ar/browse/term/58019,new_term,,,pending,not_verified
علي بن حمزة بن عبد الله,https://terminologyenc.com/ar/browse/term/41164,new_term,,,pending,not_verified
علي بن خلف بن عبد الملك بن بطال القرطبي,https://terminologyenc.com/ar/browse/term/41165,new_term,,,pending,not_verified
علي بن ربن الطبري,https://terminologyenc.com/ar/browse/term/58020,new_term,,,pending,not_verified
علي بن سليم بن ربيعة بن سليمان,https://terminologyenc.com/ar/browse/term/41167,new_term,,,pending,not_verified
علي بن سليمان بن أحمد المرداوي,https://terminologyenc.com/ar/browse/term/41168,new_term,,,pending,not_verified
علي بن عبد الحي بن فخر الدين الحسني الندوي,https://terminologyenc.com/ar/browse/term/76332,new_term,,,pending,not_verified
علي بن عبد الرحمن بن علي الحذيفي,https://terminologyenc.com/ar/browse/term/76245,new_term,,,pending,not_verified
علي بن عبد الكافي بن علي بن تمام,https://terminologyenc.com/ar/browse/term/41171,new_term,,,pending,not_verified
علي بن عبد الله أبي الطيب بن أحمد النيسابوري,https://terminologyenc.com/ar/browse/term/41173,new_term,,,pending,not_verified
علي بن عبد الله بن الحسين بن أبي بكر,https://terminologyenc.com/ar/browse/term/41175,new_term,,,pending,not_verified
علي بن عبد الله بن جعفر السعدي ابن المديني,https://terminologyenc.com/ar/browse/term/41172,new_term,,,pending,not_verified
علي بن عبد الله بن صالح جابر,https://terminologyenc.com/ar/browse/term/76353,new_term,,,pending,not_verified
علي بن عبد الله بن عبد الجبار بن يوسف الشاذلي,https://terminologyenc.com/ar/browse/term/41174,new_term,,,pending,not_verified
علي بن عبيد الله بن نصر بن السري ابن الزَّاغوني البغدادي,https://terminologyenc.com/ar/browse/term/41176,new_term,,,pending,not_verified
علي بن عثمان بن إبراهيم بن مصطفى ابن التركماني,https://terminologyenc.com/ar/browse/term/41177,new_term,,,pending,not_verified
علي بن عثمان بن عمر ابن الصيرفي,https://terminologyenc.com/ar/browse/term/41178,new_term,,,pending,not_verified
علي بن علي بن محمد بن أبي العز الحنفي,https://terminologyenc.com/ar/browse/term/41179,new_term,,,pending,not_verified
علي بن عمر بن أحمد بن عبدوس الحنبلي,https://terminologyenc.com/ar/browse/term/41182,new_term,,,pending,not_verified
علي بن عمر بن أحمد بن مهدي,https://terminologyenc.com/ar/browse/term/41181,new_term,,,pending,not_verified
علي بن محمد الربعي,https://terminologyenc.com/ar/browse/term/41185,new_term,,,pending,not_verified
علي بن محمد الطوسي,https://terminologyenc.com/ar/browse/term/40735,new_term,,,pending,not_verified
علي بن محمد بن إبراهيم الشيحي,https://terminologyenc.com/ar/browse/term/40726,new_term,,,pending,not_verified
علي بن محمد بن أحمد بن موسى,https://terminologyenc.com/ar/browse/term/40728,new_term,,,pending,not_verified
علي بن محمد بن أحمد نور الدين ابن الصباغ,https://terminologyenc.com/ar/browse/term/40733,new_term,,,pending,not_verified
علي بن محمد بن الحسين البزدوي,https://terminologyenc.com/ar/browse/term/58023,new_term,,,pending,not_verified
علي بن محمد بن العباس التوحيدي,https://terminologyenc.com/ar/browse/term/58022,new_term,,,pending,not_verified
علي بن محمد بن حبيب الماوردي,https://terminologyenc.com/ar/browse/term/41183,new_term,,,pending,not_verified
علي بن محمد بن سالم التغلبي,https://terminologyenc.com/ar/browse/term/41189,new_term,,,pending,not_verified
على بن محمد بن سنان آل سنان,https://terminologyenc.com/ar/browse/term/69956,new_term,,,pending,not_verified
علي بن محمد بن عباس بن شيبان ابن اللَّحَّام الحنبلي,https://terminologyenc.com/ar/browse/term/40729,new_term,,,pending,not_verified
علي بن محمد بن عبد الرحمن,https://terminologyenc.com/ar/browse/term/40738,new_term,,,pending,not_verified
علي بن محمد بن عبد الصمد السخاوي,https://terminologyenc.com/ar/browse/term/41190,new_term,,,pending,not_verified
علي بن محمد بن عبد الكريم ابن الأثير الشيباني الجزري,https://terminologyenc.com/ar/browse/term/41188,new_term,,,pending,not_verified
علي بن محمد بن علي,https://terminologyenc.com/ar/browse/term/41186,new_term,,,pending,not_verified
علي بن محمد بن علي الصليحي,https://terminologyenc.com/ar/browse/term/41184,new_term,,,pending,not_verified
علي بن محمد بن علي المعروف بالشريف,https://terminologyenc.com/ar/browse/term/40730,new_term,,,pending,not_verified
علي بن محمد بن علي بن عِرَاق,https://terminologyenc.com/ar/browse/term/58024,new_term,,,pending,not_verified
علي بن محمد بن فلاح بن المشَعْشَع,https://terminologyenc.com/ar/browse/term/40734,new_term,,,pending,not_verified
علي بن محمد بن محمد بن خلف,https://terminologyenc.com/ar/browse/term/40736,new_term,,,pending,not_verified
علي بن محمد بن مكرّم الصعيدي,https://terminologyenc.com/ar/browse/term/41153,new_term,,,pending,not_verified
علي بن محمد رضا الشيرازي,https://terminologyenc.com/ar/browse/term/40739,new_term,,,pending,not_verified
علي بن محمد رضا بن موسى,https://terminologyenc.com/ar/browse/term/58027,new_term,,,pending,not_verified
علي بن محمد سعيد السويدي,https://terminologyenc.com/ar/browse/term/58025,new_term,,,pending,not_verified
علي بن محمود الغاياتي,https://terminologyenc.com/ar/browse/term/40740,new_term,,,pending,not_verified
علي بن مسهر القرشي بالولاء,https://terminologyenc.com/ar/browse/term/40741,new_term,,,pending,not_verified
علي بن مصطفى بن أحمد الطنطاوي,https://terminologyenc.com/ar/browse/term/69957,new_term,,,pending,not_verified
علي بن نصر أبو الحسن,https://terminologyenc.com/ar/browse/term/40743,new_term,,,pending,not_verified
علي بن هبة الله بن علي بن جعفر ابن ماكولا,https://terminologyenc.com/ar/browse/term/40744,new_term,,,pending,not_verified
علي بن يحيى بن تميم بن المعز,https://terminologyenc.com/ar/browse/term/40745,new_term,,,pending,not_verified
علي بن يحيى علاء الدين السمرقندي,https://terminologyenc.com/ar/browse/term/40746,new_term,,,pending,not_verified
علي بن يوسف بن تاشفين,https://terminologyenc.com/ar/browse/term/40747,new_term,,,pending,not_verified
علي محفوظ,https://terminologyenc.com/ar/browse/term/58021,new_term,,,pending,not_verified
عَمٌّ,https://terminologyenc.com/ar/browse/term/7000,ambiguous_label,"6150,12246",,pending,not_verified
عمار بن ياسر بن عامر الكناني,https://terminologyenc.com/ar/browse/term/40749,new_term,,,pending,not_verified
عُمارة بن حزم الأنصاري,https://terminologyenc.com/ar/browse/term/40750,new_term,,,pending,not_verified
عمارة بن عقيل بن بلال بن جرير,https://terminologyenc.com/ar/browse/term/40751,new_term,,,pending,not_verified
عِمامَةٌ,https://terminologyenc.com/ar/browse/term/64582,label_with_motion,8963,8963,pending,not_verified
عَمَّان,https://terminologyenc.com/ar/browse/term/76091,label_without_motion,10278,,pending,not_verified
عَمْدٌ,https://terminologyenc.com/ar/browse/term/64583,new_term,,,pending,not_verified
عمر بن إبراهيم بن أحمد بن محمد,https://terminologyenc.com/ar/browse/term/40752,new_term,,,pending,not_verified
عمر بن إبراهيم بن محمد,https://terminologyenc.com/ar/browse/term/40754,new_term,,,pending,not_verified
عمر بن إبراهيم بن محمد بن مفلح,https://terminologyenc.com/ar/browse/term/40753,new_term,,,pending,not_verified
عمر بن أبي سلمة بن عبد الأسد,https://terminologyenc.com/ar/browse/term/40766,new_term,,,pending,not_verified
عمر بن أحمد بن إبراهيم بن إسماعيل,https://terminologyenc.com/ar/browse/term/40755,new_term,,,pending,not_verified
عمر بن الحسن الهوزني,https://terminologyenc.com/ar/browse/term/40757,new_term,,,pending,not_verified
عمر بن الحسن بن علي بن محمد ابن دِحْيَة الكلبي,https://terminologyenc.com/ar/browse/term/40758,new_term,,,pending,not_verified
عمر بن الحسين بن عبد الله الخرقي,https://terminologyenc.com/ar/browse/term/40759,new_term,,,pending,not_verified
عمر بن الخطاب بن نفيل,https://terminologyenc.com/ar/browse/term/40761,new_term,,,pending,not_verified
عمر بن بدر بن سعيد الوراني,https://terminologyenc.com/ar/browse/term/40756,new_term,,,pending,not_verified
عمر بن حفص (حفصون) بن عمر بن جعفر الأندلسي,https://terminologyenc.com/ar/browse/term/40760,new_term,,,pending,not_verified
عمر بن رسلان بن نصير بن صالح,https://terminologyenc.com/ar/browse/term/40762,new_term,,,pending,not_verified
عمر بن سعد بن أبي وقاص,https://terminologyenc.com/ar/browse/term/40763,new_term,,,pending,not_verified
عمر بن سليمان بن عبد الله الأشقر,https://terminologyenc.com/ar/browse/term/69958,new_term,,,pending,not_verified
عمر بن شاهنشاه بن أيوب,https://terminologyenc.com/ar/browse/term/40764,new_term,,,pending,not_verified
عمر بن عبد العزيز بن مروان بن الحكم,https://terminologyenc.com/ar/browse/term/40765,new_term,,,pending,not_verified
عمر بن عبد الله بن أبي ربيعة,https://terminologyenc.com/ar/browse/term/40767,new_term,,,pending,not_verified
عمر بن عبد الله بن عمر بن عبد العزيز,https://terminologyenc.com/ar/browse/term/40768,new_term,,,pending,not_verified
عمر بن عبد الله بن محمد المقبل,https://terminologyenc.com/ar/browse/term/76252,new_term,,,pending,not_verified
عمر بن عبيد الله بن معمر,https://terminologyenc.com/ar/browse/term/40769,new_term,,,pending,not_verified
عمر بن عثمان بن يعقوب المَرِيني,https://terminologyenc.com/ar/browse/term/40770,new_term,,,pending,not_verified
عمر بن علي بن أحمد بن الملقن,https://terminologyenc.com/ar/browse/term/40773,new_term,,,pending,not_verified
عمر بن علي بن رسول ( واسمه محمد ),https://terminologyenc.com/ar/browse/term/40771,new_term,,,pending,not_verified
عمر بن علي بن سالم الفاكهاني,https://terminologyenc.com/ar/browse/term/40772,new_term,,,pending,not_verified
عمر بن محمد أمين الغفاري,https://terminologyenc.com/ar/browse/term/40777,new_term,,,pending,not_verified
عمر بن محمد بن إسماعيل النسفي,https://terminologyenc.com/ar/browse/term/40775,new_term,,,pending,not_verified
عمر بن محمد بن عبد الله ابن عمويه,https://terminologyenc.com/ar/browse/term/58028,new_term,,,pending,not_verified
عمر بن محمد بن عبد الله السبيل,https://terminologyenc.com/ar/browse/term/69959,new_term,,,pending,not_verified
عمر بن محمد بن فتوح البيقوني,https://terminologyenc.com/ar/browse/term/58029,new_term,,,pending,not_verified
عمر بن محمد بن محمد بكر الفلاني,https://terminologyenc.com/ar/browse/term/69960,new_term,,,pending,not_verified
عمر بن محمد بن منصور ابن الحاجب الأميني,https://terminologyenc.com/ar/browse/term/40776,new_term,,,pending,not_verified
عمر بن محمد بن يوسف,https://terminologyenc.com/ar/browse/term/40774,new_term,,,pending,not_verified
عمر بن مختار بن عمر,https://terminologyenc.com/ar/browse/term/40778,new_term,,,pending,not_verified
عمر بن مظفر بن عمر بن محمد ابن الوردي,https://terminologyenc.com/ar/browse/term/40779,new_term,,,pending,not_verified
عمر بن هبيرة بن سعد بن عدي,https://terminologyenc.com/ar/browse/term/40780,new_term,,,pending,not_verified
عمر بن يوسف بن عبد المؤمن,https://terminologyenc.com/ar/browse/term/40781,new_term,,,pending,not_verified
عمر بن يوسف بن عمر بن علي الأَشْرَف الرَّسُولي,https://terminologyenc.com/ar/browse/term/40782,new_term,,,pending,not_verified
عمران بن الحصين بن عبيد الخزاعي,https://terminologyenc.com/ar/browse/term/58030,new_term,,,pending,not_verified
عمران بن حطان بن ظبيان,https://terminologyenc.com/ar/browse/term/40783,new_term,,,pending,not_verified
عُمْرَةٌ,https://terminologyenc.com/ar/browse/term/31681,label_with_motion,8964,8964,pending,not_verified
عمرة بنت مرداس بن أبي عامر,https://terminologyenc.com/ar/browse/term/40784,new_term,,,pending,not_verified
عمرو ابن أم مكتوم بن قيس القرشي,https://terminologyenc.com/ar/browse/term/40801,new_term,,,pending,not_verified
عمرو بن الجموح بن زيد بن حرام,https://terminologyenc.com/ar/browse/term/40787,new_term,,,pending,not_verified
عمرو بن الحمق بن كاهل أو كاهن,https://terminologyenc.com/ar/browse/term/40791,new_term,,,pending,not_verified
عمرو بن الزبير بن العوام,https://terminologyenc.com/ar/browse/term/40793,new_term,,,pending,not_verified
عمرو بن العاص,https://terminologyenc.com/ar/browse/term/40795,new_term,,,pending,not_verified
عمرو بن أمية بن خويلد بن عبد الله,https://terminologyenc.com/ar/browse/term/40785,new_term,,,pending,not_verified
عمرو بن بحر بن محبوب الكناني,https://terminologyenc.com/ar/browse/term/40786,new_term,,,pending,not_verified
عمرو بن حبيب بن عمرو بن عمير الثقفي,https://terminologyenc.com/ar/browse/term/40788,new_term,,,pending,not_verified
عمرو بن حرين بن عمرو بن عثمان,https://terminologyenc.com/ar/browse/term/40789,new_term,,,pending,not_verified
عمرو بن حزم بن زيد بن لوذان,https://terminologyenc.com/ar/browse/term/40790,new_term,,,pending,not_verified
عمرو بن دينار الجمحي,https://terminologyenc.com/ar/browse/term/40792,new_term,,,pending,not_verified
عمرو بن شعيب بن محمد,https://terminologyenc.com/ar/browse/term/40794,new_term,,,pending,not_verified
عمرو بن عبد الله الجمحي الشاعر,https://terminologyenc.com/ar/browse/term/40796,new_term,,,pending,not_verified
عمرو بن عبد ود العامري,https://terminologyenc.com/ar/browse/term/40797,new_term,,,pending,not_verified
عمرو بن عبيد بن باب التيمي,https://terminologyenc.com/ar/browse/term/40798,new_term,,,pending,not_verified
عمرو بن عثمان بن قنبر,https://terminologyenc.com/ar/browse/term/40799,new_term,,,pending,not_verified
عمرو بن علي الفلاس,https://terminologyenc.com/ar/browse/term/40800,new_term,,,pending,not_verified
عمرو بن قيس السكوني,https://terminologyenc.com/ar/browse/term/40802,new_term,,,pending,not_verified
عمرو بن لحي بن حارثة,https://terminologyenc.com/ar/browse/term/40803,new_term,,,pending,not_verified
عمرو بن ليث الصفار,https://terminologyenc.com/ar/browse/term/40804,new_term,,,pending,not_verified
عمرو بن معد كرب بن ربيعة,https://terminologyenc.com/ar/browse/term/40805,new_term,,,pending,not_verified
عمرو بن هشام بن المغيرة المخزومي,https://terminologyenc.com/ar/browse/term/40806,new_term,,,pending,not_verified
عمرو بن يثربي بن بشر الضبي,https://terminologyenc.com/ar/browse/term/40807,new_term,,,pending,not_verified
عمروية,https://terminologyenc.com/ar/browse/term/47793,new_term,,,pending,not_verified
عُمَرِيَّةٌ,https://terminologyenc.com/ar/browse/term/64584,new_term,,,pending,not_verified
عَمَشٌ,https://terminologyenc.com/ar/browse/term/64587,new_term,,,pending,not_verified
عَملٌ,https://terminologyenc.com/ar/browse/term/31680,label_with_motion,2308,2308,pending,not_verified
عَمَلٌ,https://terminologyenc.com/ar/browse/term/64589,label_with_motion,2308,2308,pending,not_verified
عَمَلُ أَهْلِ المَدِينَةِ,https://terminologyenc.com/ar/browse/term/64588,new_term,,,pending,not_verified
عَمَّةٌ,https://terminologyenc.com/ar/browse/term/7001,ambiguous_label,"5791,12600",,pending,not_verified
عُـمُومٌ,https://terminologyenc.com/ar/browse/term/64590,new_term,,,pending,not_verified
عُمُومُ البَلْوَى,https://terminologyenc.com/ar/browse/term/64591,new_term,,,pending,not_verified
عَمَى,https://terminologyenc.com/ar/browse/term/64592,label_without_motion,6150,,pending,not_verified
عَمْياء,https://terminologyenc.com/ar/browse/term/64593,new_term,,,pending,not_verified
عمير بن سعد بن عبد الأوسي,https://terminologyenc.com/ar/browse/term/40808,new_term,,,pending,not_verified
عمير بن هانئ العنسي الداراني,https://terminologyenc.com/ar/browse/term/40809,new_term,,,pending,not_verified
عمير بن وهب بن خلف الجمحي,https://terminologyenc.com/ar/browse/term/40810,new_term,,,pending,not_verified
عِنادٌ,https://terminologyenc.com/ar/browse/term/31679,new_term,,,pending,not_verified
عنانية,https://terminologyenc.com/ar/browse/term/47792,new_term,,,pending,not_verified
عِنَبٌ,https://terminologyenc.com/ar/browse/term/64594,label_without_motion,4631,,pending,not_verified
عنترة بن عمرو بن شداد,https://terminologyenc.com/ar/browse/term/40811,new_term,,,pending,not_verified
عندية,https://terminologyenc.com/ar/browse/term/47791,new_term,,,pending,not_verified
عُنْفٌ,https://terminologyenc.com/ar/browse/term/31678,ambiguous_label,"5180,12247",,pending,not_verified
عَنفَقَةٌ,https://terminologyenc.com/ar/browse/term/7454,new_term,,,pending,not_verified
عُنُقٌ,https://terminologyenc.com/ar/browse/term/11459,label_without_motion,10933,,pending,not_verified
عُنُوسٌ,https://terminologyenc.com/ar/browse/term/64596,new_term,,,pending,not_verified
عَنْوَةٌ,https://terminologyenc.com/ar/browse/term/64595,new_term,,,pending,not_verified
عُهْدَةٌ,https://terminologyenc.com/ar/browse/term/64724,new_term,,,pending,not_verified
عَوارِضُ الأَهْلِيَّةِ,https://terminologyenc.com/ar/browse/term/47799,new_term,,,pending,not_verified
عَوامِل,https://terminologyenc.com/ar/browse/term/64723,new_term,,,pending,not_verified
عودة بن حرب أبو تايه,https://terminologyenc.com/ar/browse/term/40812,new_term,,,pending,not_verified
عوذ,https://terminologyenc.com/ar/browse/term/11020,new_term,,,pending,not_verified
عَوْرَةٌ,https://terminologyenc.com/ar/browse/term/8724,label_with_motion,1490,1490,pending,not_verified
عِوَضٌ,https://terminologyenc.com/ar/browse/term/64725,new_term,,,pending,not_verified
عوف بن مالك الأشجعي,https://terminologyenc.com/ar/browse/term/40813,new_term,,,pending,not_verified
عوفية,https://terminologyenc.com/ar/browse/term/16542,new_term,,,pending,not_verified
عَوْمٌ,https://terminologyenc.com/ar/browse/term/7002,new_term,,,pending,not_verified
عويض بن حمود بن حمدان العطوي,https://terminologyenc.com/ar/browse/term/76266,new_term,,,pending,not_verified
عِيادَةٌ,https://terminologyenc.com/ar/browse/term/64726,ambiguous_label,"904,12380",904,pending,not_verified
عِيَادَةُ الْمَرِيْض,https://terminologyenc.com/ar/browse/term/38373,new_term,,,pending,not_verified
عياض بن غَنْم بن زهير,https://terminologyenc.com/ar/browse/term/58031,new_term,,,pending,not_verified
عياض بن موسى بن عياض,https://terminologyenc.com/ar/browse/term/40816,new_term,,,pending,not_verified
عِيافَةٌ,https://terminologyenc.com/ar/browse/term/16543,new_term,,,pending,not_verified
عِيَالٌ,https://terminologyenc.com/ar/browse/term/6888,label_without_motion,4047,,pending,not_verified
عَيْبٌ,https://terminologyenc.com/ar/browse/term/5661,label_with_motion,10936,10936,pending,not_verified
عِيدٌ,https://terminologyenc.com/ar/browse/term/47805,label_without_motion,10937,,pending,not_verified
عَيْر,https://terminologyenc.com/ar/browse/term/76015,new_term,,,pending,not_verified
عيسوية,https://terminologyenc.com/ar/browse/term/14762,new_term,,,pending,not_verified
عيسى بن أبان بن صدقة,https://terminologyenc.com/ar/browse/term/40817,new_term,,,pending,not_verified
عيسى بن أحمد بن أيوب,https://terminologyenc.com/ar/browse/term/40819,new_term,,,pending,not_verified
عيسى بن دينار بن واقد الغافقي,https://terminologyenc.com/ar/browse/term/58032,new_term,,,pending,not_verified
عيسى بن زيد بن علي بن الحسين,https://terminologyenc.com/ar/browse/term/40818,new_term,,,pending,not_verified
عيسى بن مسعود بن منصور,https://terminologyenc.com/ar/browse/term/40820,new_term,,,pending,not_verified
عَيْنٌ,https://terminologyenc.com/ar/browse/term/7003,label_with_motion,2310,2310,pending,not_verified
عَيْن التَّمْر,https://terminologyenc.com/ar/browse/term/76016,new_term,,,pending,not_verified
عِينَةٌ,https://terminologyenc.com/ar/browse/term/6889,new_term,,,pending,not_verified
عَيْنَيْن,https://terminologyenc.com/ar/browse/term/76017,new_term,,,pending,not_verified
غَار ثَوْرٍ,https://terminologyenc.com/ar/browse/term/75873,new_term,,,pending,not_verified
غازي بن أبي بكر بن أيوب,https://terminologyenc.com/ar/browse/term/40822,new_term,,,pending,not_verified
غَالِب,https://terminologyenc.com/ar/browse/term/8667,new_term,,,pending,not_verified
غالب بن عبد الله بن مسعر,https://terminologyenc.com/ar/browse/term/40823,new_term,,,pending,not_verified
غالب بن مساعد بن سعيد الحسني,https://terminologyenc.com/ar/browse/term/58033,new_term,,,pending,not_verified
غَائِبٌ,https://terminologyenc.com/ar/browse/term/6890,label_without_motion,8973,,pending,not_verified
غائِطٌ,https://terminologyenc.com/ar/browse/term/7455,ambiguous_label,"1491,1644",,pending,not_verified
غَايَةٌ,https://terminologyenc.com/ar/browse/term/6891,new_term,,,pending,not_verified
غَبَاءٌ,https://terminologyenc.com/ar/browse/term/6892,label_without_motion,5186,,pending,not_verified
غُبَارٌ,https://terminologyenc.com/ar/browse/term/6893,label_with_motion,10063,10063,pending,not_verified
غِبْطَةٌ,https://terminologyenc.com/ar/browse/term/6894,new_term,,,pending,not_verified
غَبْنٌ,https://terminologyenc.com/ar/browse/term/7004,label_without_motion,8974,,pending,not_verified
غَدرٌ,https://terminologyenc.com/ar/browse/term/31672,label_without_motion,5187,,pending,not_verified
غَدْرٌ,https://terminologyenc.com/ar/browse/term/7005,label_without_motion,5187,,pending,not_verified
غُدَّةٌ,https://terminologyenc.com/ar/browse/term/6895,label_without_motion,5562,,pending,not_verified
غَدِيرٌ,https://terminologyenc.com/ar/browse/term/7006,label_without_motion,8978,,pending,not_verified
غَدِير الأَشْطَاط,https://terminologyenc.com/ar/browse/term/76018,new_term,,,pending,not_verified
غُرَابٌ,https://terminologyenc.com/ar/browse/term/6896,label_without_motion,8979,,pending,not_verified
غرابية,https://terminologyenc.com/ar/browse/term/47806,new_term,,,pending,not_verified
غَرَّاوَان,https://terminologyenc.com/ar/browse/term/7008,new_term,,,pending,not_verified
غَرَرٌ,https://terminologyenc.com/ar/browse/term/7009,new_term,,,pending,not_verified
غَرْسٌ,https://terminologyenc.com/ar/browse/term/6899,label_without_motion,2314,,pending,not_verified
غَرْغَرَةٌ,https://terminologyenc.com/ar/browse/term/6900,new_term,,,pending,not_verified
غَرَقٌ,https://terminologyenc.com/ar/browse/term/6901,label_without_motion,8984,,pending,not_verified
غُرْمٌ,https://terminologyenc.com/ar/browse/term/6903,new_term,,,pending,not_verified
غُرَّةٌ,https://terminologyenc.com/ar/browse/term/6898,new_term,,,pending,not_verified
غُرُوبٌ,https://terminologyenc.com/ar/browse/term/176,label_with_motion,8985,8985,pending,not_verified
غُرُور,https://terminologyenc.com/ar/browse/term/31677,label_without_motion,5188,,pending,not_verified
غَرِيبُ الحَدِيثِ,https://terminologyenc.com/ar/browse/term/71819,new_term,,,pending,not_verified
غَرِيبُ القُرْآنِ,https://terminologyenc.com/ar/browse/term/14846,new_term,,,pending,not_verified
غَزْلٌ,https://terminologyenc.com/ar/browse/term/6910,label_without_motion,8989,,pending,not_verified
غَزْوٌ,https://terminologyenc.com/ar/browse/term/6912,new_term,,,pending,not_verified
غُسالَةٌ,https://terminologyenc.com/ar/browse/term/4065,ambiguous_label,"4636,12248",,pending,not_verified
غسانية,https://terminologyenc.com/ar/browse/term/47804,new_term,,,pending,not_verified
غُسْلٌ,https://terminologyenc.com/ar/browse/term/172,ambiguous_label,"1492,1547",1492,pending,not_verified
غِشٌّ,https://terminologyenc.com/ar/browse/term/6914,label_without_motion,8990,,pending,not_verified
غَصْبٌ,https://terminologyenc.com/ar/browse/term/6915,new_term,,,pending,not_verified
غُصَّةٌ,https://terminologyenc.com/ar/browse/term/6916,label_without_motion,10945,,pending,not_verified
غَضَبٌ,https://terminologyenc.com/ar/browse/term/5174,label_with_motion,10946,10946,pending,not_verified
غُفْرانٌ,https://terminologyenc.com/ar/browse/term/31675,new_term,,,pending,not_verified
غَفْلَة,https://terminologyenc.com/ar/browse/term/6503,label_without_motion,10947,,pending,not_verified
غل,https://terminologyenc.com/ar/browse/term/31674,new_term,,,pending,not_verified
غَلاَءٌ,https://terminologyenc.com/ar/browse/term/7382,new_term,,,pending,not_verified
غَلَبَةُ الظَّنِّ,https://terminologyenc.com/ar/browse/term/7383,new_term,,,pending,not_verified
غَلَسٌ,https://terminologyenc.com/ar/browse/term/7385,new_term,,,pending,not_verified
غَلْصَمَةٌ,https://terminologyenc.com/ar/browse/term/7457,new_term,,,pending,not_verified
غَلَطٌ,https://terminologyenc.com/ar/browse/term/7458,new_term,,,pending,not_verified
غِلظةٌ,https://terminologyenc.com/ar/browse/term/31695,new_term,,,pending,not_verified
غَلَقٌ,https://terminologyenc.com/ar/browse/term/7386,label_with_motion,10948,10948,pending,not_verified
غُلْمَةٌ,https://terminologyenc.com/ar/browse/term/7387,new_term,,,pending,not_verified
غَلَّةٌ,https://terminologyenc.com/ar/browse/term/7384,new_term,,,pending,not_verified
غُلُـوٌّ,https://terminologyenc.com/ar/browse/term/16546,new_term,,,pending,not_verified
غلو في الصالحين,https://terminologyenc.com/ar/browse/term/16545,new_term,,,pending,not_verified
غُلُولٌ,https://terminologyenc.com/ar/browse/term/7388,new_term,,,pending,not_verified
غِنَاءٌ,https://terminologyenc.com/ar/browse/term/7389,label_without_motion,8994,,pending,not_verified
غُنْمٌ,https://terminologyenc.com/ar/browse/term/7390,label_without_motion,2325,,pending,not_verified
غِنـًى,https://terminologyenc.com/ar/browse/term/7391,label_with_motion,12454,12454,pending,not_verified
غَنِيمَةٌ,https://terminologyenc.com/ar/browse/term/7392,label_with_motion,8995,8995,pending,not_verified
غواية,https://terminologyenc.com/ar/browse/term/47803,new_term,,,pending,not_verified
غُولٌ,https://terminologyenc.com/ar/browse/term/16547,new_term,,,pending,not_verified
غياث بن غوث بن الصلت الأخطل,https://terminologyenc.com/ar/browse/term/40824,new_term,,,pending,not_verified
غَيب,https://terminologyenc.com/ar/browse/term/47802,new_term,,,pending,not_verified
غَيْبَةٌ,https://terminologyenc.com/ar/browse/term/47801,new_term,,,pending,not_verified
غِيبَةٌ,https://terminologyenc.com/ar/browse/term/7477,new_term,,,pending,not_verified
غَيْرَةٌ,https://terminologyenc.com/ar/browse/term/7478,label_without_motion,6171,,pending,not_verified
غَيْظٌ,https://terminologyenc.com/ar/browse/term/31693,new_term,,,pending,not_verified
غَيْقَة,https://terminologyenc.com/ar/browse/term/76092,new_term,,,pending,not_verified
غيلان بن سلمة الثقفي,https://terminologyenc.com/ar/browse/term/40825,new_term,,,pending,not_verified
غيلان بن عقبة بن نهيس,https://terminologyenc.com/ar/browse/term/40826,new_term,,,pending,not_verified
غيلان بن يونس القدري,https://terminologyenc.com/ar/browse/term/40827,new_term,,,pending,not_verified
غِيلَةٌ,https://terminologyenc.com/ar/browse/term/7479,new_term,,,pending,not_verified
فاتك بن عبد الله الرومي,https://terminologyenc.com/ar/browse/term/40828,new_term,,,pending,not_verified
فاحِشَةٌ,https://terminologyenc.com/ar/browse/term/7480,label_with_motion,9005,9005,pending,not_verified
فاختة بنت أبي طالب بن عبد المطلب القرشية الهاشمية,https://terminologyenc.com/ar/browse/term/40829,new_term,,,pending,not_verified
فَأْرٌ,https://terminologyenc.com/ar/browse/term/7481,label_without_motion,2328,,pending,not_verified
فارِسٌ,https://terminologyenc.com/ar/browse/term/7482,label_without_motion,4052,,pending,not_verified
فارِسِيَّةٌ,https://terminologyenc.com/ar/browse/term/175,new_term,,,pending,not_verified
فَاسِدٌ,https://terminologyenc.com/ar/browse/term/75273,label_with_motion,10951,10951,pending,not_verified
فاسِقٌ,https://terminologyenc.com/ar/browse/term/23,label_without_motion,4054,,pending,not_verified
فاطمة بنت أسد بن هاشم,https://terminologyenc.com/ar/browse/term/40831,new_term,,,pending,not_verified
فاطمة بنت الحسين بن علي,https://terminologyenc.com/ar/browse/term/40832,new_term,,,pending,not_verified
فاطمة بنت قيس الفهرية,https://terminologyenc.com/ar/browse/term/40833,new_term,,,pending,not_verified
فاطمة بنت محمد صلى الله عليه وسلم,https://terminologyenc.com/ar/browse/term/40834,new_term,,,pending,not_verified
فاعِلٌ,https://terminologyenc.com/ar/browse/term/16548,new_term,,,pending,not_verified
فأْفَأَةٌ,https://terminologyenc.com/ar/browse/term/53,new_term,,,pending,not_verified
فأل,https://terminologyenc.com/ar/browse/term/47800,new_term,,,pending,not_verified
فالح بن محمد بن فالح الصغير,https://terminologyenc.com/ar/browse/term/76262,new_term,,,pending,not_verified
فَتْحُ الذَّرَائِعِ,https://terminologyenc.com/ar/browse/term/75274,new_term,,,pending,not_verified
فتح الله بن معتصم بن نفيس الداودي,https://terminologyenc.com/ar/browse/term/40835,new_term,,,pending,not_verified
فتن,https://terminologyenc.com/ar/browse/term/11363,new_term,,,pending,not_verified
فِتْنَةٌ,https://terminologyenc.com/ar/browse/term/63,label_without_motion,4056,,pending,not_verified
فِتْنَةُ القَبْرِ,https://terminologyenc.com/ar/browse/term/11030,new_term,,,pending,not_verified
فُتُـوَّةٌ,https://terminologyenc.com/ar/browse/term/64,new_term,,,pending,not_verified
فَتْوَى,https://terminologyenc.com/ar/browse/term/114,label_with_motion,913,913,pending,not_verified
فُتْـيا,https://terminologyenc.com/ar/browse/term/65,new_term,,,pending,not_verified
فجور,https://terminologyenc.com/ar/browse/term/16549,label_without_motion,11988,,pending,not_verified
فُحْشٌ,https://terminologyenc.com/ar/browse/term/31691,new_term,,,pending,not_verified
فُحْشُ القَوْلِ,https://terminologyenc.com/ar/browse/term/67,new_term,,,pending,not_verified
فَدَك,https://terminologyenc.com/ar/browse/term/76019,new_term,,,pending,not_verified
فَرائِضُ,https://terminologyenc.com/ar/browse/term/1165,new_term,,,pending,not_verified
فَرَحٌ,https://terminologyenc.com/ar/browse/term/31689,label_with_motion,10954,10954,pending,not_verified
فَرْشٌ,https://terminologyenc.com/ar/browse/term/14847,new_term,,,pending,not_verified
فَرْضٌ,https://terminologyenc.com/ar/browse/term/6680,ambiguous_label,"914,12251,12381",914,pending,not_verified
فَرْعٌ,https://terminologyenc.com/ar/browse/term/47812,label_without_motion,10071,,pending,not_verified
فُرْقَةٌ,https://terminologyenc.com/ar/browse/term/7483,label_without_motion,4061,,pending,not_verified
فُرُوسِيَّةٌ,https://terminologyenc.com/ar/browse/term/7484,label_without_motion,12540,,pending,not_verified
فري,https://terminologyenc.com/ar/browse/term/11364,new_term,,,pending,not_verified
فِرْيَةٌ,https://terminologyenc.com/ar/browse/term/7489,new_term,,,pending,not_verified
فَسادٌ,https://terminologyenc.com/ar/browse/term/7742,ambiguous_label,"5196,12579",,pending,not_verified
فَسادُ الاعْتِبارِ,https://terminologyenc.com/ar/browse/term/47811,new_term,,,pending,not_verified
فَسادُ الوَضْعِ,https://terminologyenc.com/ar/browse/term/47810,new_term,,,pending,not_verified
فَسْخٌ,https://terminologyenc.com/ar/browse/term/7743,new_term,,,pending,not_verified
فِسْقٌ,https://terminologyenc.com/ar/browse/term/116,label_without_motion,1493,,pending,not_verified
فِسْقٌ.,https://terminologyenc.com/ar/browse/term/10325,new_term,,,pending,not_verified
فسوق,https://terminologyenc.com/ar/browse/term/11350,new_term,,,pending,not_verified
فِصالٌ,https://terminologyenc.com/ar/browse/term/7744,new_term,,,pending,not_verified
فَصْدٌ,https://terminologyenc.com/ar/browse/term/7745,new_term,,,pending,not_verified
فُضَالَةٌ,https://terminologyenc.com/ar/browse/term/47809,new_term,,,pending,not_verified
فضالة بن عبيد الأنصاري,https://terminologyenc.com/ar/browse/term/40836,new_term,,,pending,not_verified
فَضائِل,https://terminologyenc.com/ar/browse/term/47808,new_term,,,pending,not_verified
فَضَائِلُ القُرْآنِ,https://terminologyenc.com/ar/browse/term/14848,new_term,,,pending,not_verified
فَضْحٌ,https://terminologyenc.com/ar/browse/term/31687,new_term,,,pending,not_verified
فَضْلٌ,https://terminologyenc.com/ar/browse/term/31685,label_with_motion,10958,10958,pending,not_verified
فضل بن سلمة بن جرير,https://terminologyenc.com/ar/browse/term/40840,new_term,,,pending,not_verified
فِضَّةٌ,https://terminologyenc.com/ar/browse/term/72501,label_without_motion,9030,,pending,not_verified
فُضُولِيٌّ,https://terminologyenc.com/ar/browse/term/47807,label_without_motion,11408,,pending,not_verified
فِطامٌ,https://terminologyenc.com/ar/browse/term/50188,new_term,,,pending,not_verified
فطرة,https://terminologyenc.com/ar/browse/term/16555,ambiguous_label,"10074,12252",,pending,not_verified
فِطْنَةٌ,https://terminologyenc.com/ar/browse/term/31686,ambiguous_label,"5198,12253",,pending,not_verified
فَظَاظَةٌ,https://terminologyenc.com/ar/browse/term/72451,new_term,,,pending,not_verified
فعل,https://terminologyenc.com/ar/browse/term/11031,new_term,,,pending,not_verified
فِعْلُ الرَّسُولِ صَلَّى اللهُ عَلَيْهِ وَسَلَّمَ,https://terminologyenc.com/ar/browse/term/50181,new_term,,,pending,not_verified
فَقْدٌ,https://terminologyenc.com/ar/browse/term/72502,new_term,,,pending,not_verified
فِقْهٌ,https://terminologyenc.com/ar/browse/term/31690,ambiguous_label,"919,11921,11965",919,pending,not_verified
فَقِيرٌ,https://terminologyenc.com/ar/browse/term/50187,label_with_motion,5199,5199,pending,not_verified
فِكاكُ الأَسْرَى,https://terminologyenc.com/ar/browse/term/50186,new_term,,,pending,not_verified
فِلاحَةٌ,https://terminologyenc.com/ar/browse/term/50185,new_term,,,pending,not_verified
فِلَسْطِين,https://terminologyenc.com/ar/browse/term/76093,label_without_motion,10281,,pending,not_verified
فَلْسَفَةٌ,https://terminologyenc.com/ar/browse/term/16552,new_term,,,pending,not_verified
فُلُوسٌ,https://terminologyenc.com/ar/browse/term/8668,new_term,,,pending,not_verified
فَمٌ,https://terminologyenc.com/ar/browse/term/8726,label_without_motion,1755,,pending,not_verified
فناء العالم,https://terminologyenc.com/ar/browse/term/71884,new_term,,,pending,not_verified
فناء النار,https://terminologyenc.com/ar/browse/term/71885,new_term,,,pending,not_verified
فنَّاخسرو بن حسن بن بُوَيْه,https://terminologyenc.com/ar/browse/term/40843,new_term,,,pending,not_verified
فهد بن عبد العزيز بن عبد الرحمن آل سعود,https://terminologyenc.com/ar/browse/term/69961,new_term,,,pending,not_verified
فَوَاتٌ,https://terminologyenc.com/ar/browse/term/50184,new_term,,,pending,not_verified
فَواسِق,https://terminologyenc.com/ar/browse/term/68,new_term,,,pending,not_verified
فَوائِتُ,https://terminologyenc.com/ar/browse/term/2,new_term,,,pending,not_verified
فوزان بن سابق بن عثمان,https://terminologyenc.com/ar/browse/term/40844,new_term,,,pending,not_verified
فَـيْءٌ,https://terminologyenc.com/ar/browse/term/50183,new_term,,,pending,not_verified
فيروز الديلمي,https://terminologyenc.com/ar/browse/term/40845,new_term,,,pending,not_verified
فيصل بن عبد العزيز بن فيصل آل مبارك,https://terminologyenc.com/ar/browse/term/76280,new_term,,,pending,not_verified
فيصل بن عبدالعزيز آل مبارك,https://terminologyenc.com/ar/browse/term/40847,new_term,,,pending,not_verified
قابِلَةٌ,https://terminologyenc.com/ar/browse/term/50182,new_term,,,pending,not_verified
قاديانية,https://terminologyenc.com/ar/browse/term/14883,new_term,,,pending,not_verified
قاسم بن أصبغ بن محمد بن يوسف,https://terminologyenc.com/ar/browse/term/40849,new_term,,,pending,not_verified
قاسم بن قطلوبغا بن عبد الله الحنفي,https://terminologyenc.com/ar/browse/term/58036,new_term,,,pending,not_verified
قاسم بن محمد أمين المصري,https://terminologyenc.com/ar/browse/term/40857,new_term,,,pending,not_verified
قاصِرٌ,https://terminologyenc.com/ar/browse/term/7749,new_term,,,pending,not_verified
قاضِي,https://terminologyenc.com/ar/browse/term/7459,label_without_motion,4068,,pending,not_verified
قَاعِدَةٌ أُصُولِيَّةٌ,https://terminologyenc.com/ar/browse/term/75276,new_term,,,pending,not_verified
قَاعِدَةٌ فِقْهِيَّةٌ,https://terminologyenc.com/ar/browse/term/75277,new_term,,,pending,not_verified
قائِدٌ,https://terminologyenc.com/ar/browse/term/7750,label_with_motion,4070,4070,pending,not_verified
قَائِفٌ,https://terminologyenc.com/ar/browse/term/7010,new_term,,,pending,not_verified
قائم,https://terminologyenc.com/ar/browse/term/11036,label_without_motion,10485,,pending,not_verified
قُبَاء,https://terminologyenc.com/ar/browse/term/75877,new_term,,,pending,not_verified
قَبْرٌ,https://terminologyenc.com/ar/browse/term/5300,label_without_motion,5964,,pending,not_verified
قَبْضٌ,https://terminologyenc.com/ar/browse/term/7751,label_without_motion,4071,,pending,not_verified
قِبْلَةٌ,https://terminologyenc.com/ar/browse/term/5289,label_without_motion,11410,,pending,not_verified
قُبْلَةٌ,https://terminologyenc.com/ar/browse/term/7461,label_without_motion,11410,,pending,not_verified
قَبُولٌ,https://terminologyenc.com/ar/browse/term/7752,label_without_motion,9053,,pending,not_verified
قَبِيحٌ,https://terminologyenc.com/ar/browse/term/16554,label_without_motion,5203,,pending,not_verified
قبيصة بن جابر بن وهب الأسدي الكوفي,https://terminologyenc.com/ar/browse/term/40858,new_term,,,pending,not_verified
قَبِيلَةٌ,https://terminologyenc.com/ar/browse/term/7462,label_without_motion,4072,,pending,not_verified
قتادة بن النعمان بن زيد بن عامر,https://terminologyenc.com/ar/browse/term/40859,new_term,,,pending,not_verified
قتادة بن دعامة السدوسي,https://terminologyenc.com/ar/browse/term/40860,new_term,,,pending,not_verified
قِتالٌ,https://terminologyenc.com/ar/browse/term/7463,label_without_motion,4073,,pending,not_verified
قَتْلٌ,https://terminologyenc.com/ar/browse/term/170,label_without_motion,10973,,pending,not_verified
قَتْلٌ أُجْرِي مَجْرَى الخَطَأِ,https://terminologyenc.com/ar/browse/term/7464,new_term,,,pending,not_verified
قَتْلٌ بِسَبَبٍ,https://terminologyenc.com/ar/browse/term/7465,new_term,,,pending,not_verified
قتيبة بن مسلم بن عمرو الباهلي,https://terminologyenc.com/ar/browse/term/58037,new_term,,,pending,not_verified
قتيلة بنت النضر بن الحارث بن علقمة,https://terminologyenc.com/ar/browse/term/40861,new_term,,,pending,not_verified
قِداحٌ,https://terminologyenc.com/ar/browse/term/7753,new_term,,,pending,not_verified
قدامة بن مظعون بن حبيب,https://terminologyenc.com/ar/browse/term/40862,new_term,,,pending,not_verified
قَدَحٌ,https://terminologyenc.com/ar/browse/term/5108,new_term,,,pending,not_verified
قَدَرٌ,https://terminologyenc.com/ar/browse/term/16556,ambiguous_label,"10974,10975",10975,pending,not_verified
قَدْرٌ,https://terminologyenc.com/ar/browse/term/7754,ambiguous_label,"10974,10975",10975,pending,not_verified
قَدَرِيَّةُ,https://terminologyenc.com/ar/browse/term/53651,new_term,,,pending,not_verified
قِدَم,https://terminologyenc.com/ar/browse/term/16721,ambiguous_label,"5574,11676,12257,12455",,pending,not_verified
قُدَيْد,https://terminologyenc.com/ar/browse/term/76022,new_term,,,pending,not_verified
قديم,https://terminologyenc.com/ar/browse/term/11315,ambiguous_label,"6172,12635",,pending,not_verified
قَدِيمٌ مُطْلَقٌ,https://terminologyenc.com/ar/browse/term/14884,new_term,,,pending,not_verified
قَذْفٌ,https://terminologyenc.com/ar/browse/term/1160,new_term,,,pending,not_verified
قُرْءٌ,https://terminologyenc.com/ar/browse/term/243,new_term,,,pending,not_verified
قِراءاتٌ,https://terminologyenc.com/ar/browse/term/8238,new_term,,,pending,not_verified
قَرابَةٌ,https://terminologyenc.com/ar/browse/term/5043,label_without_motion,4074,,pending,not_verified
قَرارٌ,https://terminologyenc.com/ar/browse/term/8239,label_without_motion,9056,,pending,not_verified
قِراضٌ,https://terminologyenc.com/ar/browse/term/8240,new_term,,,pending,not_verified
قرب,https://terminologyenc.com/ar/browse/term/11042,new_term,,,pending,not_verified
قُرْبَةٌ,https://terminologyenc.com/ar/browse/term/7011,new_term,,,pending,not_verified
قَرَد,https://terminologyenc.com/ar/browse/term/75992,label_without_motion,5965,,pending,not_verified
قَرْضٌ,https://terminologyenc.com/ar/browse/term/4066,ambiguous_label,"923,5812",,pending,not_verified
قَرْقَرَةٌ,https://terminologyenc.com/ar/browse/term/7012,new_term,,,pending,not_verified
قرمطة,https://terminologyenc.com/ar/browse/term/53653,new_term,,,pending,not_verified
قَرْنٌ,https://terminologyenc.com/ar/browse/term/7014,ambiguous_label,"9553,11605",,pending,not_verified
قرَنٌ,https://terminologyenc.com/ar/browse/term/7015,ambiguous_label,"9553,11605",,pending,not_verified
قَرْن الثَّعَالِب,https://terminologyenc.com/ar/browse/term/76023,new_term,,,pending,not_verified
قَرْنُ الْمَنَازِلِ,https://terminologyenc.com/ar/browse/term/7013,label_without_motion,713,,pending,not_verified
قَرْن المَنَازِل,https://terminologyenc.com/ar/browse/term/76024,label_without_motion,713,,pending,not_verified
قرة بن شريك بن مرثد العبسي,https://terminologyenc.com/ar/browse/term/40864,new_term,,,pending,not_verified
قَرِينٌ,https://terminologyenc.com/ar/browse/term/8242,new_term,,,pending,not_verified
قَرِينَةٌ,https://terminologyenc.com/ar/browse/term/5104,new_term,,,pending,not_verified
قَرْيَةٌ,https://terminologyenc.com/ar/browse/term/8241,ambiguous_label,"5968,12385",,pending,not_verified
قَزَعٌ,https://terminologyenc.com/ar/browse/term/8243,new_term,,,pending,not_verified
قس بن ساعدة بن عمرو بن عدي,https://terminologyenc.com/ar/browse/term/40865,new_term,,,pending,not_verified
قَسامَةٌ,https://terminologyenc.com/ar/browse/term/8244,new_term,,,pending,not_verified
قِسْط,https://terminologyenc.com/ar/browse/term/72433,label_without_motion,10978,,pending,not_verified
قَسَمٌ,https://terminologyenc.com/ar/browse/term/8245,ambiguous_label,"1496,11606","1496,11606",pending,not_verified
قِسْمَةٌ,https://terminologyenc.com/ar/browse/term/8246,label_without_motion,5364,,pending,not_verified
قَسوةٌ,https://terminologyenc.com/ar/browse/term/72449,label_without_motion,9062,,pending,not_verified
قِصاصٌ,https://terminologyenc.com/ar/browse/term/7016,label_without_motion,4075,,pending,not_verified
قَصَبَةُ الأنفِ,https://terminologyenc.com/ar/browse/term/7017,new_term,,,pending,not_verified
قصد,https://terminologyenc.com/ar/browse/term/16722,label_with_motion,10980,10980,pending,not_verified
قَصْرُ الصَّلاةِ,https://terminologyenc.com/ar/browse/term/6681,label_without_motion,924,,pending,not_verified
قَصَصُ القُرْآنِ,https://terminologyenc.com/ar/browse/term/14861,new_term,,,pending,not_verified
قصي بن كلاب بن مرة,https://terminologyenc.com/ar/browse/term/40866,new_term,,,pending,not_verified
قَضاءٌ,https://terminologyenc.com/ar/browse/term/1166,label_with_motion,1498,1498,pending,not_verified
قضاء,https://terminologyenc.com/ar/browse/term/3,label_with_motion,1498,1498,pending,not_verified
قَضاءُ الحاجَةِ,https://terminologyenc.com/ar/browse/term/8731,label_without_motion,925,,pending,not_verified
قَضَاءُ الْحَقِّ,https://terminologyenc.com/ar/browse/term/7020,new_term,,,pending,not_verified
قَضاءُ الفَوائِتِ,https://terminologyenc.com/ar/browse/term/6682,new_term,,,pending,not_verified
قَضِيَّةُ عَيْنٍ,https://terminologyenc.com/ar/browse/term/75279,new_term,,,pending,not_verified
قطري ( أبو نعامة ) بن الفجاءة ( واسمه جعونة ),https://terminologyenc.com/ar/browse/term/40867,new_term,,,pending,not_verified
قَطْعٌ,https://terminologyenc.com/ar/browse/term/7023,ambiguous_label,"9070,10669",9070,pending,not_verified
قَطْعُ الطَّرِيقِ,https://terminologyenc.com/ar/browse/term/7022,new_term,,,pending,not_verified
قَطْعِيَّةٌ,https://terminologyenc.com/ar/browse/term/53649,new_term,,,pending,not_verified
قُعَيْقِعَان,https://terminologyenc.com/ar/browse/term/76028,new_term,,,pending,not_verified
قَفِيزٌ,https://terminologyenc.com/ar/browse/term/7024,new_term,,,pending,not_verified
قَلَسٌ,https://terminologyenc.com/ar/browse/term/6878,new_term,,,pending,not_verified
قُلْفَةٌ,https://terminologyenc.com/ar/browse/term/7470,new_term,,,pending,not_verified
قَلَقٌ,https://terminologyenc.com/ar/browse/term/36571,ambiguous_label,"5206,9077",,pending,not_verified
قلم,https://terminologyenc.com/ar/browse/term/11044,label_without_motion,9079,,pending,not_verified
قَلَنسُوَةٌ [قُلَنسِيَةٌ],https://terminologyenc.com/ar/browse/term/7026,new_term,,,pending,not_verified
قلة,https://terminologyenc.com/ar/browse/term/7025,new_term,,,pending,not_verified
قِمَارٌ,https://terminologyenc.com/ar/browse/term/7027,label_without_motion,1499,,pending,not_verified
قِنٌّ,https://terminologyenc.com/ar/browse/term/7028,new_term,,,pending,not_verified
قَنَاعَة,https://terminologyenc.com/ar/browse/term/36570,label_without_motion,9081,,pending,not_verified
قَنَاة,https://terminologyenc.com/ar/browse/term/76027,label_with_motion,1783,1783,pending,not_verified
قِنْطَارٌ,https://terminologyenc.com/ar/browse/term/7029,label_without_motion,10300,,pending,not_verified
قُنْفُذٌ,https://terminologyenc.com/ar/browse/term/7030,label_without_motion,1785,,pending,not_verified
قُنُوتٌ,https://terminologyenc.com/ar/browse/term/8247,new_term,,,pending,not_verified
قُنُوطٌ,https://terminologyenc.com/ar/browse/term/53655,new_term,,,pending,not_verified
قُنْيَةٌ,https://terminologyenc.com/ar/browse/term/7031,new_term,,,pending,not_verified
قَهْقَهَةٌ,https://terminologyenc.com/ar/browse/term/4,label_without_motion,9085,,pending,not_verified
قَواعِد,https://terminologyenc.com/ar/browse/term/8248,new_term,,,pending,not_verified
قِوَامَةٌ,https://terminologyenc.com/ar/browse/term/7032,new_term,,,pending,not_verified
قَوَدٌ,https://terminologyenc.com/ar/browse/term/8249,new_term,,,pending,not_verified
قَولٌ,https://terminologyenc.com/ar/browse/term/36759,label_with_motion,4078,4078,pending,not_verified
قَوْلٌ,https://terminologyenc.com/ar/browse/term/8250,label_with_motion,4078,4078,pending,not_verified
قَوْلُ الصَّحَابِي,https://terminologyenc.com/ar/browse/term/75280,new_term,,,pending,not_verified
قُوَّة,https://terminologyenc.com/ar/browse/term/36568,new_term,,,pending,not_verified
قُوَّةٌ,https://terminologyenc.com/ar/browse/term/7033,new_term,,,pending,not_verified
قُوَّةُ الإرادَةِ,https://terminologyenc.com/ar/browse/term/38381,label_without_motion,927,,pending,not_verified
قَيْءٌ,https://terminologyenc.com/ar/browse/term/7471,new_term,,,pending,not_verified
قِيَاسٌ,https://terminologyenc.com/ar/browse/term/7034,ambiguous_label,"9720,10308",,pending,not_verified
قِيافَةٌ,https://terminologyenc.com/ar/browse/term/10326,new_term,,,pending,not_verified
قِيامٌ,https://terminologyenc.com/ar/browse/term/8733,new_term,,,pending,not_verified
قِيامُ اللَّيْلِ,https://terminologyenc.com/ar/browse/term/14,label_without_motion,1500,,pending,not_verified
قِيرَاطٌ,https://terminologyenc.com/ar/browse/term/7036,new_term,,,pending,not_verified
قيس بن الملوَح بن مزاحم,https://terminologyenc.com/ar/browse/term/58041,new_term,,,pending,not_verified
قيس بن زهير بن جذيمة بن رواحة,https://terminologyenc.com/ar/browse/term/40870,new_term,,,pending,not_verified
قيس بن سعد بن عبادة,https://terminologyenc.com/ar/browse/term/40871,new_term,,,pending,not_verified
قيس بن عاصم التميمي,https://terminologyenc.com/ar/browse/term/40872,new_term,,,pending,not_verified
قيس بن عباد الضبعي,https://terminologyenc.com/ar/browse/term/40873,new_term,,,pending,not_verified
قيس بن عباية بن عبيد الخولاني,https://terminologyenc.com/ar/browse/term/40874,new_term,,,pending,not_verified
قيس بن عبد الله بن عدس بن ربيعة,https://terminologyenc.com/ar/browse/term/40876,new_term,,,pending,not_verified
قيس بن عبد عوف بن الحارث,https://terminologyenc.com/ar/browse/term/40875,new_term,,,pending,not_verified
قيس بن مالك الأرحبي,https://terminologyenc.com/ar/browse/term/40877,new_term,,,pending,not_verified
قيلولة,https://terminologyenc.com/ar/browse/term/7037,new_term,,,pending,not_verified
قَيِّمٌ,https://terminologyenc.com/ar/browse/term/8252,label_with_motion,9090,9090,pending,not_verified
قِيمَة,https://terminologyenc.com/ar/browse/term/7038,new_term,,,pending,not_verified
قِيمِيَّاتٌ,https://terminologyenc.com/ar/browse/term/7039,new_term,,,pending,not_verified
كَاتِبٌ,https://terminologyenc.com/ar/browse/term/7040,label_without_motion,9091,,pending,not_verified
كاتبون,https://terminologyenc.com/ar/browse/term/11052,new_term,,,pending,not_verified
كافِلٌ,https://terminologyenc.com/ar/browse/term/7042,label_without_motion,9095,,pending,not_verified
كافُورٌ,https://terminologyenc.com/ar/browse/term/7043,new_term,,,pending,not_verified
كاملية,https://terminologyenc.com/ar/browse/term/53657,new_term,,,pending,not_verified
كاهِنٌ,https://terminologyenc.com/ar/browse/term/7044,new_term,,,pending,not_verified
كَبائِرٌ,https://terminologyenc.com/ar/browse/term/53658,new_term,,,pending,not_verified
كَبِدٌ,https://terminologyenc.com/ar/browse/term/16,label_without_motion,5580,,pending,not_verified
كِبْرٌ,https://terminologyenc.com/ar/browse/term/7210,new_term,,,pending,not_verified
كبشة بنت رافع الأنصارية,https://terminologyenc.com/ar/browse/term/40878,new_term,,,pending,not_verified
كبشة بنت معدي كرب,https://terminologyenc.com/ar/browse/term/40879,new_term,,,pending,not_verified
كتاب الوحي,https://terminologyenc.com/ar/browse/term/11049,new_term,,,pending,not_verified
كِتابِيٌّ,https://terminologyenc.com/ar/browse/term/7167,new_term,,,pending,not_verified
كِتابِيُّون,https://terminologyenc.com/ar/browse/term/7097,new_term,,,pending,not_verified
كتب,https://terminologyenc.com/ar/browse/term/11050,new_term,,,pending,not_verified
كَتِفٌ,https://terminologyenc.com/ar/browse/term/7067,label_without_motion,10993,,pending,not_verified
كِتْمانٌ,https://terminologyenc.com/ar/browse/term/7249,label_without_motion,9100,,pending,not_verified
كِتْمانُ السِّرِّ,https://terminologyenc.com/ar/browse/term/38380,label_without_motion,931,,pending,not_verified
كثير بن الصلت بن معدي كرب,https://terminologyenc.com/ar/browse/term/40880,new_term,,,pending,not_verified
كُحْلٌ,https://terminologyenc.com/ar/browse/term/8253,label_without_motion,4795,,pending,not_verified
كَدَاء,https://terminologyenc.com/ar/browse/term/76029,new_term,,,pending,not_verified
كَدَكٌ,https://terminologyenc.com/ar/browse/term/7166,new_term,,,pending,not_verified
كَدِيد,https://terminologyenc.com/ar/browse/term/76030,new_term,,,pending,not_verified
كَذِبٌ,https://terminologyenc.com/ar/browse/term/7181,new_term,,,pending,not_verified
كُـرٌّ,https://terminologyenc.com/ar/browse/term/67719,new_term,,,pending,not_verified
كِراءٌ,https://terminologyenc.com/ar/browse/term/7174,new_term,,,pending,not_verified
كِراءُ العُقْبِ,https://terminologyenc.com/ar/browse/term/7306,new_term,,,pending,not_verified
كُرَّاثٌ,https://terminologyenc.com/ar/browse/term/67718,label_without_motion,4648,,pending,not_verified
كُرَاع هَرْشَى,https://terminologyenc.com/ar/browse/term/76031,new_term,,,pending,not_verified
كَرامَةٌ,https://terminologyenc.com/ar/browse/term/36752,label_without_motion,9104,,pending,not_verified
كرامية,https://terminologyenc.com/ar/browse/term/36758,new_term,,,pending,not_verified
كَراهَةٌ,https://terminologyenc.com/ar/browse/term/7358,new_term,,,pending,not_verified
كَرَاهَةُ تَحْرِيمٍ,https://terminologyenc.com/ar/browse/term/75281,new_term,,,pending,not_verified
كَرَاهَةُ تَنْزِيهٍ,https://terminologyenc.com/ar/browse/term/75282,new_term,,,pending,not_verified
كرب,https://terminologyenc.com/ar/browse/term/36564,label_without_motion,4082,,pending,not_verified
كربية,https://terminologyenc.com/ar/browse/term/53656,new_term,,,pending,not_verified
كرسي,https://terminologyenc.com/ar/browse/term/11053,label_without_motion,4649,,pending,not_verified
كُـرْكِـيّ,https://terminologyenc.com/ar/browse/term/67717,new_term,,,pending,not_verified
كَرَمٌ,https://terminologyenc.com/ar/browse/term/36563,label_with_motion,10995,10995,pending,not_verified
كَرْمَان,https://terminologyenc.com/ar/browse/term/76032,new_term,,,pending,not_verified
كُـرْهٌ,https://terminologyenc.com/ar/browse/term/67716,label_without_motion,9105,,pending,not_verified
كريمة بنت أحمد المروذية,https://terminologyenc.com/ar/browse/term/40881,new_term,,,pending,not_verified
كَسْبٌ,https://terminologyenc.com/ar/browse/term/36757,new_term,,,pending,not_verified
كَسْرٌ,https://terminologyenc.com/ar/browse/term/67715,label_without_motion,5446,,pending,not_verified
كسلٌ,https://terminologyenc.com/ar/browse/term/36699,label_without_motion,10998,,pending,not_verified
كُسُوفٌ,https://terminologyenc.com/ar/browse/term/17,label_without_motion,1797,,pending,not_verified
كَشْفٌ,https://terminologyenc.com/ar/browse/term/7605,label_with_motion,11000,11000,pending,not_verified
كَظْمُ الغَيْظِ,https://terminologyenc.com/ar/browse/term/38372,label_without_motion,719,,pending,not_verified
كَعْبٌ,https://terminologyenc.com/ar/browse/term/67721,new_term,,,pending,not_verified
كعب بن الأشرف الطائي,https://terminologyenc.com/ar/browse/term/40882,new_term,,,pending,not_verified
كعب بن زهير بن أبي سلمى,https://terminologyenc.com/ar/browse/term/40883,new_term,,,pending,not_verified
كعب بن سلمة بن سعد,https://terminologyenc.com/ar/browse/term/58042,new_term,,,pending,not_verified
كعب بن سور الأزدي,https://terminologyenc.com/ar/browse/term/40884,new_term,,,pending,not_verified
كعب بن عجرة الأنصاري,https://terminologyenc.com/ar/browse/term/40885,new_term,,,pending,not_verified
كعب بن عدي بن ثعلبة العبادي,https://terminologyenc.com/ar/browse/term/40886,new_term,,,pending,not_verified
كعب بن عمير الغفاري,https://terminologyenc.com/ar/browse/term/40887,new_term,,,pending,not_verified
كعب بن قيس بن سعد بن مالك,https://terminologyenc.com/ar/browse/term/58043,new_term,,,pending,not_verified
كعب بن ماتع (كعب الأحبار),https://terminologyenc.com/ar/browse/term/40888,new_term,,,pending,not_verified
كعب بن مالك الأنصاري,https://terminologyenc.com/ar/browse/term/40889,new_term,,,pending,not_verified
كَفٌّ,https://terminologyenc.com/ar/browse/term/67724,label_without_motion,1798,,pending,not_verified
كَفُّ النَّفْسِ,https://terminologyenc.com/ar/browse/term/67723,new_term,,,pending,not_verified
كَفاءَةٌ,https://terminologyenc.com/ar/browse/term/5896,label_without_motion,5447,,pending,not_verified
كَفَّارَةٌ,https://terminologyenc.com/ar/browse/term/67726,label_with_motion,1501,1501,pending,not_verified
كَفالَةٌ,https://terminologyenc.com/ar/browse/term/38378,label_with_motion,933,933,pending,not_verified
كَفالَةٌ,https://terminologyenc.com/ar/browse/term/64553,label_with_motion,933,933,pending,not_verified
كَفالَةُ اليَتِيمِ,https://terminologyenc.com/ar/browse/term/38379,new_term,,,pending,not_verified
كُفْرٌ,https://terminologyenc.com/ar/browse/term/7349,label_with_motion,1502,1502,pending,not_verified
كُفْرٌ أَصْغَر,https://terminologyenc.com/ar/browse/term/64554,new_term,,,pending,not_verified
كفر أكبر,https://terminologyenc.com/ar/browse/term/64549,new_term,,,pending,not_verified
كُفْرُ الإباءِ والاسْتِكْبارِ,https://terminologyenc.com/ar/browse/term/64548,new_term,,,pending,not_verified
كفر الجحود,https://terminologyenc.com/ar/browse/term/16742,new_term,,,pending,not_verified
كُلّابِيَّةُ,https://terminologyenc.com/ar/browse/term/36751,new_term,,,pending,not_verified
كَلالَةٌ,https://terminologyenc.com/ar/browse/term/64555,new_term,,,pending,not_verified
كَلامٌ,https://terminologyenc.com/ar/browse/term/18,label_with_motion,11004,11004,pending,not_verified
كلام نفسي,https://terminologyenc.com/ar/browse/term/14885,new_term,,,pending,not_verified
كَلْبٌ,https://terminologyenc.com/ar/browse/term/8735,label_without_motion,5971,,pending,not_verified
كَلِمٌ,https://terminologyenc.com/ar/browse/term/36562,new_term,,,pending,not_verified
كلم - يحذف,https://terminologyenc.com/ar/browse/term/11054,new_term,,,pending,not_verified
كَمالُ الإيمانِ,https://terminologyenc.com/ar/browse/term/14941,new_term,,,pending,not_verified
كمالية,https://terminologyenc.com/ar/browse/term/64551,new_term,,,pending,not_verified
كنَّاز بن الحصين بن يربوع الغَنوي,https://terminologyenc.com/ar/browse/term/40892,new_term,,,pending,not_verified
كَـنْزٌ,https://terminologyenc.com/ar/browse/term/64550,ambiguous_label,"9121,12388",,pending,not_verified
كُنْيَةٌ,https://terminologyenc.com/ar/browse/term/10436,new_term,,,pending,not_verified
كهانة,https://terminologyenc.com/ar/browse/term/36756,new_term,,,pending,not_verified
كهمس بن طلق الصَّريمي,https://terminologyenc.com/ar/browse/term/40893,new_term,,,pending,not_verified
كَوْسَجٌ,https://terminologyenc.com/ar/browse/term/64552,new_term,,,pending,not_verified
كُوعٌ,https://terminologyenc.com/ar/browse/term/7081,ambiguous_label,"1873,5584",,pending,not_verified
كي,https://terminologyenc.com/ar/browse/term/64546,label_without_motion,11009,,pending,not_verified
كيالية,https://terminologyenc.com/ar/browse/term/36755,new_term,,,pending,not_verified
كيسان المقبري المدني ، أبو سعيد,https://terminologyenc.com/ar/browse/term/40894,new_term,,,pending,not_verified
كيسانية,https://terminologyenc.com/ar/browse/term/36754,new_term,,,pending,not_verified
كَيْلٌ,https://terminologyenc.com/ar/browse/term/72506,new_term,,,pending,not_verified
كَيْنَوِيَّةُ,https://terminologyenc.com/ar/browse/term/36753,new_term,,,pending,not_verified
كيومرثية,https://terminologyenc.com/ar/browse/term/64544,new_term,,,pending,not_verified
لا أَصْلَ له,https://terminologyenc.com/ar/browse/term/71820,new_term,,,pending,not_verified
لاحِقٌ,https://terminologyenc.com/ar/browse/term/64545,new_term,,,pending,not_verified
لاَطِيَةٌ,https://terminologyenc.com/ar/browse/term/67728,new_term,,,pending,not_verified
لبابة بنت الحارث الهلالية,https://terminologyenc.com/ar/browse/term/40895,new_term,,,pending,not_verified
لِباسٌ,https://terminologyenc.com/ar/browse/term/8737,new_term,,,pending,not_verified
لِباسُ المَرْأَةِ,https://terminologyenc.com/ar/browse/term/19,new_term,,,pending,not_verified
لَبَنٌ,https://terminologyenc.com/ar/browse/term/10438,ambiguous_label,"9133,12457",,pending,not_verified
لَبَّةٌ,https://terminologyenc.com/ar/browse/term/10437,new_term,,,pending,not_verified
لَبُونٌ,https://terminologyenc.com/ar/browse/term/5414,new_term,,,pending,not_verified
لِثامٌ,https://terminologyenc.com/ar/browse/term/7178,new_term,,,pending,not_verified
لَحَاقٌ,https://terminologyenc.com/ar/browse/term/10439,new_term,,,pending,not_verified
لَحْدٌ,https://terminologyenc.com/ar/browse/term/10440,new_term,,,pending,not_verified
لَحْمٌ,https://terminologyenc.com/ar/browse/term/20,label_without_motion,9140,,pending,not_verified
لحْنٌ,https://terminologyenc.com/ar/browse/term/14862,label_without_motion,9141,,pending,not_verified
لُحُوقٌ,https://terminologyenc.com/ar/browse/term/7307,new_term,,,pending,not_verified
لَحْي جَمَل,https://terminologyenc.com/ar/browse/term/76034,new_term,,,pending,not_verified
لِحْيَةٌ,https://terminologyenc.com/ar/browse/term/8974,label_without_motion,9142,,pending,not_verified
لُدّ,https://terminologyenc.com/ar/browse/term/76094,new_term,,,pending,not_verified
لُزُومٌ,https://terminologyenc.com/ar/browse/term/7308,new_term,,,pending,not_verified
لُزُومُ الجَماعَةِ,https://terminologyenc.com/ar/browse/term/14942,new_term,,,pending,not_verified
لِسانٌ,https://terminologyenc.com/ar/browse/term/7050,label_without_motion,4084,,pending,not_verified
لِصٌّ,https://terminologyenc.com/ar/browse/term/7047,label_without_motion,9145,,pending,not_verified
لَطْمٌ,https://terminologyenc.com/ar/browse/term/10441,new_term,,,pending,not_verified
لُعابٌ,https://terminologyenc.com/ar/browse/term/7169,new_term,,,pending,not_verified
لِعانٌ,https://terminologyenc.com/ar/browse/term/7168,new_term,,,pending,not_verified
لَعِبٌ,https://terminologyenc.com/ar/browse/term/10442,label_without_motion,9148,,pending,not_verified
لُعْبَةٌ,https://terminologyenc.com/ar/browse/term/7309,label_without_motion,9148,,pending,not_verified
لَعْنٌ,https://terminologyenc.com/ar/browse/term/36743,new_term,,,pending,not_verified
لَغَطٌ,https://terminologyenc.com/ar/browse/term/10444,new_term,,,pending,not_verified
لُغَةٌ,https://terminologyenc.com/ar/browse/term/7175,label_without_motion,9152,,pending,not_verified
لِفْت,https://terminologyenc.com/ar/browse/term/76095,label_without_motion,12264,,pending,not_verified
لَفْظٌ,https://terminologyenc.com/ar/browse/term/36750,label_without_motion,11015,,pending,not_verified
لفظية,https://terminologyenc.com/ar/browse/term/36749,new_term,,,pending,not_verified
لَقَبٌ,https://terminologyenc.com/ar/browse/term/10445,label_without_motion,6155,,pending,not_verified
لُقَطَةٌ,https://terminologyenc.com/ar/browse/term/7046,new_term,,,pending,not_verified
لُكْنَةٌ,https://terminologyenc.com/ar/browse/term/7176,new_term,,,pending,not_verified
لهَب,https://terminologyenc.com/ar/browse/term/11060,label_without_motion,1812,,pending,not_verified
لَوْ,https://terminologyenc.com/ar/browse/term/11061,label_with_motion,9163,9163,pending,not_verified
لِواء,https://terminologyenc.com/ar/browse/term/11365,label_without_motion,4243,,pending,not_verified
لوط بن يحيى بن سعيد بن مِخْنَف الأزدي,https://terminologyenc.com/ar/browse/term/58044,new_term,,,pending,not_verified
لَيْلٌ,https://terminologyenc.com/ar/browse/term/1167,label_with_motion,5972,5972,pending,not_verified
لَيْلَةُ القَدْرِ,https://terminologyenc.com/ar/browse/term/64547,label_with_motion,1383,1383,pending,not_verified
لِيْنٌ,https://terminologyenc.com/ar/browse/term/36584,label_without_motion,1815,,pending,not_verified
ماءٌ طاهِرٌ,https://terminologyenc.com/ar/browse/term/4403,new_term,,,pending,not_verified
ماءٌ قَلِيلٌ,https://terminologyenc.com/ar/browse/term/4404,new_term,,,pending,not_verified
ماءٌ مُسْتَعمَلٌ,https://terminologyenc.com/ar/browse/term/4407,new_term,,,pending,not_verified
ماءٌ مَشْكوكٌ فِيهِ,https://terminologyenc.com/ar/browse/term/4409,new_term,,,pending,not_verified
ماءٌ مُشَمَّسٌ,https://terminologyenc.com/ar/browse/term/4412,new_term,,,pending,not_verified
ماءٌ مُطلَقٌ,https://terminologyenc.com/ar/browse/term/4408,new_term,,,pending,not_verified
ماءٌ نَجِسٌ,https://terminologyenc.com/ar/browse/term/4068,new_term,,,pending,not_verified
ماتريدية,https://terminologyenc.com/ar/browse/term/64557,new_term,,,pending,not_verified
مَأْتَمٌ,https://terminologyenc.com/ar/browse/term/64561,new_term,,,pending,not_verified
مَأْدُبَةٌ,https://terminologyenc.com/ar/browse/term/64560,new_term,,,pending,not_verified
مَأْذُونٌ,https://terminologyenc.com/ar/browse/term/72504,label_with_motion,4087,4087,pending,not_verified
مارِنٌ,https://terminologyenc.com/ar/browse/term/64559,new_term,,,pending,not_verified
مارية بنت شمعون القبطية,https://terminologyenc.com/ar/browse/term/40897,new_term,,,pending,not_verified
ماسونية,https://terminologyenc.com/ar/browse/term/64562,new_term,,,pending,not_verified
ماشِيَةٌ,https://terminologyenc.com/ar/browse/term/7472,label_without_motion,4088,,pending,not_verified
ماعِزٌ,https://terminologyenc.com/ar/browse/term/7473,label_without_motion,1819,,pending,not_verified
مالك بن التيهان الأنصاري,https://terminologyenc.com/ar/browse/term/40900,new_term,,,pending,not_verified
مالك بن الحارث بن عبد يغوث,https://terminologyenc.com/ar/browse/term/40901,new_term,,,pending,not_verified
مالك بن أنس الأصبحي الإمام,https://terminologyenc.com/ar/browse/term/40898,new_term,,,pending,not_verified
مالك بن أوس بن الحدثان,https://terminologyenc.com/ar/browse/term/40899,new_term,,,pending,not_verified
مالك بن دينار البصري,https://terminologyenc.com/ar/browse/term/40902,new_term,,,pending,not_verified
مالك بن ربيعة بن عمرو أبو أسيد الساعدي,https://terminologyenc.com/ar/browse/term/40903,new_term,,,pending,not_verified
مالك بن عوف بن سعد,https://terminologyenc.com/ar/browse/term/40904,new_term,,,pending,not_verified
مالك بن نبي,https://terminologyenc.com/ar/browse/term/58045,new_term,,,pending,not_verified
مالك بن نويرة بن جمرة,https://terminologyenc.com/ar/browse/term/40905,new_term,,,pending,not_verified
مالك بن هبيرة,https://terminologyenc.com/ar/browse/term/40906,new_term,,,pending,not_verified
مالِيَّةٌ,https://terminologyenc.com/ar/browse/term/8976,new_term,,,pending,not_verified
مأمونية,https://terminologyenc.com/ar/browse/term/64556,new_term,,,pending,not_verified
مانع بن حماد الجهني,https://terminologyenc.com/ar/browse/term/76343,new_term,,,pending,not_verified
مانوية,https://terminologyenc.com/ar/browse/term/36742,new_term,,,pending,not_verified
ماهر بن حمد بن معيقل المعيقلي,https://terminologyenc.com/ar/browse/term/76320,new_term,,,pending,not_verified
ماهِيَّةٌ,https://terminologyenc.com/ar/browse/term/36747,new_term,,,pending,not_verified
مائِعٌ,https://terminologyenc.com/ar/browse/term/7474,label_without_motion,1821,,pending,not_verified
مُبَاحٌ,https://terminologyenc.com/ar/browse/term/75284,label_without_motion,942,,pending,not_verified
مُـبارَأةٌ,https://terminologyenc.com/ar/browse/term/8254,label_without_motion,5665,,pending,not_verified
مَبارِكُ الإِبِلِ,https://terminologyenc.com/ar/browse/term/7171,new_term,,,pending,not_verified
مبارك بن صباح بن جابر بن عبد الله,https://terminologyenc.com/ar/browse/term/58046,new_term,,,pending,not_verified
مباركية,https://terminologyenc.com/ar/browse/term/36748,new_term,,,pending,not_verified
مُباشَرَةُ المَرْأَةِ,https://terminologyenc.com/ar/browse/term/8978,new_term,,,pending,not_verified
مَبْتُوتَةٌ,https://terminologyenc.com/ar/browse/term/64558,new_term,,,pending,not_verified
مبشر بن محمد خان الطرازي,https://terminologyenc.com/ar/browse/term/69962,new_term,,,pending,not_verified
مُبْهَمَاتُ القُرْآنِ,https://terminologyenc.com/ar/browse/term/14865,new_term,,,pending,not_verified
مُتَبَايِنٌ,https://terminologyenc.com/ar/browse/term/75285,new_term,,,pending,not_verified
مُتَحَيِّرَةٌ,https://terminologyenc.com/ar/browse/term/6735,new_term,,,pending,not_verified
مُتَرادِفٌ,https://terminologyenc.com/ar/browse/term/36746,new_term,,,pending,not_verified
مُتَرَدِّيَةُ,https://terminologyenc.com/ar/browse/term/10446,new_term,,,pending,not_verified
مُتَشابِهٌ,https://terminologyenc.com/ar/browse/term/71847,label_with_motion,9191,9191,pending,not_verified
مُتْعَةٌ,https://terminologyenc.com/ar/browse/term/10447,new_term,,,pending,not_verified
مُتْعَةُ الطَّلَاقِ,https://terminologyenc.com/ar/browse/term/10448,new_term,,,pending,not_verified
مُتَّفَقٌ عَلَيْهِ,https://terminologyenc.com/ar/browse/term/71821,new_term,,,pending,not_verified
مُتَلاحِمَةٌ,https://terminologyenc.com/ar/browse/term/10449,new_term,,,pending,not_verified
متمم بن نويرة بن جمرة بن شداد,https://terminologyenc.com/ar/browse/term/40908,new_term,,,pending,not_verified
مَتْنٌ,https://terminologyenc.com/ar/browse/term/71822,new_term,,,pending,not_verified
مُتَّهَمٌ,https://terminologyenc.com/ar/browse/term/10450,new_term,,,pending,not_verified
مُتَوَاتِرٌ,https://terminologyenc.com/ar/browse/term/10480,new_term,,,pending,not_verified
متواطئ,https://terminologyenc.com/ar/browse/term/36741,new_term,,,pending,not_verified
مِثْقالٌ,https://terminologyenc.com/ar/browse/term/7177,new_term,,,pending,not_verified
مِثْلٌ,https://terminologyenc.com/ar/browse/term/8255,label_with_motion,5233,5233,pending,not_verified
مُثَلَّثٌ,https://terminologyenc.com/ar/browse/term/10452,label_without_motion,5291,,pending,not_verified
مُثْلَةٌ,https://terminologyenc.com/ar/browse/term/10451,new_term,,,pending,not_verified
مِثْلِيّاتٌ,https://terminologyenc.com/ar/browse/term/8256,new_term,,,pending,not_verified
مَجَازٌ,https://terminologyenc.com/ar/browse/term/36740,new_term,,,pending,not_verified
مجاشع بن مسعود السلمي,https://terminologyenc.com/ar/browse/term/40910,new_term,,,pending,not_verified
مجاعة بن مرارة بن سلمى,https://terminologyenc.com/ar/browse/term/40911,new_term,,,pending,not_verified
مجاهد بن جبر,https://terminologyenc.com/ar/browse/term/40912,new_term,,,pending,not_verified
مُجاهَدَةُ النَّفْسِ,https://terminologyenc.com/ar/browse/term/38375,label_without_motion,945,,pending,not_verified
مُجَاهَرَةٌ,https://terminologyenc.com/ar/browse/term/10453,new_term,,,pending,not_verified
مُجَاوَرَةٌ,https://terminologyenc.com/ar/browse/term/10454,new_term,,,pending,not_verified
مُجْتَهِدٌ,https://terminologyenc.com/ar/browse/term/10455,label_with_motion,11417,11417,pending,not_verified
مجد,https://terminologyenc.com/ar/browse/term/36739,label_with_motion,11043,11043,pending,not_verified
مَجْرَى الماءِ,https://terminologyenc.com/ar/browse/term/8258,new_term,,,pending,not_verified
مَجْلِسٌ,https://terminologyenc.com/ar/browse/term/8259,ambiguous_label,"10105,12036",,pending,not_verified
مَجْلِسُ الحُكْمِ,https://terminologyenc.com/ar/browse/term/8260,new_term,,,pending,not_verified
مَجْلِسُ العَقْدِ,https://terminologyenc.com/ar/browse/term/7494,new_term,,,pending,not_verified
مَجْمَع البَحْرَيْن,https://terminologyenc.com/ar/browse/term/75875,new_term,,,pending,not_verified
مجمع بن جارية أو يزيد بن جارية بن عامر,https://terminologyenc.com/ar/browse/term/40915,new_term,,,pending,not_verified
مُجْمَلٌ,https://terminologyenc.com/ar/browse/term/10456,new_term,,,pending,not_verified
مَجَنَّة,https://terminologyenc.com/ar/browse/term/76035,new_term,,,pending,not_verified
مَجْنُونٌ,https://terminologyenc.com/ar/browse/term/8982,label_without_motion,11418,,pending,not_verified
مُجَهِّلٌ,https://terminologyenc.com/ar/browse/term/10457,new_term,,,pending,not_verified
مَجُوسٌ,https://terminologyenc.com/ar/browse/term/7497,new_term,,,pending,not_verified
مُجُونٌ,https://terminologyenc.com/ar/browse/term/10458,new_term,,,pending,not_verified
مُحَابَاةٌ,https://terminologyenc.com/ar/browse/term/10459,new_term,,,pending,not_verified
محادة لله ورسوله,https://terminologyenc.com/ar/browse/term/64564,new_term,,,pending,not_verified
مُحَاذَاةٌ,https://terminologyenc.com/ar/browse/term/10460,label_without_motion,10520,,pending,not_verified
مُحَارِبٌ,https://terminologyenc.com/ar/browse/term/10461,new_term,,,pending,not_verified
محارب بن دثار بن كردوس,https://terminologyenc.com/ar/browse/term/40916,new_term,,,pending,not_verified
محاربة لله ورسوله,https://terminologyenc.com/ar/browse/term/64563,new_term,,,pending,not_verified
مَحارِمُ,https://terminologyenc.com/ar/browse/term/6736,new_term,,,pending,not_verified
مُحَاسَبَةٌ,https://terminologyenc.com/ar/browse/term/10462,new_term,,,pending,not_verified
محاسبة,https://terminologyenc.com/ar/browse/term/11073,new_term,,,pending,not_verified
مُحاسَبَةُ النَّفْسِ,https://terminologyenc.com/ar/browse/term/38374,ambiguous_label,"947,11975",,pending,not_verified
مُحَاصَّةٌ,https://terminologyenc.com/ar/browse/term/10463,new_term,,,pending,not_verified
مُحَاطَّةٌ,https://terminologyenc.com/ar/browse/term/10464,new_term,,,pending,not_verified
مُحَاقَلَةٌ,https://terminologyenc.com/ar/browse/term/10465,new_term,,,pending,not_verified
محب الدين بن أبي الفتح محمد,https://terminologyenc.com/ar/browse/term/58047,new_term,,,pending,not_verified
مَحَبَّةٌ,https://terminologyenc.com/ar/browse/term/8261,label_with_motion,11049,11049,pending,not_verified
مُحْتَسِبٌ,https://terminologyenc.com/ar/browse/term/10466,new_term,,,pending,not_verified
مُحدَث,https://terminologyenc.com/ar/browse/term/11074,new_term,,,pending,not_verified
محدثات الأمور,https://terminologyenc.com/ar/browse/term/71886,new_term,,,pending,not_verified
مِحْرابٌ,https://terminologyenc.com/ar/browse/term/6692,new_term,,,pending,not_verified
محرز بن نضلة بن عبد الله بن مرة الأسدي,https://terminologyenc.com/ar/browse/term/40918,new_term,,,pending,not_verified
مَحْرَمٌ,https://terminologyenc.com/ar/browse/term/7204,label_without_motion,11053,,pending,not_verified
مُحَرَّماتُ النِّكَاحِ,https://terminologyenc.com/ar/browse/term/8983,new_term,,,pending,not_verified
مُحَسِّرٌ,https://terminologyenc.com/ar/browse/term/10467,new_term,,,pending,not_verified
مُحَصَّبٌ,https://terminologyenc.com/ar/browse/term/10468,new_term,,,pending,not_verified
محظورات,https://terminologyenc.com/ar/browse/term/72435,new_term,,,pending,not_verified
مَـحْظُوراتُ الإحْرامِ,https://terminologyenc.com/ar/browse/term/6693,new_term,,,pending,not_verified
محفوظ بن أحمد بن الحسن,https://terminologyenc.com/ar/browse/term/40919,new_term,,,pending,not_verified
مُحْكَمُ الحَدِيثِ,https://terminologyenc.com/ar/browse/term/71841,new_term,,,pending,not_verified
محمد ( العتاهية ) بن إسماعيل ( أبي العتاهية ),https://terminologyenc.com/ar/browse/term/41207,new_term,,,pending,not_verified
محمد ( المعتز بالله ) بن جعفر,https://terminologyenc.com/ar/browse/term/41235,new_term,,,pending,not_verified
محمد ( المنصور شهاب الدين ) بن إسماعيل,https://terminologyenc.com/ar/browse/term/41209,new_term,,,pending,not_verified
محمد ابن المقتدر بالله جعفر بن المعتضد,https://terminologyenc.com/ar/browse/term/41236,new_term,,,pending,not_verified
محمد أبو عبد الله بن علي أبي الحسن الغرناطي,https://terminologyenc.com/ar/browse/term/41336,new_term,,,pending,not_verified
محمد أحمد باشميل,https://terminologyenc.com/ar/browse/term/76345,new_term,,,pending,not_verified
محمد أحمد بن عبد الله، المهدي,https://terminologyenc.com/ar/browse/term/41198,new_term,,,pending,not_verified
محمد أشرف بن أمير بن علي,https://terminologyenc.com/ar/browse/term/41213,new_term,,,pending,not_verified
محمد الأخضر بن الحسين بن علي,https://terminologyenc.com/ar/browse/term/64746,new_term,,,pending,not_verified
محمد الأمين الشنقيطي,https://terminologyenc.com/ar/browse/term/76325,new_term,,,pending,not_verified
محمد الأمين بن محمد المختار بن عبد القادر الشنقيطي,https://terminologyenc.com/ar/browse/term/41217,new_term,,,pending,not_verified
محمد التقي بن عبد القادر بن الطيب الهلالي,https://terminologyenc.com/ar/browse/term/76310,new_term,,,pending,not_verified
محمد الحبيب بن الشاذلي بلخوجة,https://terminologyenc.com/ar/browse/term/69966,new_term,,,pending,not_verified
محمد الخضري بن عفيفي الباجوري,https://terminologyenc.com/ar/browse/term/64768,new_term,,,pending,not_verified
محمد الطاهر بن عاشور,https://terminologyenc.com/ar/browse/term/64753,new_term,,,pending,not_verified
محمد الغزالي بن أحمد مرسي السقا,https://terminologyenc.com/ar/browse/term/69979,new_term,,,pending,not_verified
محمد المختار بن محمد الأمين بن محمد المختار الشنقيطي,https://terminologyenc.com/ar/browse/term/69981,new_term,,,pending,not_verified
محمد أمين بن عمر بن عبد العزيز,https://terminologyenc.com/ar/browse/term/41216,new_term,,,pending,not_verified
محمد أمين مرداد,https://terminologyenc.com/ar/browse/term/69963,new_term,,,pending,not_verified
محمد أيوب,https://terminologyenc.com/ar/browse/term/76329,new_term,,,pending,not_verified
محمد بخيت بن حسين المطيعي,https://terminologyenc.com/ar/browse/term/41220,new_term,,,pending,not_verified
محمد بن إبراهيم آل الشيخ,https://terminologyenc.com/ar/browse/term/76326,new_term,,,pending,not_verified
محمد بن إبراهيم بن أبي بكر,https://terminologyenc.com/ar/browse/term/40926,new_term,,,pending,not_verified
محمد بن إبراهيم بن أحمد الحمد,https://terminologyenc.com/ar/browse/term/76244,new_term,,,pending,not_verified
محمد بن إبراهيم بن المنذر النيسابوري,https://terminologyenc.com/ar/browse/term/40921,new_term,,,pending,not_verified
محمد بن إبراهيم بن أنوش بن إبراهيم,https://terminologyenc.com/ar/browse/term/40922,new_term,,,pending,not_verified
محمد بن إبراهيم بن جماعة,https://terminologyenc.com/ar/browse/term/40925,new_term,,,pending,not_verified
محمد بن إبراهيم بن زياد المواز,https://terminologyenc.com/ar/browse/term/40920,new_term,,,pending,not_verified
محمد بن إبراهيم بن عبد اللطيف,https://terminologyenc.com/ar/browse/term/40928,new_term,,,pending,not_verified
محمد بن إبراهيم بن عبد الله التويجري,https://terminologyenc.com/ar/browse/term/76234,new_term,,,pending,not_verified
محمد بن إبراهيم بن عبدوس المالكي,https://terminologyenc.com/ar/browse/term/58048,new_term,,,pending,not_verified
محمد بن إبراهيم بن علي بن المرتضى,https://terminologyenc.com/ar/browse/term/40927,new_term,,,pending,not_verified
محمد بن إبراهيم بن محمد ابن النَّحَّاس الحلبي,https://terminologyenc.com/ar/browse/term/40924,new_term,,,pending,not_verified
محمد بن إبراهيم بن محمد بن عبد العزيز,https://terminologyenc.com/ar/browse/term/40923,new_term,,,pending,not_verified
محمد بن إبراهيم بن يعقوب الكلاباذي,https://terminologyenc.com/ar/browse/term/58049,new_term,,,pending,not_verified
محمد بن أبي الفتح بن أبي الفضل البعلي,https://terminologyenc.com/ar/browse/term/41349,new_term,,,pending,not_verified
محمد بن أبي بكر المرعشي,https://terminologyenc.com/ar/browse/term/41229,new_term,,,pending,not_verified
محمد بن أبي بكر بن أيوب ابن قيم الجوزية,https://terminologyenc.com/ar/browse/term/41224,new_term,,,pending,not_verified
محمد بن أبي بكر بن عبد الرحمن بن محمد ابن زُرَيْق,https://terminologyenc.com/ar/browse/term/41228,new_term,,,pending,not_verified
محمد بن أبي بكر بن عبد العزيز,https://terminologyenc.com/ar/browse/term/41225,new_term,,,pending,not_verified
محمد بن أبي بكر بن عبد القادر,https://terminologyenc.com/ar/browse/term/41223,new_term,,,pending,not_verified
محمد بن أبي بكر بن عمر ابن الدَّمَامِيني,https://terminologyenc.com/ar/browse/term/41226,new_term,,,pending,not_verified
محمد بن أبي حذيفة بن عتبة بن ربيعة العبشمي,https://terminologyenc.com/ar/browse/term/41240,new_term,,,pending,not_verified
محمد بن أحمد ، أبو نصر,https://terminologyenc.com/ar/browse/term/40936,new_term,,,pending,not_verified
محمد بن أحمد أبو الريحان البَيْرُونِي,https://terminologyenc.com/ar/browse/term/58052,new_term,,,pending,not_verified
محمد بن أحمد أبو زهرة,https://terminologyenc.com/ar/browse/term/41200,new_term,,,pending,not_verified
محمد بن أحمد الخطيب الشربيني,https://terminologyenc.com/ar/browse/term/41192,new_term,,,pending,not_verified
محمد بن أحمد الذهبي,https://terminologyenc.com/ar/browse/term/40941,new_term,,,pending,not_verified
محمد بن أحمد بن إبراهيم,https://terminologyenc.com/ar/browse/term/40929,new_term,,,pending,not_verified
محمد بن أحمد بن أبي أحمد السمرقندي,https://terminologyenc.com/ar/browse/term/58055,new_term,,,pending,not_verified
محمد بن أحمد بن أبي سهل السرخسي,https://terminologyenc.com/ar/browse/term/58053,new_term,,,pending,not_verified
محمد بن أحمد بن أبي موسى,https://terminologyenc.com/ar/browse/term/40933,new_term,,,pending,not_verified
محمد بن أحمد بن أبي يوسف,https://terminologyenc.com/ar/browse/term/40934,new_term,,,pending,not_verified
محمد بن أحمد بن إسماعيل المقدم,https://terminologyenc.com/ar/browse/term/76313,new_term,,,pending,not_verified
محمد بن أحمد بن جبير الكناني,https://terminologyenc.com/ar/browse/term/58058,new_term,,,pending,not_verified
محمد بن أحمد بن حماد بن سعد,https://terminologyenc.com/ar/browse/term/40930,new_term,,,pending,not_verified
محمد بن أحمد بن حمزة الرملي,https://terminologyenc.com/ar/browse/term/41193,new_term,,,pending,not_verified
محمد بن أحمد بن رشد,https://terminologyenc.com/ar/browse/term/58054,new_term,,,pending,not_verified
محمد بن أحمد بن سالم,https://terminologyenc.com/ar/browse/term/41195,new_term,,,pending,not_verified
محمد بن أحمد بن طلحة العباسي,https://terminologyenc.com/ar/browse/term/58050,new_term,,,pending,not_verified
محمد بن أحمد بن عبد الرحمن الملطي,https://terminologyenc.com/ar/browse/term/58051,new_term,,,pending,not_verified
محمد بن أحمد بن عبد العزيز الفتوحي,https://terminologyenc.com/ar/browse/term/41191,new_term,,,pending,not_verified
محمد بن أحمد بن عبد الله الشهير,https://terminologyenc.com/ar/browse/term/41199,new_term,,,pending,not_verified
محمد بن أحمد بن عبد الله بن نصر,https://terminologyenc.com/ar/browse/term/40932,new_term,,,pending,not_verified
محمد بن أحمد بن عبد الهادي,https://terminologyenc.com/ar/browse/term/40940,new_term,,,pending,not_verified
محمد بن أحمد بن عرفة,https://terminologyenc.com/ar/browse/term/41196,new_term,,,pending,not_verified
محمد بن أحمد بن علي الإدريسي,https://terminologyenc.com/ar/browse/term/40943,new_term,,,pending,not_verified
محمد بن أحمد بن علي الفاكهي,https://terminologyenc.com/ar/browse/term/42692,new_term,,,pending,not_verified
محمد بن أحمد بن علي القيسي,https://terminologyenc.com/ar/browse/term/40938,new_term,,,pending,not_verified
محمد بن أحمد بن عيسى,https://terminologyenc.com/ar/browse/term/42691,new_term,,,pending,not_verified
محمد بن أحمد بن محمد,https://terminologyenc.com/ar/browse/term/41194,new_term,,,pending,not_verified
محمد بن أحمد بن محمد المحلي,https://terminologyenc.com/ar/browse/term/42690,new_term,,,pending,not_verified
محمد بن أحمد بن محمد بن إبراهيم,https://terminologyenc.com/ar/browse/term/40944,new_term,,,pending,not_verified
محمد بن أحمد بن محمد بن جعفر,https://terminologyenc.com/ar/browse/term/40931,new_term,,,pending,not_verified
محمد بن أحمد بن محمد بن رشد الحفيد,https://terminologyenc.com/ar/browse/term/40935,new_term,,,pending,not_verified
محمد بن أحمد بن محمد بن عبد الله ابن جزي,https://terminologyenc.com/ar/browse/term/40939,new_term,,,pending,not_verified
محمد بن أحمد بن محمد عليش,https://terminologyenc.com/ar/browse/term/41197,new_term,,,pending,not_verified
محمد بن أحمد بن هشام اللخمي,https://terminologyenc.com/ar/browse/term/58057,new_term,,,pending,not_verified
محمد بن إدريس بن العباس الشافعي الإمام,https://terminologyenc.com/ar/browse/term/41201,new_term,,,pending,not_verified
محمد بن إدريس بن المنذر أبو حاتم الرازي,https://terminologyenc.com/ar/browse/term/41202,new_term,,,pending,not_verified
محمد بن إسحاق بن إبراهيم بن مهران,https://terminologyenc.com/ar/browse/term/41205,new_term,,,pending,not_verified
محمد بن إسحاق بن خزيمة,https://terminologyenc.com/ar/browse/term/41204,new_term,,,pending,not_verified
محمد بن إسحاق بن محمد بن منده,https://terminologyenc.com/ar/browse/term/41206,new_term,,,pending,not_verified
محمد بن إسحاق بن يسار المطلبي المدني,https://terminologyenc.com/ar/browse/term/41203,new_term,,,pending,not_verified
محمد بن إسماعيل الدُّرْزي,https://terminologyenc.com/ar/browse/term/41210,new_term,,,pending,not_verified
محمد بن إسماعيل بن إبراهيم البخاري,https://terminologyenc.com/ar/browse/term/41208,new_term,,,pending,not_verified
محمد بن إسماعيل بن صلاح بن محمد الصنعاني,https://terminologyenc.com/ar/browse/term/76321,new_term,,,pending,not_verified
محمد بن إسماعيل بن محمد ابن خلفون الأندلسي,https://terminologyenc.com/ar/browse/term/41212,new_term,,,pending,not_verified
محمد بن الأشعث بن عقبة الخزاعي,https://terminologyenc.com/ar/browse/term/41215,new_term,,,pending,not_verified
محمد بن الأشعث بن قيس الكندي,https://terminologyenc.com/ar/browse/term/41214,new_term,,,pending,not_verified
محمد بن الحسن الديلمي,https://terminologyenc.com/ar/browse/term/64740,new_term,,,pending,not_verified
محمد بن الحسن العسكري,https://terminologyenc.com/ar/browse/term/41242,new_term,,,pending,not_verified
محمد بن الحسن النصيري,https://terminologyenc.com/ar/browse/term/64739,new_term,,,pending,not_verified
محمد بن الحسن بن الهيثم,https://terminologyenc.com/ar/browse/term/41245,new_term,,,pending,not_verified
محمد بن الحسن بن دريد الأزدي,https://terminologyenc.com/ar/browse/term/41243,new_term,,,pending,not_verified
محمد بن الحسن بن علي العاملي,https://terminologyenc.com/ar/browse/term/64741,new_term,,,pending,not_verified
محمد بن الحسن بن علي بن عمر الإِسْنَوي,https://terminologyenc.com/ar/browse/term/41246,new_term,,,pending,not_verified
محمد بن الحسن بن فرقد,https://terminologyenc.com/ar/browse/term/41241,new_term,,,pending,not_verified
محمد بن الحسن بن فورك الأصبهاني,https://terminologyenc.com/ar/browse/term/64738,new_term,,,pending,not_verified
محمد بن الحسن بن محمد بن زياد,https://terminologyenc.com/ar/browse/term/41244,new_term,,,pending,not_verified
محمد بن الحسين بن عبد الله الآجري,https://terminologyenc.com/ar/browse/term/41248,new_term,,,pending,not_verified
محمد بن الحسين بن محمد بن الحسين,https://terminologyenc.com/ar/browse/term/41250,new_term,,,pending,not_verified
محمد بن الحسين بن محمد بن خلف,https://terminologyenc.com/ar/browse/term/41249,new_term,,,pending,not_verified
محمد بن الحسين بن موسى أو الحسن,https://terminologyenc.com/ar/browse/term/64742,new_term,,,pending,not_verified
محمد بن الصبَّاح، أبو جعفر المزني,https://terminologyenc.com/ar/browse/term/41263,new_term,,,pending,not_verified
محمد بن الطيب بن محمد بن جعفر,https://terminologyenc.com/ar/browse/term/41266,new_term,,,pending,not_verified
محمد بن العباس الخوارزمي,https://terminologyenc.com/ar/browse/term/41268,new_term,,,pending,not_verified
محمد بن القاسم بن شعبان,https://terminologyenc.com/ar/browse/term/41351,new_term,,,pending,not_verified
محمد بن القاسم بن محمد بن بشار ابن الأنباري,https://terminologyenc.com/ar/browse/term/41352,new_term,,,pending,not_verified
محمد بن المستنير بن أحمد,https://terminologyenc.com/ar/browse/term/65216,new_term,,,pending,not_verified
محمد بن النعمان الأحول,https://terminologyenc.com/ar/browse/term/41328,new_term,,,pending,not_verified
محمد بن الهذيل بن عبيد الله بن مكحول العلاف,https://terminologyenc.com/ar/browse/term/65219,new_term,,,pending,not_verified
محمد بن الوليد بن خلف الطرطوشي,https://terminologyenc.com/ar/browse/term/41674,new_term,,,pending,not_verified
محمد بن بشار بن عثمان بن داود,https://terminologyenc.com/ar/browse/term/41221,new_term,,,pending,not_verified
محمد بن بشير بن عمر الإبراهيمي,https://terminologyenc.com/ar/browse/term/41222,new_term,,,pending,not_verified
محمد بن جرير بن يزيد الطبري,https://terminologyenc.com/ar/browse/term/41231,new_term,,,pending,not_verified
محمد بن جعفر الصادق بن محمد الباقر,https://terminologyenc.com/ar/browse/term/41234,new_term,,,pending,not_verified
محمد بن جعفر بن أبي طالب,https://terminologyenc.com/ar/browse/term/41232,new_term,,,pending,not_verified
محمد بن جعفر بن إدريس الكتاني,https://terminologyenc.com/ar/browse/term/64737,new_term,,,pending,not_verified
محمد بن جعفر بن دُران الهذلي,https://terminologyenc.com/ar/browse/term/41233,new_term,,,pending,not_verified
محمد بن جميل زينو,https://terminologyenc.com/ar/browse/term/76277,new_term,,,pending,not_verified
محمد بن حاطب بن الحارث,https://terminologyenc.com/ar/browse/term/41237,new_term,,,pending,not_verified
محمد بن حبان بن أحمد بن حبان,https://terminologyenc.com/ar/browse/term/41238,new_term,,,pending,not_verified
محمد بن حبيب بن أمية بن عمرو,https://terminologyenc.com/ar/browse/term/41239,new_term,,,pending,not_verified
محمد بن حسين بن عمر بن عبد الله,https://terminologyenc.com/ar/browse/term/64745,new_term,,,pending,not_verified
محمد بن خلف بن حيان بن صدقة,https://terminologyenc.com/ar/browse/term/64747,new_term,,,pending,not_verified
محمد بن رسول بن عبد السيد البرزنجي,https://terminologyenc.com/ar/browse/term/64758,new_term,,,pending,not_verified
محمد بن زكريا الرازي,https://terminologyenc.com/ar/browse/term/41252,new_term,,,pending,not_verified
محمد بن سالم بن نصر الله بن سالم,https://terminologyenc.com/ar/browse/term/41254,new_term,,,pending,not_verified
محمد بن سعد بن منيع الزهري,https://terminologyenc.com/ar/browse/term/41255,new_term,,,pending,not_verified
محمد بن سعيد بن حماد البوصيري,https://terminologyenc.com/ar/browse/term/64750,new_term,,,pending,not_verified
محمد بن سلامة بن جعفر بن علي القضاعي,https://terminologyenc.com/ar/browse/term/41256,new_term,,,pending,not_verified
محمد بن سليمان بن داود الجزولي,https://terminologyenc.com/ar/browse/term/64752,new_term,,,pending,not_verified
محمد بن سليمان بن سعد الكافيجي,https://terminologyenc.com/ar/browse/term/64751,new_term,,,pending,not_verified
محمد بن سليمان بن عبد العزيز البسام,https://terminologyenc.com/ar/browse/term/69973,new_term,,,pending,not_verified
محمد بن سليمان بن محمد المعافري,https://terminologyenc.com/ar/browse/term/41258,new_term,,,pending,not_verified
محمد بن سماعة بن عبيد الله بن هلال,https://terminologyenc.com/ar/browse/term/41259,new_term,,,pending,not_verified
محمد بن سيرين البصري,https://terminologyenc.com/ar/browse/term/41260,new_term,,,pending,not_verified
محمد بن صالح العثيمين,https://terminologyenc.com/ar/browse/term/69975,new_term,,,pending,not_verified
محمد بن صالح الكرابيسي,https://terminologyenc.com/ar/browse/term/41262,new_term,,,pending,not_verified
محمد بن صفدر الحسيني,https://terminologyenc.com/ar/browse/term/41265,new_term,,,pending,not_verified
محمد بن عباد بن محمد بن إسماعيل,https://terminologyenc.com/ar/browse/term/41267,new_term,,,pending,not_verified
محمد بن عبد الباقي بن يوسف,https://terminologyenc.com/ar/browse/term/41269,new_term,,,pending,not_verified
محمد بن عبد الرحمن العريفي,https://terminologyenc.com/ar/browse/term/76249,new_term,,,pending,not_verified
محمد بن عبد الرحمن بن أبي ليلى الكوفي,https://terminologyenc.com/ar/browse/term/41273,new_term,,,pending,not_verified
محمد بن عبد الرحمن بن أحمد,https://terminologyenc.com/ar/browse/term/41277,new_term,,,pending,not_verified
محمد بن عبد الرحمن بن الحكم,https://terminologyenc.com/ar/browse/term/41272,new_term,,,pending,not_verified
محمد بن عبد الرحمن بن المغيرة المدني,https://terminologyenc.com/ar/browse/term/41271,new_term,,,pending,not_verified
محمد بن عبد الرحمن بن عبد العزيز,https://terminologyenc.com/ar/browse/term/41275,new_term,,,pending,not_verified
محمد بن عبد الرحمن بن عبيد الله,https://terminologyenc.com/ar/browse/term/41276,new_term,,,pending,not_verified
محمد بن عبد الرحمن بن علي بن أبي بكر,https://terminologyenc.com/ar/browse/term/41279,new_term,,,pending,not_verified
محمد بن عبد الرحمن بن محمد,https://terminologyenc.com/ar/browse/term/41274,new_term,,,pending,not_verified
محمد بن عبد الرحمن بن محمد ابن قاسم,https://terminologyenc.com/ar/browse/term/76323,new_term,,,pending,not_verified
محمد بن عبد الرحمن بن محمد السخاوي,https://terminologyenc.com/ar/browse/term/41278,new_term,,,pending,not_verified
محمد بن عبد الرحيم بن محمد,https://terminologyenc.com/ar/browse/term/64757,new_term,,,pending,not_verified
محمد بن عبد السلام سحنون بن سعيد,https://terminologyenc.com/ar/browse/term/41281,new_term,,,pending,not_verified
محمد بن عبد العزيز بن أبي القاسم,https://terminologyenc.com/ar/browse/term/41282,new_term,,,pending,not_verified
محمد بن عبد العزيز بن محمد,https://terminologyenc.com/ar/browse/term/41283,new_term,,,pending,not_verified
محمد بن عبد القادر بن عثمان بن عبد الرحمن,https://terminologyenc.com/ar/browse/term/41284,new_term,,,pending,not_verified
محمد بن عبد القوي بن بدران المرداوي,https://terminologyenc.com/ar/browse/term/41285,new_term,,,pending,not_verified
محمد بن عبد الكريم بن أحمد,https://terminologyenc.com/ar/browse/term/64760,new_term,,,pending,not_verified
محمد بن عبد اللطيف بن عبد الرحمن آل الشيخ,https://terminologyenc.com/ar/browse/term/41286,new_term,,,pending,not_verified
محمد بن عبد الله ( أبي بكر ) بن عثمان,https://terminologyenc.com/ar/browse/term/41288,new_term,,,pending,not_verified
محمد بن عبد الله ابن العربي المالكي,https://terminologyenc.com/ar/browse/term/41299,new_term,,,pending,not_verified
محمد بن عبد الله أبو جعفر الإسكافي,https://terminologyenc.com/ar/browse/term/41291,new_term,,,pending,not_verified
محمد بن عبد الله أبي بكر بن محمد,https://terminologyenc.com/ar/browse/term/41304,new_term,,,pending,not_verified
محمد بن عبد الله الحثيثي الصردفي,https://terminologyenc.com/ar/browse/term/41303,new_term,,,pending,not_verified
محمد بن عبد الله الصيرفي,https://terminologyenc.com/ar/browse/term/41292,new_term,,,pending,not_verified
محمد بن عبد الله المنصور بن محمد,https://terminologyenc.com/ar/browse/term/41290,new_term,,,pending,not_verified
محمد بن عبد الله بن أحمد ، أبو عبد الله,https://terminologyenc.com/ar/browse/term/64763,new_term,,,pending,not_verified
محمد بن عبد الله بن أحمد، الخطيب,https://terminologyenc.com/ar/browse/term/41307,new_term,,,pending,not_verified
محمد بن عبد الله بن الحسن بن الحسن,https://terminologyenc.com/ar/browse/term/41289,new_term,,,pending,not_verified
محمد بن عبد الله بن بهادر الزركشي,https://terminologyenc.com/ar/browse/term/41230,new_term,,,pending,not_verified
محمد بن عبد الله بن تومرت,https://terminologyenc.com/ar/browse/term/41298,new_term,,,pending,not_verified
محمد بن عبد الله بن حمدويه,https://terminologyenc.com/ar/browse/term/41296,new_term,,,pending,not_verified
محمد بن عبد الله بن سبط ابن رشيق,https://terminologyenc.com/ar/browse/term/57970,new_term,,,pending,not_verified
محمد بن عبد الله بن سعيد السلماني,https://terminologyenc.com/ar/browse/term/41301,new_term,,,pending,not_verified
محمد بن عبد الله بن صالح السحيم,https://terminologyenc.com/ar/browse/term/76283,new_term,,,pending,not_verified
محمد بن عبد الله بن عامر بن محمد,https://terminologyenc.com/ar/browse/term/41295,new_term,,,pending,not_verified
محمد بن عبد الله بن عبد الرحمن,https://terminologyenc.com/ar/browse/term/41305,new_term,,,pending,not_verified
محمد بن عبد الله بن عبد المطلب,https://terminologyenc.com/ar/browse/term/41287,new_term,,,pending,not_verified
محمد بن عبد الله بن عثمان القرشي,https://terminologyenc.com/ar/browse/term/64761,new_term,,,pending,not_verified
محمد بن عبد الله بن علي الخرشي,https://terminologyenc.com/ar/browse/term/64764,new_term,,,pending,not_verified
محمد بن عبد الله بن علي بن أحمد ابن المُسْتَكْفي,https://terminologyenc.com/ar/browse/term/41293,new_term,,,pending,not_verified
محمد بن عبد الله بن علي بن عثمان,https://terminologyenc.com/ar/browse/term/41309,new_term,,,pending,not_verified
محمد بن عبد الله بن عيسى بن أبي زمنين,https://terminologyenc.com/ar/browse/term/64762,new_term,,,pending,not_verified
محمد بن عبد الله بن مالك الطائي,https://terminologyenc.com/ar/browse/term/41300,new_term,,,pending,not_verified
محمد بن عبد الله بن محمد السبيل,https://terminologyenc.com/ar/browse/term/69977,new_term,,,pending,not_verified
محمد بن عبد الله بن محمد المخزومي,https://terminologyenc.com/ar/browse/term/41306,new_term,,,pending,not_verified
محمد بن عبد الله بن محمد بن إبراهيم ابن بَطُّوطَة,https://terminologyenc.com/ar/browse/term/41302,new_term,,,pending,not_verified
محمد بن عبد الله بن محمد بن زكريا,https://terminologyenc.com/ar/browse/term/41294,new_term,,,pending,not_verified
محمد بن عبد الله بن محمد بن فيروز,https://terminologyenc.com/ar/browse/term/64765,new_term,,,pending,not_verified
محمد بن عبد الله بن محمد بن مسلمة ابن الأفطس التُّجِيبي,https://terminologyenc.com/ar/browse/term/41297,new_term,,,pending,not_verified
محمد بن عبد الملك ابن المُقَدَّم,https://terminologyenc.com/ar/browse/term/41312,new_term,,,pending,not_verified
محمد بن عبد الملك بن أبان بن حمزة ابن الزيات,https://terminologyenc.com/ar/browse/term/41311,new_term,,,pending,not_verified
محمد بن عبد الهادي التتوي,https://terminologyenc.com/ar/browse/term/41314,new_term,,,pending,not_verified
محمد بن عبد الواحد بن أبي هاشم,https://terminologyenc.com/ar/browse/term/41315,new_term,,,pending,not_verified
محمد بن عبد الواحد بن أحمد,https://terminologyenc.com/ar/browse/term/41316,new_term,,,pending,not_verified
محمد بن عبد الواحد بن عبد الحميد ابن الهُمَام الحنفي,https://terminologyenc.com/ar/browse/term/41317,new_term,,,pending,not_verified
محمد بن عبد الوهاب بن سلام,https://terminologyenc.com/ar/browse/term/41318,new_term,,,pending,not_verified
محمد بن عبد الوهاب بن سليمان,https://terminologyenc.com/ar/browse/term/41319,new_term,,,pending,not_verified
محمد بن عبده بن حسن بن خير الله,https://terminologyenc.com/ar/browse/term/41313,new_term,,,pending,not_verified
محمد بن عبيد الله بن أحمد المسبحي,https://terminologyenc.com/ar/browse/term/41320,new_term,,,pending,not_verified
محمد بن عبيد الله بن الحسين,https://terminologyenc.com/ar/browse/term/64767,new_term,,,pending,not_verified
محمد بن عثمان بن يوسف بن أيوب,https://terminologyenc.com/ar/browse/term/41321,new_term,,,pending,not_verified
محمد بن عطاء الله بن محمد الرازي,https://terminologyenc.com/ar/browse/term/41323,new_term,,,pending,not_verified
محمد بن علي السنوس,https://terminologyenc.com/ar/browse/term/64774,new_term,,,pending,not_verified
محمد بن علي العرفج,https://terminologyenc.com/ar/browse/term/76247,new_term,,,pending,not_verified
محمد بن علي بن أبي طالب القرشي الهاشمي,https://terminologyenc.com/ar/browse/term/41325,new_term,,,pending,not_verified
محمد بن علي بن أحمد ابن اليونانية,https://terminologyenc.com/ar/browse/term/41337,new_term,,,pending,not_verified
محمد بن علي بن أحمد ابن طُولُون,https://terminologyenc.com/ar/browse/term/41338,new_term,,,pending,not_verified
محمد بن علي بن الحسن بن بشر,https://terminologyenc.com/ar/browse/term/41329,new_term,,,pending,not_verified
محمد بن علي بن الحسين بن علي بن أبي طالب,https://terminologyenc.com/ar/browse/term/41326,new_term,,,pending,not_verified
محمد بن علي بن الحسين بن موسى بن بابويه,https://terminologyenc.com/ar/browse/term/41330,new_term,,,pending,not_verified
محمد بن علي بن القاضي محمد,https://terminologyenc.com/ar/browse/term/64772,new_term,,,pending,not_verified
محمد بن علي بن عبد الله بن العباس,https://terminologyenc.com/ar/browse/term/41327,new_term,,,pending,not_verified
محمد بن علي بن عبد الواحد ابن الزَّمَلْكَاني,https://terminologyenc.com/ar/browse/term/41334,new_term,,,pending,not_verified
محمد بن علي بن عطية الحارثي,https://terminologyenc.com/ar/browse/term/64770,new_term,,,pending,not_verified
محمد بن علي بن عمر التميمي,https://terminologyenc.com/ar/browse/term/41331,new_term,,,pending,not_verified
محمد بن علي بن فضل بن عبد الله ابن المُحِبّ الطَّبَري,https://terminologyenc.com/ar/browse/term/64773,new_term,,,pending,not_verified
محمد بن علي بن محمد ابن عربي الطائي,https://terminologyenc.com/ar/browse/term/41332,new_term,,,pending,not_verified
محمد بن علي بن محمد الحصني,https://terminologyenc.com/ar/browse/term/41340,new_term,,,pending,not_verified
محمد بن علي بن محمد السمنودي,https://terminologyenc.com/ar/browse/term/41335,new_term,,,pending,not_verified
محمد بن علي بن محمد بن عبد الله,https://terminologyenc.com/ar/browse/term/41341,new_term,,,pending,not_verified
محمد بن علي بن محمد علان,https://terminologyenc.com/ar/browse/term/41339,new_term,,,pending,not_verified
محمد بن علي بن موسى بن جعفر,https://terminologyenc.com/ar/browse/term/64769,new_term,,,pending,not_verified
محمد بن علي بن يوسف,https://terminologyenc.com/ar/browse/term/41333,new_term,,,pending,not_verified
محمد بن عمر الزغواني,https://terminologyenc.com/ar/browse/term/69978,new_term,,,pending,not_verified
محمد بن عمر بن الحسن بن الحسين,https://terminologyenc.com/ar/browse/term/41344,new_term,,,pending,not_verified
محمد بن عمر بن محمد ابن رُشيد السبتي,https://terminologyenc.com/ar/browse/term/41346,new_term,,,pending,not_verified
محمد بن عمر بن مكي الشافعي,https://terminologyenc.com/ar/browse/term/41345,new_term,,,pending,not_verified
محمد بن عمر بن واقد السهمي,https://terminologyenc.com/ar/browse/term/41343,new_term,,,pending,not_verified
محمد بن عمران بن موسى ، أبو عبيد الله,https://terminologyenc.com/ar/browse/term/41347,new_term,,,pending,not_verified
محمد بن عيسى بن سورة الترمذي,https://terminologyenc.com/ar/browse/term/41348,new_term,,,pending,not_verified
محمد بن فرامرز بن علي,https://terminologyenc.com/ar/browse/term/41350,new_term,,,pending,not_verified
محمد بن قلاوون بن عبد الله الصالحي,https://terminologyenc.com/ar/browse/term/41353,new_term,,,pending,not_verified
محمد بن محمد الشريف,https://terminologyenc.com/ar/browse/term/65215,new_term,,,pending,not_verified
محمد بن محمد المختار بن أحمد الشنقيطي,https://terminologyenc.com/ar/browse/term/76246,new_term,,,pending,not_verified
محمد بن محمد أمين بن عمر,https://terminologyenc.com/ar/browse/term/41371,new_term,,,pending,not_verified
محمد بن محمد أمين بن محمد المهدي العباسي,https://terminologyenc.com/ar/browse/term/41372,new_term,,,pending,not_verified
محمد بن محمد بن أبي بكر بن فَرح,https://terminologyenc.com/ar/browse/term/40937,new_term,,,pending,not_verified
محمد بن محمد بن أحمد بن أبي بكر,https://terminologyenc.com/ar/browse/term/41362,new_term,,,pending,not_verified
محمد بن محمد بن أحمد بن إسحاق,https://terminologyenc.com/ar/browse/term/44819,new_term,,,pending,not_verified
محمد بن محمد بن الحسن,https://terminologyenc.com/ar/browse/term/41361,new_term,,,pending,not_verified
محمد بن محمد بن النعمان,https://terminologyenc.com/ar/browse/term/65210,new_term,,,pending,not_verified
محمد بن محمد بن حامد الجرجاوي,https://terminologyenc.com/ar/browse/term/41373,new_term,,,pending,not_verified
محمد بن محمد بن داود ابن آجروم الصِّنهاجي,https://terminologyenc.com/ar/browse/term/65212,new_term,,,pending,not_verified
محمد بن محمد بن طَرْخان الفارابي,https://terminologyenc.com/ar/browse/term/41355,new_term,,,pending,not_verified
محمد بن محمد بن عبد الرحمن الرعيني,https://terminologyenc.com/ar/browse/term/41369,new_term,,,pending,not_verified
محمد بن محمد بن عبد الرحمن بن أحمد البكري,https://terminologyenc.com/ar/browse/term/41368,new_term,,,pending,not_verified
محمد بن محمد بن عرفة الورغمي,https://terminologyenc.com/ar/browse/term/41364,new_term,,,pending,not_verified
محمد بن محمد بن علي العلقمي,https://terminologyenc.com/ar/browse/term/58059,new_term,,,pending,not_verified
محمد بن محمد بن عمر بن علي,https://terminologyenc.com/ar/browse/term/41374,new_term,,,pending,not_verified
محمد بن محمد بن محمد أبو الفضل ابن فَهْد,https://terminologyenc.com/ar/browse/term/65214,new_term,,,pending,not_verified
محمد بن محمد بن محمد النسفي,https://terminologyenc.com/ar/browse/term/65211,new_term,,,pending,not_verified
محمد بن محمد بن محمد بن الحسن بن نباتة,https://terminologyenc.com/ar/browse/term/65213,new_term,,,pending,not_verified
محمد بن محمد بن محمد بن الحسين بن الفراء,https://terminologyenc.com/ar/browse/term/41359,new_term,,,pending,not_verified
محمد بن محمد بن محمد بن عبد الرزاق,https://terminologyenc.com/ar/browse/term/41370,new_term,,,pending,not_verified
محمد بن محمد بن محمد بن علي ابن الجزري,https://terminologyenc.com/ar/browse/term/41366,new_term,,,pending,not_verified
محمد بن محمد بن محمد بن محمود ابن الشحنة الحلبي,https://terminologyenc.com/ar/browse/term/41367,new_term,,,pending,not_verified
محمد بن محمد بن محمود الماتريدي,https://terminologyenc.com/ar/browse/term/41354,new_term,,,pending,not_verified
محمد بن محمد بن محمود، أكمل الدين,https://terminologyenc.com/ar/browse/term/41363,new_term,,,pending,not_verified
محمد بن محمود بن الحسن بن هبة الله,https://terminologyenc.com/ar/browse/term/41375,new_term,,,pending,not_verified
محمد بن محمود رفعت,https://terminologyenc.com/ar/browse/term/41376,new_term,,,pending,not_verified
محمد بن مخلد بن جعفر,https://terminologyenc.com/ar/browse/term/41378,new_term,,,pending,not_verified
محمد بن مسلم بن عبد الله بن شهاب,https://terminologyenc.com/ar/browse/term/41379,new_term,,,pending,not_verified
محمد بن مَسْلَمة الأنصاري,https://terminologyenc.com/ar/browse/term/41380,new_term,,,pending,not_verified
محمد بن مصطفى بن محمد المراغي,https://terminologyenc.com/ar/browse/term/65217,new_term,,,pending,not_verified
محمد بن مفلح بن محمد المقدسي,https://terminologyenc.com/ar/browse/term/41381,new_term,,,pending,not_verified
محمد بن مكرم بن علي ابن منظور,https://terminologyenc.com/ar/browse/term/41382,new_term,,,pending,not_verified
محمد بن منصور بن محمد بن عبد الجبار السمعاني,https://terminologyenc.com/ar/browse/term/41383,new_term,,,pending,not_verified
محمد بن موسى الخوارزمي,https://terminologyenc.com/ar/browse/term/41384,new_term,,,pending,not_verified
محمد بن ناصر بن عبد الرحمن العبودي,https://terminologyenc.com/ar/browse/term/76336,new_term,,,pending,not_verified
محمد بن هارون بن محمد العباسي,https://terminologyenc.com/ar/browse/term/41671,new_term,,,pending,not_verified
محمد بن هبة الله بن ثابت البندنيجي,https://terminologyenc.com/ar/browse/term/41673,new_term,,,pending,not_verified
محمد بن وضاح,https://terminologyenc.com/ar/browse/term/65220,new_term,,,pending,not_verified
محمد بن يحيى بن أبي عمر الدراوردي,https://terminologyenc.com/ar/browse/term/41675,new_term,,,pending,not_verified
محمد بن يحيى بن باجة ابن الصائغ,https://terminologyenc.com/ar/browse/term/65221,new_term,,,pending,not_verified
محمد بن يحيى بن عبد الله الذهلي,https://terminologyenc.com/ar/browse/term/41676,new_term,,,pending,not_verified
محمد بن يزيد بن ماجه القزويني,https://terminologyenc.com/ar/browse/term/41677,new_term,,,pending,not_verified
محمد بن يعقوب الفيروزآبادي,https://terminologyenc.com/ar/browse/term/41679,new_term,,,pending,not_verified
محمد بن يعقوب بن إسحاق الكليني,https://terminologyenc.com/ar/browse/term/65222,new_term,,,pending,not_verified
محمد بن يعقوب بن يوسف الأصم,https://terminologyenc.com/ar/browse/term/41678,new_term,,,pending,not_verified
محمد بن يوسف الكرماني,https://terminologyenc.com/ar/browse/term/41682,new_term,,,pending,not_verified
محمد بن يوسف بن علي بن حيان,https://terminologyenc.com/ar/browse/term/41681,new_term,,,pending,not_verified
محمد بن يوسف بن عمر بن شعيب,https://terminologyenc.com/ar/browse/term/65223,new_term,,,pending,not_verified
محمد جبريل,https://terminologyenc.com/ar/browse/term/76340,new_term,,,pending,not_verified
محمد حسن الأودن,https://terminologyenc.com/ar/browse/term/69967,new_term,,,pending,not_verified
محمد حسنين بن محمد مخلوف,https://terminologyenc.com/ar/browse/term/41247,new_term,,,pending,not_verified
محمد حسين بن علي بن الرضا,https://terminologyenc.com/ar/browse/term/64743,new_term,,,pending,not_verified
محمد حسين هيكل,https://terminologyenc.com/ar/browse/term/64744,new_term,,,pending,not_verified
محمد حميد الله الحيدر آبادي,https://terminologyenc.com/ar/browse/term/69968,new_term,,,pending,not_verified
محمد خليل حسن هراس,https://terminologyenc.com/ar/browse/term/76298,new_term,,,pending,not_verified
محمد راغب بن محمود بن هاشم,https://terminologyenc.com/ar/browse/term/64748,new_term,,,pending,not_verified
محمد رشيد رضا,https://terminologyenc.com/ar/browse/term/41251,new_term,,,pending,not_verified
محمد رئيس الندوي بن سخاوت علي,https://terminologyenc.com/ar/browse/term/69970,new_term,,,pending,not_verified
محمد زاهد بن حسن بن علي الكوثري,https://terminologyenc.com/ar/browse/term/64749,new_term,,,pending,not_verified
محمد زكريا بن محمد يحيى الكاندهلوي,https://terminologyenc.com/ar/browse/term/69971,new_term,,,pending,not_verified
محمد زكي بن عمر داغستاني,https://terminologyenc.com/ar/browse/term/69972,new_term,,,pending,not_verified
محمد سليم بن محمد تقي الدين,https://terminologyenc.com/ar/browse/term/41257,new_term,,,pending,not_verified
محمد سليمان الأشقر,https://terminologyenc.com/ar/browse/term/76333,new_term,,,pending,not_verified
محمد سيد عطية طنطاوي,https://terminologyenc.com/ar/browse/term/69974,new_term,,,pending,not_verified
محمد شاكر بن أحمد بن عبد القادر,https://terminologyenc.com/ar/browse/term/41261,new_term,,,pending,not_verified
محمد صالح المنجد,https://terminologyenc.com/ar/browse/term/76237,new_term,,,pending,not_verified
محمد صديق المنشاوي,https://terminologyenc.com/ar/browse/term/76240,new_term,,,pending,not_verified
محمد صديق خان بن حسن بن علي,https://terminologyenc.com/ar/browse/term/41264,new_term,,,pending,not_verified
محمد عارف بن أحمد بن سعيد,https://terminologyenc.com/ar/browse/term/64754,new_term,,,pending,not_verified
محمد عبد الحي بن عبد الكبير الكتاني,https://terminologyenc.com/ar/browse/term/64755,new_term,,,pending,not_verified
محمد عبد الحي بن محمد عبد الحليم,https://terminologyenc.com/ar/browse/term/41270,new_term,,,pending,not_verified
محمد عبد الرؤوف بن تاج العارفين بن علي,https://terminologyenc.com/ar/browse/term/41280,new_term,,,pending,not_verified
محمد عبد العظيم الزرقاني,https://terminologyenc.com/ar/browse/term/64759,new_term,,,pending,not_verified
محمد عز الدين بن عبد القادر القسام,https://terminologyenc.com/ar/browse/term/41322,new_term,,,pending,not_verified
محمد علي باشا بن إبراهيم أغا,https://terminologyenc.com/ar/browse/term/41342,new_term,,,pending,not_verified
محمد علي بن محمد توفيق,https://terminologyenc.com/ar/browse/term/64775,new_term,,,pending,not_verified
محمد فؤاد بن عبد الباقي بن صالح,https://terminologyenc.com/ar/browse/term/64776,new_term,,,pending,not_verified
محمد متولي الشعراوي,https://terminologyenc.com/ar/browse/term/69980,new_term,,,pending,not_verified
محمد ناصر الدين الألباني,https://terminologyenc.com/ar/browse/term/69982,new_term,,,pending,not_verified
محمد نجيب إبراهيم أحمد بخيت المطيعي,https://terminologyenc.com/ar/browse/term/71445,new_term,,,pending,not_verified
محمدية,https://terminologyenc.com/ar/browse/term/64565,new_term,,,pending,not_verified
محمرة,https://terminologyenc.com/ar/browse/term/71829,new_term,,,pending,not_verified
محمود بن أحمد الزنجاني,https://terminologyenc.com/ar/browse/term/41684,new_term,,,pending,not_verified
محمود بن أحمد بن مازة المرغيناني,https://terminologyenc.com/ar/browse/term/41683,new_term,,,pending,not_verified
محمود بن أحمد بن محمود الطحان,https://terminologyenc.com/ar/browse/term/76335,new_term,,,pending,not_verified
محمود بن أحمد بن مسعود القُونوي,https://terminologyenc.com/ar/browse/term/65225,new_term,,,pending,not_verified
محمود بن أحمد بن موسى العيني,https://terminologyenc.com/ar/browse/term/41685,new_term,,,pending,not_verified
محمود بن زنكي بن آقسنقر,https://terminologyenc.com/ar/browse/term/41686,new_term,,,pending,not_verified
محمود بن سبكتكين الغزنوي,https://terminologyenc.com/ar/browse/term/41687,new_term,,,pending,not_verified
محمود بن عبد الله بن محمود الآلوسي,https://terminologyenc.com/ar/browse/term/65227,new_term,,,pending,not_verified
محمود بن عمر بن محمد الزمخشري,https://terminologyenc.com/ar/browse/term/41689,new_term,,,pending,not_verified
محمود بن محمد بن أحمد بن خطاب,https://terminologyenc.com/ar/browse/term/65228,new_term,,,pending,not_verified
محمود خليل الحصري,https://terminologyenc.com/ar/browse/term/76292,new_term,,,pending,not_verified
محمود شكري بن عبد الله الآلوسي,https://terminologyenc.com/ar/browse/term/65226,new_term,,,pending,not_verified
محمود عبد الحكم,https://terminologyenc.com/ar/browse/term/76347,new_term,,,pending,not_verified
محمود علي البنا,https://terminologyenc.com/ar/browse/term/76352,new_term,,,pending,not_verified
محمود محمد شلتوت,https://terminologyenc.com/ar/browse/term/41688,new_term,,,pending,not_verified
محيي الدين بن أحمد مصطفى درويش,https://terminologyenc.com/ar/browse/term/69984,new_term,,,pending,not_verified
مَخاضٌ,https://terminologyenc.com/ar/browse/term/6694,label_without_motion,1860,,pending,not_verified
مختارية,https://terminologyenc.com/ar/browse/term/71828,new_term,,,pending,not_verified
مُختَلِفُ الحَدِيثِ,https://terminologyenc.com/ar/browse/term/71842,new_term,,,pending,not_verified
مُخَضْرَمٌ,https://terminologyenc.com/ar/browse/term/71843,new_term,,,pending,not_verified
مُـخَنَّثٌ,https://terminologyenc.com/ar/browse/term/72500,new_term,,,pending,not_verified
مخيريق النضري,https://terminologyenc.com/ar/browse/term/41691,new_term,,,pending,not_verified
مَخِيلَةٌ,https://terminologyenc.com/ar/browse/term/6695,new_term,,,pending,not_verified
مداراة,https://terminologyenc.com/ar/browse/term/64566,new_term,,,pending,not_verified
مُداهَنَةٌ,https://terminologyenc.com/ar/browse/term/14887,new_term,,,pending,not_verified
مَدْحٌ,https://terminologyenc.com/ar/browse/term/6696,ambiguous_label,"5242,6214",5242,pending,not_verified
مَدَدٌ,https://terminologyenc.com/ar/browse/term/6697,new_term,,,pending,not_verified
مدرار بن اليسع بن أبي القاسم سمكو بن واسول,https://terminologyenc.com/ar/browse/term/41692,new_term,,,pending,not_verified
مَدْهُوشٌ,https://terminologyenc.com/ar/browse/term/6698,new_term,,,pending,not_verified
مَذْهَبٌ,https://terminologyenc.com/ar/browse/term/4069,ambiguous_label,"4108,11928","4108,11928",pending,not_verified
مَذْيٌ,https://terminologyenc.com/ar/browse/term/6699,new_term,,,pending,not_verified
مَرّ الظَّهْرَان,https://terminologyenc.com/ar/browse/term/76037,new_term,,,pending,not_verified
مُراجَعَةٌ,https://terminologyenc.com/ar/browse/term/6701,label_without_motion,5381,,pending,not_verified
مَرارَةٌ,https://terminologyenc.com/ar/browse/term/6700,label_without_motion,9256,,pending,not_verified
مُراعاةُ الخِلافِ,https://terminologyenc.com/ar/browse/term/6702,new_term,,,pending,not_verified
مُراقَبَةٌ,https://terminologyenc.com/ar/browse/term/7310,label_with_motion,11069,11069,pending,not_verified
مَرْأَةٌ,https://terminologyenc.com/ar/browse/term/844,label_without_motion,9252,,pending,not_verified
مُراهَقَةٌ,https://terminologyenc.com/ar/browse/term/7252,label_with_motion,5245,5245,pending,not_verified
مَرْبَد النَّعَم,https://terminologyenc.com/ar/browse/term/76038,new_term,,,pending,not_verified
مُرْتابَةٌ,https://terminologyenc.com/ar/browse/term/7179,new_term,,,pending,not_verified
مَرْتَبَةٌ,https://terminologyenc.com/ar/browse/term/7180,label_without_motion,4111,,pending,not_verified
مرثد بن عبد الله اليزني,https://terminologyenc.com/ar/browse/term/41693,new_term,,,pending,not_verified
مرثد بن كناز الغنوي,https://terminologyenc.com/ar/browse/term/41694,new_term,,,pending,not_verified
مَرْجُوحٌ,https://terminologyenc.com/ar/browse/term/7205,new_term,,,pending,not_verified
مرجئة,https://terminologyenc.com/ar/browse/term/14888,new_term,,,pending,not_verified
مَرْحَلَةٌ,https://terminologyenc.com/ar/browse/term/7319,label_without_motion,4113,,pending,not_verified
مرداس بن حدير بن عامر بن عبيد بن كعب,https://terminologyenc.com/ar/browse/term/41695,new_term,,,pending,not_verified
مَرْدُودٌ,https://terminologyenc.com/ar/browse/term/71867,new_term,,,pending,not_verified
مرشد بن علي بن مقلد بن نصر بن منقذ,https://terminologyenc.com/ar/browse/term/41696,new_term,,,pending,not_verified
مَرَضٌ,https://terminologyenc.com/ar/browse/term/7359,label_with_motion,1872,1872,pending,not_verified
مَرَضُ المَوْتِ,https://terminologyenc.com/ar/browse/term/7246,new_term,,,pending,not_verified
مُرْضِعٌ,https://terminologyenc.com/ar/browse/term/7172,new_term,,,pending,not_verified
مرعي بن يوسف بن أبي بكر الكرمي,https://terminologyenc.com/ar/browse/term/65229,new_term,,,pending,not_verified
مَرْقِيُوْنِيَّة,https://terminologyenc.com/ar/browse/term/71766,new_term,,,pending,not_verified
مَرْو,https://terminologyenc.com/ar/browse/term/76096,new_term,,,pending,not_verified
مُرُوءَةٌ,https://terminologyenc.com/ar/browse/term/7360,label_with_motion,5248,5248,pending,not_verified
مروان بن الحكم بن أبي العاص,https://terminologyenc.com/ar/browse/term/41697,new_term,,,pending,not_verified
مروان بن عبد الملك بن مروان,https://terminologyenc.com/ar/browse/term/41698,new_term,,,pending,not_verified
مروان بن محمد بن مروان بن الحكم,https://terminologyenc.com/ar/browse/term/41699,new_term,,,pending,not_verified
مُرُورٌ,https://terminologyenc.com/ar/browse/term/7170,new_term,,,pending,not_verified
مُرُوقٌ,https://terminologyenc.com/ar/browse/term/14889,new_term,,,pending,not_verified
مريد,https://terminologyenc.com/ar/browse/term/71767,new_term,,,pending,not_verified
مرِّيسِيَّة,https://terminologyenc.com/ar/browse/term/64567,new_term,,,pending,not_verified
مَرِيض,https://terminologyenc.com/ar/browse/term/36581,new_term,,,pending,not_verified
مُزاحٌ,https://terminologyenc.com/ar/browse/term/7361,label_without_motion,11077,,pending,not_verified
مُزاحَمَةٌ,https://terminologyenc.com/ar/browse/term/7206,new_term,,,pending,not_verified
مُزارَعَةٌ,https://terminologyenc.com/ar/browse/term/7173,new_term,,,pending,not_verified
مُزايَدَةٌ,https://terminologyenc.com/ar/browse/term/7207,new_term,,,pending,not_verified
مزدارية,https://terminologyenc.com/ar/browse/term/71768,new_term,,,pending,not_verified
مُزْدَلِفَةٌ,https://terminologyenc.com/ar/browse/term/7247,label_without_motion,4115,,pending,not_verified
مُزَفَّتٌ,https://terminologyenc.com/ar/browse/term/7305,new_term,,,pending,not_verified
مُزَكِّي,https://terminologyenc.com/ar/browse/term/7248,new_term,,,pending,not_verified
مِزْمارٌ,https://terminologyenc.com/ar/browse/term/7269,label_without_motion,5670,,pending,not_verified
مُسارَقَةٌ,https://terminologyenc.com/ar/browse/term/7292,new_term,,,pending,not_verified
مُسَاقَاةٌ,https://terminologyenc.com/ar/browse/term/6950,new_term,,,pending,not_verified
مُسَاكَنَةٌ,https://terminologyenc.com/ar/browse/term/6948,new_term,,,pending,not_verified
مُسَامَـَحَةٌ,https://terminologyenc.com/ar/browse/term/72429,label_without_motion,5250,,pending,not_verified
مَسانِيدُ,https://terminologyenc.com/ar/browse/term/71861,new_term,,,pending,not_verified
مُسَاوَاةٌ,https://terminologyenc.com/ar/browse/term/36578,label_without_motion,5252,,pending,not_verified
مُسَاوَمَةٌ,https://terminologyenc.com/ar/browse/term/6951,new_term,,,pending,not_verified
مسبوق,https://terminologyenc.com/ar/browse/term/6949,new_term,,,pending,not_verified
مستحيل,https://terminologyenc.com/ar/browse/term/11078,label_without_motion,5058,,pending,not_verified
مستحيل الوجود,https://terminologyenc.com/ar/browse/term/71882,new_term,,,pending,not_verified
مُسْتَدْرَكاتٌ,https://terminologyenc.com/ar/browse/term/71862,new_term,,,pending,not_verified
مَسْجِدٌ,https://terminologyenc.com/ar/browse/term/8984,label_with_motion,9281,9281,pending,not_verified
مَسْجِدُ إِبْرَاهِيمَ,https://terminologyenc.com/ar/browse/term/10469,new_term,,,pending,not_verified
مَسْجِد الضِّرَار,https://terminologyenc.com/ar/browse/term/75876,new_term,,,pending,not_verified
مَسْجِد بَنِي زُرَيْق,https://terminologyenc.com/ar/browse/term/76041,new_term,,,pending,not_verified
مَسْجِد ذِي الحُلَيْفَة,https://terminologyenc.com/ar/browse/term/76042,new_term,,,pending,not_verified
مسخية,https://terminologyenc.com/ar/browse/term/71769,new_term,,,pending,not_verified
مسدد بن مسرهد بن مسربل,https://terminologyenc.com/ar/browse/term/65230,new_term,,,pending,not_verified
مسروق بن الأجدع بن مالك الهمداني,https://terminologyenc.com/ar/browse/term/41702,new_term,,,pending,not_verified
مِسْطَح بن أثاثة بن عباد,https://terminologyenc.com/ar/browse/term/41703,new_term,,,pending,not_verified
مسعود بن أحمد بن مسعود الحارثي,https://terminologyenc.com/ar/browse/term/41704,new_term,,,pending,not_verified
مسعود بن عمر بن عبد الله التفتازاني,https://terminologyenc.com/ar/browse/term/65231,new_term,,,pending,not_verified
مسعود بن عمرو العتكي,https://terminologyenc.com/ar/browse/term/41705,new_term,,,pending,not_verified
مَسْكُوكٌ,https://terminologyenc.com/ar/browse/term/8985,new_term,,,pending,not_verified
مِسْكِينٌ,https://terminologyenc.com/ar/browse/term/8986,ambiguous_label,"11421,11969,12274",11969,pending,not_verified
مسلم بن أبي كريمة التميمي,https://terminologyenc.com/ar/browse/term/65232,new_term,,,pending,not_verified
مسلم بن الحجاج القشيري,https://terminologyenc.com/ar/browse/term/41707,new_term,,,pending,not_verified
مسلم بن خالد الزنجي,https://terminologyenc.com/ar/browse/term/41708,new_term,,,pending,not_verified
مسلم بن عقبة بن رباح المري,https://terminologyenc.com/ar/browse/term/41709,new_term,,,pending,not_verified
مسلم بن يسار البصري,https://terminologyenc.com/ar/browse/term/65233,new_term,,,pending,not_verified
مسلمة بن عبد الملك بن مروان,https://terminologyenc.com/ar/browse/term/41710,new_term,,,pending,not_verified
مُسَمَّى,https://terminologyenc.com/ar/browse/term/14890,label_without_motion,9752,,pending,not_verified
مَسْؤُولِيَّةٌ,https://terminologyenc.com/ar/browse/term/36575,label_with_motion,11091,11091,pending,not_verified
مَسِيلٌ,https://terminologyenc.com/ar/browse/term/8987,new_term,,,pending,not_verified
مسيلمة بن ثمامة,https://terminologyenc.com/ar/browse/term/41712,new_term,,,pending,not_verified
مشاري بن راشد بن غريب العفاسي,https://terminologyenc.com/ar/browse/term/76290,new_term,,,pending,not_verified
مشاري بن عبد الرحمن بن حسن آل سعود,https://terminologyenc.com/ar/browse/term/41713,new_term,,,pending,not_verified
مُشَافَهَةٌ,https://terminologyenc.com/ar/browse/term/8988,new_term,,,pending,not_verified
مشَّائية,https://terminologyenc.com/ar/browse/term/71770,new_term,,,pending,not_verified
مُشْتَرَكٌ لَفظيُّ,https://terminologyenc.com/ar/browse/term/14891,new_term,,,pending,not_verified
مُشْتَهاةٌ,https://terminologyenc.com/ar/browse/term/8989,new_term,,,pending,not_verified
مَشْرُوعِيَّةٌ,https://terminologyenc.com/ar/browse/term/8990,label_with_motion,11097,11097,pending,not_verified
مَشَقَّةٌ,https://terminologyenc.com/ar/browse/term/8991,label_with_motion,9754,9754,pending,not_verified
مشكانية,https://terminologyenc.com/ar/browse/term/14905,new_term,,,pending,not_verified
مُشَكِّكٌ,https://terminologyenc.com/ar/browse/term/75290,new_term,,,pending,not_verified
مُشْكِلٌ,https://terminologyenc.com/ar/browse/term/8992,new_term,,,pending,not_verified
مُشْكِلُ الحَدِيثِ,https://terminologyenc.com/ar/browse/term/71870,new_term,,,pending,not_verified
مَشْهُورٌ,https://terminologyenc.com/ar/browse/term/8993,label_with_motion,5288,5288,pending,not_verified
مَشْيٌ,https://terminologyenc.com/ar/browse/term/8994,label_with_motion,1895,1895,pending,not_verified
مَشِيمَةٌ,https://terminologyenc.com/ar/browse/term/8995,label_without_motion,1896,,pending,not_verified
مَشِيئَةٌ,https://terminologyenc.com/ar/browse/term/14892,new_term,,,pending,not_verified
مُصابَرَةٌ,https://terminologyenc.com/ar/browse/term/8997,new_term,,,pending,not_verified
مَصَاحِفُ التَّابِعِينَ,https://terminologyenc.com/ar/browse/term/14868,new_term,,,pending,not_verified
مَصَاحِفُ الصَّحَابَةِ,https://terminologyenc.com/ar/browse/term/14869,new_term,,,pending,not_verified
مُصادَرَةٌ,https://terminologyenc.com/ar/browse/term/8998,new_term,,,pending,not_verified
مُصارَحَةٌ,https://terminologyenc.com/ar/browse/term/16766,label_without_motion,11099,,pending,not_verified
مُصافَحَةٌ,https://terminologyenc.com/ar/browse/term/8999,label_without_motion,11100,,pending,not_verified
مَصَالِحُ,https://terminologyenc.com/ar/browse/term/75292,new_term,,,pending,not_verified
مُصاهَرَةٌ,https://terminologyenc.com/ar/browse/term/9000,label_without_motion,4119,,pending,not_verified
مُصْحَفٌ,https://terminologyenc.com/ar/browse/term/9001,label_with_motion,4120,4120,pending,not_verified
مُصَدِّقٌ,https://terminologyenc.com/ar/browse/term/9002,new_term,,,pending,not_verified
مِصْر,https://terminologyenc.com/ar/browse/term/75878,label_without_motion,10291,,pending,not_verified
مِصْرٌ,https://terminologyenc.com/ar/browse/term/9003,label_without_motion,10291,,pending,not_verified
مصطفى إسماعيل,https://terminologyenc.com/ar/browse/term/76328,new_term,,,pending,not_verified
مصطفى بن أحمد بن محمد الزرقا,https://terminologyenc.com/ar/browse/term/69985,new_term,,,pending,not_verified
مصطفى بن حسن بن أحمد عبد الرازق,https://terminologyenc.com/ar/browse/term/65234,new_term,,,pending,not_verified
مصطفى بن حسني السباعي,https://terminologyenc.com/ar/browse/term/65235,new_term,,,pending,not_verified
مصطفى بن صالح بن يوسف السقا,https://terminologyenc.com/ar/browse/term/69987,new_term,,,pending,not_verified
مصطفى بن عبد الله حاجي خليفة,https://terminologyenc.com/ar/browse/term/65237,new_term,,,pending,not_verified
مصطفى سعيد الخن,https://terminologyenc.com/ar/browse/term/69986,new_term,,,pending,not_verified
مصطفى صادق بن عبد الرزاق الرافعي,https://terminologyenc.com/ar/browse/term/65236,new_term,,,pending,not_verified
مصطفى لطفي بن محمد لطفي المنفلوطي,https://terminologyenc.com/ar/browse/term/65238,new_term,,,pending,not_verified
مصعب بن عبد الرحمن بن عوف الزهري,https://terminologyenc.com/ar/browse/term/41714,new_term,,,pending,not_verified
مصعب بن عمير بن هاشم,https://terminologyenc.com/ar/browse/term/41715,new_term,,,pending,not_verified
مُصَنَّفاتٌ,https://terminologyenc.com/ar/browse/term/71848,new_term,,,pending,not_verified
مُضاجَعَةٌ,https://terminologyenc.com/ar/browse/term/9004,new_term,,,pending,not_verified
مُضَارَبَةٌ,https://terminologyenc.com/ar/browse/term/7311,new_term,,,pending,not_verified
مُضْغَةٌ,https://terminologyenc.com/ar/browse/term/7312,new_term,,,pending,not_verified
مضمضة,https://terminologyenc.com/ar/browse/term/7313,label_without_motion,1506,,pending,not_verified
مَطَالِعُ,https://terminologyenc.com/ar/browse/term/6946,new_term,,,pending,not_verified
مطرف بن عبد الله بن الشخير,https://terminologyenc.com/ar/browse/term/41716,new_term,,,pending,not_verified
مطعم بن عدي بن نوفل,https://terminologyenc.com/ar/browse/term/41717,new_term,,,pending,not_verified
مَطْلٌ,https://terminologyenc.com/ar/browse/term/7314,new_term,,,pending,not_verified
مُطْلَقٌ,https://terminologyenc.com/ar/browse/term/7315,new_term,,,pending,not_verified
مُطْلَقُ الإيمانِ,https://terminologyenc.com/ar/browse/term/14943,new_term,,,pending,not_verified
مطهر بن طاهر المقدسي,https://terminologyenc.com/ar/browse/term/65239,new_term,,,pending,not_verified
مَظَالِمُ,https://terminologyenc.com/ar/browse/term/7316,new_term,,,pending,not_verified
مظفر بن محمد بن إسماعيل التبريزي,https://terminologyenc.com/ar/browse/term/41719,new_term,,,pending,not_verified
مَظِنّةٌ,https://terminologyenc.com/ar/browse/term/7317,new_term,,,pending,not_verified
مُظهر بن رافع بن عدي بن زيد,https://terminologyenc.com/ar/browse/term/41720,new_term,,,pending,not_verified
مَعَابِدُ,https://terminologyenc.com/ar/browse/term/7318,new_term,,,pending,not_verified
مُعَاتَبَة,https://terminologyenc.com/ar/browse/term/36574,new_term,,,pending,not_verified
مُعاداةٌ,https://terminologyenc.com/ar/browse/term/14893,new_term,,,pending,not_verified
مُعَادَّةٌ,https://terminologyenc.com/ar/browse/term/7320,new_term,,,pending,not_verified
معاذ بن جبل بن عمرو الأنصاري الخزرجي,https://terminologyenc.com/ar/browse/term/41721,new_term,,,pending,not_verified
معاذ بن عمرو بن الجموح,https://terminologyenc.com/ar/browse/term/41722,new_term,,,pending,not_verified
معاذ بن معاذ بن نصر بن حسان,https://terminologyenc.com/ar/browse/term/41723,new_term,,,pending,not_verified
معاذة بنت عبد الله العدوية,https://terminologyenc.com/ar/browse/term/41725,new_term,,,pending,not_verified
مُعَارَضَةٌ,https://terminologyenc.com/ar/browse/term/7321,new_term,,,pending,not_verified
مَعَازِفُ,https://terminologyenc.com/ar/browse/term/7322,new_term,,,pending,not_verified
مُعَامَلَةٌ,https://terminologyenc.com/ar/browse/term/72452,label_without_motion,11111,,pending,not_verified
معاندة,https://terminologyenc.com/ar/browse/term/36573,new_term,,,pending,not_verified
مُعَانَقَةٌ,https://terminologyenc.com/ar/browse/term/7323,new_term,,,pending,not_verified
مُعَاوَضَةٌ,https://terminologyenc.com/ar/browse/term/7324,new_term,,,pending,not_verified
معاوية بن أبي سفيان صخر بن حرب,https://terminologyenc.com/ar/browse/term/41727,new_term,,,pending,not_verified
معاوية بن خديج بن جفنة بن قنبر,https://terminologyenc.com/ar/browse/term/41726,new_term,,,pending,not_verified
معاوية بن يزيد بن معاوية بن أبي سفيان,https://terminologyenc.com/ar/browse/term/41728,new_term,,,pending,not_verified
مُعَايَاةٌ,https://terminologyenc.com/ar/browse/term/7325,new_term,,,pending,not_verified
معبد بن خالد الجهني,https://terminologyenc.com/ar/browse/term/41729,new_term,,,pending,not_verified
معبد بن عبد الله بن عُليم الجهني,https://terminologyenc.com/ar/browse/term/41730,new_term,,,pending,not_verified
معتب بن عوف بن عامر,https://terminologyenc.com/ar/browse/term/41731,new_term,,,pending,not_verified
معتزلة,https://terminologyenc.com/ar/browse/term/14894,new_term,,,pending,not_verified
معتمر بن سليمان بن طرخان,https://terminologyenc.com/ar/browse/term/41732,new_term,,,pending,not_verified
مُعْجِزَةٌ,https://terminologyenc.com/ar/browse/term/14895,ambiguous_label,"4134,11931",,pending,not_verified
معد بن إسماعيل بن محمد,https://terminologyenc.com/ar/browse/term/65240,new_term,,,pending,not_verified
معد بن علي بن منصور الفاطمي,https://terminologyenc.com/ar/browse/term/65241,new_term,,,pending,not_verified
مَعْدَن,https://terminologyenc.com/ar/browse/term/7326,new_term,,,pending,not_verified
مَعْدُوداتٌ,https://terminologyenc.com/ar/browse/term/7421,new_term,,,pending,not_verified
معدوم,https://terminologyenc.com/ar/browse/term/11132,ambiguous_label,"4135,10660",4135,pending,not_verified
مَعْدُومٌ,https://terminologyenc.com/ar/browse/term/7327,ambiguous_label,"4135,10660",4135,pending,not_verified
معراج,https://terminologyenc.com/ar/browse/term/11131,label_with_motion,4136,4136,pending,not_verified
مَعْرِفَةُ اللهِ تعالى,https://terminologyenc.com/ar/browse/term/38371,new_term,,,pending,not_verified
مَعْروفٌ,https://terminologyenc.com/ar/browse/term/1169,ambiguous_label,"1708,5288,9707","1708,5288",pending,not_verified
معروف بن فيروز الكرخي,https://terminologyenc.com/ar/browse/term/65242,new_term,,,pending,not_verified
مِعْصَمٌ,https://terminologyenc.com/ar/browse/term/7328,new_term,,,pending,not_verified
مَعْصِيَةٌ,https://terminologyenc.com/ar/browse/term/14897,ambiguous_label,"1507,12282",1507,pending,not_verified
معصيةٌ,https://terminologyenc.com/ar/browse/term/7329,ambiguous_label,"1507,12282",1507,pending,not_verified
مَعْفُوَّاتٌ,https://terminologyenc.com/ar/browse/term/7330,new_term,,,pending,not_verified
معقبات,https://terminologyenc.com/ar/browse/term/11136,new_term,,,pending,not_verified
معقل بن قيس ( أو عبد القيس ) الرياحي,https://terminologyenc.com/ar/browse/term/41733,new_term,,,pending,not_verified
معقل بن يسار بن عبد الله المزني,https://terminologyenc.com/ar/browse/term/41734,new_term,,,pending,not_verified
مُعَلٌّ,https://terminologyenc.com/ar/browse/term/71851,new_term,,,pending,not_verified
مُعَلَّمٌ,https://terminologyenc.com/ar/browse/term/7331,new_term,,,pending,not_verified
معمر بن راشد الأزدي,https://terminologyenc.com/ar/browse/term/41735,new_term,,,pending,not_verified
معن بن أوس بن نصر بن زياد,https://terminologyenc.com/ar/browse/term/41736,new_term,,,pending,not_verified
معن بن زائدة بن عبد الله بن مطر,https://terminologyenc.com/ar/browse/term/41737,new_term,,,pending,not_verified
معن بن يزيد بن الأخنس السُّلمي,https://terminologyenc.com/ar/browse/term/41738,new_term,,,pending,not_verified
معيقيب بن أبي فاطمة الدوسي,https://terminologyenc.com/ar/browse/term/41739,new_term,,,pending,not_verified
مُغَالاَةٌ,https://terminologyenc.com/ar/browse/term/7332,new_term,,,pending,not_verified
مغلطاي بن قليج بن عبد الله البكجري,https://terminologyenc.com/ar/browse/term/41740,new_term,,,pending,not_verified
مغيث,https://terminologyenc.com/ar/browse/term/10677,new_term,,,pending,not_verified
مغيث بن الحارث بن الحويرث بن جبلة,https://terminologyenc.com/ar/browse/term/41741,new_term,,,pending,not_verified
مغيرة بن عبد الرحمن بن الحارث بن عياش,https://terminologyenc.com/ar/browse/term/41746,new_term,,,pending,not_verified
مغيرية,https://terminologyenc.com/ar/browse/term/71832,new_term,,,pending,not_verified
مُفَاخَذَةٌ,https://terminologyenc.com/ar/browse/term/7333,new_term,,,pending,not_verified
مُفَارَقَةٌ,https://terminologyenc.com/ar/browse/term/7334,new_term,,,pending,not_verified
مَفْصِلٌ,https://terminologyenc.com/ar/browse/term/7335,ambiguous_label,"5262,12296",,pending,not_verified
مَفْقُودٌ,https://terminologyenc.com/ar/browse/term/7336,label_without_motion,10551,,pending,not_verified
مَفْهُومٌ,https://terminologyenc.com/ar/browse/term/7337,ambiguous_label,"10125,12058",10125,pending,not_verified
مُفَوِّضةٌ,https://terminologyenc.com/ar/browse/term/7338,new_term,,,pending,not_verified
مقاتل بن سليمان بن بشير,https://terminologyenc.com/ar/browse/term/65243,new_term,,,pending,not_verified
مَقَادِيرُ,https://terminologyenc.com/ar/browse/term/7339,new_term,,,pending,not_verified
مقارَبة,https://terminologyenc.com/ar/browse/term/71833,new_term,,,pending,not_verified
مُقَاسَمَةٌ,https://terminologyenc.com/ar/browse/term/7340,new_term,,,pending,not_verified
مَقَاصِدُ الشَّرِيعَةِ,https://terminologyenc.com/ar/browse/term/7342,new_term,,,pending,not_verified
مُقاصَّةٌ,https://terminologyenc.com/ar/browse/term/5867,new_term,,,pending,not_verified
مَقَايَضَةٌ,https://terminologyenc.com/ar/browse/term/7343,label_without_motion,12582,,pending,not_verified
مَقبَرَةٌ,https://terminologyenc.com/ar/browse/term/7344,ambiguous_label,"5981,11994",,pending,not_verified
مقبل بن هادي الوادعي,https://terminologyenc.com/ar/browse/term/69989,new_term,,,pending,not_verified
مُقْتَضٍ,https://terminologyenc.com/ar/browse/term/7346,new_term,,,pending,not_verified
مُقَدِّمَاتٌ,https://terminologyenc.com/ar/browse/term/7347,new_term,,,pending,not_verified
مقدمة,https://terminologyenc.com/ar/browse/term/14898,ambiguous_label,"10126,12059",,pending,not_verified
مَقْطوعٌ,https://terminologyenc.com/ar/browse/term/71852,label_without_motion,11222,,pending,not_verified
مُقَلِّدٌ,https://terminologyenc.com/ar/browse/term/75294,new_term,,,pending,not_verified
مَقْلُوبٌ,https://terminologyenc.com/ar/browse/term/71853,label_without_motion,10557,,pending,not_verified
مُقَيَّدٌ,https://terminologyenc.com/ar/browse/term/5895,label_without_motion,6201,,pending,not_verified
مقيس بن صبابة بن حزن بن يسار,https://terminologyenc.com/ar/browse/term/41750,new_term,,,pending,not_verified
مُكَابَرَةٌ,https://terminologyenc.com/ar/browse/term/7348,new_term,,,pending,not_verified
مُكاتَبَةٌ,https://terminologyenc.com/ar/browse/term/7045,new_term,,,pending,not_verified
مكاشفة,https://terminologyenc.com/ar/browse/term/14899,new_term,,,pending,not_verified
مُكَافَأَةٌ,https://terminologyenc.com/ar/browse/term/7350,label_without_motion,9340,,pending,not_verified
مكحول بن أبي مسلم شهراب بن شاذل,https://terminologyenc.com/ar/browse/term/41751,new_term,,,pending,not_verified
مَكْرُوهٌ,https://terminologyenc.com/ar/browse/term/7351,ambiguous_label,"965,12397",,pending,not_verified
مَكْسٌ,https://terminologyenc.com/ar/browse/term/6952,new_term,,,pending,not_verified
مُكَلَّفٌ,https://terminologyenc.com/ar/browse/term/75296,new_term,,,pending,not_verified
مَكَّة,https://terminologyenc.com/ar/browse/term/67729,new_term,,,pending,not_verified
مكي بن أبي طالب حموش بن محمد,https://terminologyenc.com/ar/browse/term/41752,new_term,,,pending,not_verified
مَلاءَةٌ,https://terminologyenc.com/ar/browse/term/6954,new_term,,,pending,not_verified
مُلازَمَةٌ,https://terminologyenc.com/ar/browse/term/6953,new_term,,,pending,not_verified
ملائكة,https://terminologyenc.com/ar/browse/term/11143,label_with_motion,1510,1510,pending,not_verified
مُلْتَـزَمٌ,https://terminologyenc.com/ar/browse/term/6958,label_with_motion,747,747,pending,not_verified
مِلْحٌ,https://terminologyenc.com/ar/browse/term/6959,new_term,,,pending,not_verified
ملحان بن زياد بن غطيف,https://terminologyenc.com/ar/browse/term/41753,new_term,,,pending,not_verified
مِلْطَاءٌ,https://terminologyenc.com/ar/browse/term/6960,new_term,,,pending,not_verified
مَلْفُوظٌ,https://terminologyenc.com/ar/browse/term/14901,new_term,,,pending,not_verified
مَلَل,https://terminologyenc.com/ar/browse/term/76097,label_without_motion,5266,,pending,not_verified
مِلَّةٌ,https://terminologyenc.com/ar/browse/term/14900,new_term,,,pending,not_verified
مُـمَاثَلَةٌ,https://terminologyenc.com/ar/browse/term/72515,new_term,,,pending,not_verified
مُـمَاكَسَةٌ,https://terminologyenc.com/ar/browse/term/6961,new_term,,,pending,not_verified
ممتنع,https://terminologyenc.com/ar/browse/term/11311,label_without_motion,5268,,pending,not_verified
مَـمْسُوحٌ,https://terminologyenc.com/ar/browse/term/6962,new_term,,,pending,not_verified
ممكن,https://terminologyenc.com/ar/browse/term/11312,new_term,,,pending,not_verified
مَنٌّ,https://terminologyenc.com/ar/browse/term/5067,label_with_motion,9355,9355,pending,not_verified
مُنَاسَبَةٌ,https://terminologyenc.com/ar/browse/term/6963,label_with_motion,11236,11236,pending,not_verified
مُنَاسَخَةٌ,https://terminologyenc.com/ar/browse/term/6964,new_term,,,pending,not_verified
مُنَاشَدَةٌ,https://terminologyenc.com/ar/browse/term/7352,new_term,,,pending,not_verified
مُنَاظَرَةٌ,https://terminologyenc.com/ar/browse/term/7353,new_term,,,pending,not_verified
مناع خليل القطان,https://terminologyenc.com/ar/browse/term/69990,new_term,,,pending,not_verified
مُنَاوَلَةٌ,https://terminologyenc.com/ar/browse/term/7354,new_term,,,pending,not_verified
مِنْبَرٌ,https://terminologyenc.com/ar/browse/term/6737,label_with_motion,4151,4151,pending,not_verified
مِنبَرِيَّة,https://terminologyenc.com/ar/browse/term/6937,new_term,,,pending,not_verified
مَنبُوذٌ,https://terminologyenc.com/ar/browse/term/7355,new_term,,,pending,not_verified
مُنتَقِلٌ,https://terminologyenc.com/ar/browse/term/7356,new_term,,,pending,not_verified
منذر بن يحيى التجيبي,https://terminologyenc.com/ar/browse/term/41755,new_term,,,pending,not_verified
مَنْسُوخٌ,https://terminologyenc.com/ar/browse/term/75297,new_term,,,pending,not_verified
منصور الآمر بأحكام الله بن أحمد,https://terminologyenc.com/ar/browse/term/41756,new_term,,,pending,not_verified
منصور بن الزبرقان بن سلمة,https://terminologyenc.com/ar/browse/term/41757,new_term,,,pending,not_verified
منصور بن الفضل بن أحمد العباسي,https://terminologyenc.com/ar/browse/term/41759,new_term,,,pending,not_verified
منصور بن محمد بن عبد الجبار السمعاني,https://terminologyenc.com/ar/browse/term/41761,new_term,,,pending,not_verified
منصور بن نصر بن الحسين الحراني,https://terminologyenc.com/ar/browse/term/41765,new_term,,,pending,not_verified
منصور بن يونس بن صلاح الدين البهوتي,https://terminologyenc.com/ar/browse/term/41766,new_term,,,pending,not_verified
منصورية,https://terminologyenc.com/ar/browse/term/14902,new_term,,,pending,not_verified
مَنَعَةٌ,https://terminologyenc.com/ar/browse/term/7357,new_term,,,pending,not_verified
مَنفَعَةٌ,https://terminologyenc.com/ar/browse/term/7073,new_term,,,pending,not_verified
مُنَقِّلَةٌ,https://terminologyenc.com/ar/browse/term/7074,label_without_motion,10565,,pending,not_verified
مَنقُولٌ,https://terminologyenc.com/ar/browse/term/7075,label_without_motion,9369,,pending,not_verified
مَنكِبٌ,https://terminologyenc.com/ar/browse/term/7076,label_without_motion,9370,,pending,not_verified
مُنكَرٌ,https://terminologyenc.com/ar/browse/term/7077,label_with_motion,4159,4159,pending,not_verified
منكر ونكير,https://terminologyenc.com/ar/browse/term/11314,label_without_motion,749,,pending,not_verified
مِنـًى,https://terminologyenc.com/ar/browse/term/6965,label_without_motion,4160,,pending,not_verified
مَنِيّ,https://terminologyenc.com/ar/browse/term/7078,label_without_motion,4160,,pending,not_verified
مِنًى,https://terminologyenc.com/ar/browse/term/76043,label_without_motion,4160,,pending,not_verified
مَنِيحَةٌ,https://terminologyenc.com/ar/browse/term/7079,new_term,,,pending,not_verified
مُهَايَأَةٌ,https://terminologyenc.com/ar/browse/term/7080,new_term,,,pending,not_verified
مهدية,https://terminologyenc.com/ar/browse/term/14903,new_term,,,pending,not_verified
مَهْرٌ,https://terminologyenc.com/ar/browse/term/7082,label_without_motion,6161,,pending,not_verified
مُهْلَةٌ,https://terminologyenc.com/ar/browse/term/7083,new_term,,,pending,not_verified
مُوَاثَبَةٌ,https://terminologyenc.com/ar/browse/term/6966,new_term,,,pending,not_verified
مُوَاسَاة,https://terminologyenc.com/ar/browse/term/36576,label_without_motion,4166,,pending,not_verified
مَوَاطِنُ الإِجَابَةِ,https://terminologyenc.com/ar/browse/term/7143,new_term,,,pending,not_verified
مَواقِيت,https://terminologyenc.com/ar/browse/term/1170,new_term,,,pending,not_verified
مواقيت,https://terminologyenc.com/ar/browse/term/7084,new_term,,,pending,not_verified
مواقيت,https://terminologyenc.com/ar/browse/term/8651,new_term,,,pending,not_verified
مُوَالاة,https://terminologyenc.com/ar/browse/term/36579,new_term,,,pending,not_verified
مُوَالَاةٌ,https://terminologyenc.com/ar/browse/term/7145,new_term,,,pending,not_verified
موانع التكفير,https://terminologyenc.com/ar/browse/term/64727,new_term,,,pending,not_verified
موبقات,https://terminologyenc.com/ar/browse/term/14904,new_term,,,pending,not_verified
مُؤْتَة,https://terminologyenc.com/ar/browse/term/76098,new_term,,,pending,not_verified
مؤرج بن عمرو بن الحارث,https://terminologyenc.com/ar/browse/term/41768,new_term,,,pending,not_verified
موسوية,https://terminologyenc.com/ar/browse/term/64733,new_term,,,pending,not_verified
موسى بن أحمد بن موسى الحجاوي,https://terminologyenc.com/ar/browse/term/41769,new_term,,,pending,not_verified
موسى بن جعفر بن محمد,https://terminologyenc.com/ar/browse/term/65244,new_term,,,pending,not_verified
موسى بن داود الضبي,https://terminologyenc.com/ar/browse/term/41770,new_term,,,pending,not_verified
موسى بن عبد الرحمن بن حبيب,https://terminologyenc.com/ar/browse/term/41771,new_term,,,pending,not_verified
موسى بن عبيد الله بن يحيى الخاقاني,https://terminologyenc.com/ar/browse/term/41772,new_term,,,pending,not_verified
موسى بن عقبة بن أبي عياش,https://terminologyenc.com/ar/browse/term/41773,new_term,,,pending,not_verified
موسى بن كعب بن عيينة التميمي,https://terminologyenc.com/ar/browse/term/41775,new_term,,,pending,not_verified
موسى بن محمد بن عبد الله العباسي,https://terminologyenc.com/ar/browse/term/41776,new_term,,,pending,not_verified
موسى بن ميمون بن عبيد الله,https://terminologyenc.com/ar/browse/term/65245,new_term,,,pending,not_verified
موسى بن نصير اللخمي,https://terminologyenc.com/ar/browse/term/41778,new_term,,,pending,not_verified
موسى بن هارون بن عبد الله البزاز,https://terminologyenc.com/ar/browse/term/41779,new_term,,,pending,not_verified
مُوضِحَةٌ,https://terminologyenc.com/ar/browse/term/7146,new_term,,,pending,not_verified
مَوْقُوذَةٌ,https://terminologyenc.com/ar/browse/term/7147,new_term,,,pending,not_verified
مَوْقُوفٌ,https://terminologyenc.com/ar/browse/term/7148,new_term,,,pending,not_verified
مَوْلُودٌ,https://terminologyenc.com/ar/browse/term/7149,label_without_motion,2144,,pending,not_verified
مَوْلَـى,https://terminologyenc.com/ar/browse/term/7151,new_term,,,pending,not_verified
مَوْلَـى العَتَاقَة,https://terminologyenc.com/ar/browse/term/7150,new_term,,,pending,not_verified
مُؤْنَةٌ,https://terminologyenc.com/ar/browse/term/7152,new_term,,,pending,not_verified
مِياهٌ,https://terminologyenc.com/ar/browse/term/4070,new_term,,,pending,not_verified
مُيَاوَمَةٌ,https://terminologyenc.com/ar/browse/term/7154,new_term,,,pending,not_verified
مَيِّتٌ,https://terminologyenc.com/ar/browse/term/5298,label_without_motion,2145,,pending,not_verified
مِيزَابٌ,https://terminologyenc.com/ar/browse/term/7155,new_term,,,pending,not_verified
مِيزَانٌ,https://terminologyenc.com/ar/browse/term/7165,ambiguous_label,"1799,9388",,pending,not_verified
مِيزانٌ - يحذف,https://terminologyenc.com/ar/browse/term/14906,new_term,,,pending,not_verified
مَيْسِرٌ,https://terminologyenc.com/ar/browse/term/7158,new_term,,,pending,not_verified
مَيْسَرَةٌ,https://terminologyenc.com/ar/browse/term/7159,new_term,,,pending,not_verified
ميسرة بن مسروق العبسي,https://terminologyenc.com/ar/browse/term/41780,new_term,,,pending,not_verified
ميمون بن قيس بن جندل,https://terminologyenc.com/ar/browse/term/65246,new_term,,,pending,not_verified
ميمون بن محمد بن محمد النسفي,https://terminologyenc.com/ar/browse/term/41781,new_term,,,pending,not_verified
ميمونة بنت الحارث الهلالية,https://terminologyenc.com/ar/browse/term/41782,new_term,,,pending,not_verified
ناجي بن إبراهيم العرفج,https://terminologyenc.com/ar/browse/term/76314,new_term,,,pending,not_verified
ناصر بن سليمان بن محمد العمر,https://terminologyenc.com/ar/browse/term/76271,new_term,,,pending,not_verified
ناصر بن عبد الكريم العلي العقل,https://terminologyenc.com/ar/browse/term/76296,new_term,,,pending,not_verified
نَاضٌّ,https://terminologyenc.com/ar/browse/term/7160,new_term,,,pending,not_verified
نَاظِرٌ,https://terminologyenc.com/ar/browse/term/7161,new_term,,,pending,not_verified
نافع بن الأزرق بن قيس الحنفي,https://terminologyenc.com/ar/browse/term/41784,new_term,,,pending,not_verified
نافع بن الأسود بن قطبة التميمي,https://terminologyenc.com/ar/browse/term/41785,new_term,,,pending,not_verified
نافع بن جبير بن مطعم,https://terminologyenc.com/ar/browse/term/41786,new_term,,,pending,not_verified
نافع بن ظريب بن عمرو بن نوفل,https://terminologyenc.com/ar/browse/term/41787,new_term,,,pending,not_verified
نافع بن عبد الحارث الخزاعي,https://terminologyenc.com/ar/browse/term/41788,new_term,,,pending,not_verified
نافع بن عبد الرحمن بن أبي نعيم,https://terminologyenc.com/ar/browse/term/65182,new_term,,,pending,not_verified
نافع مولى ابن عمر,https://terminologyenc.com/ar/browse/term/41789,new_term,,,pending,not_verified
نَـاقِصَةٌ,https://terminologyenc.com/ar/browse/term/7162,new_term,,,pending,not_verified
نَـائِحَةٌ,https://terminologyenc.com/ar/browse/term/7163,new_term,,,pending,not_verified
نايف بن عبد العزيز بن عبد الرحمن آل سعود,https://terminologyenc.com/ar/browse/term/69991,new_term,,,pending,not_verified
نائلة بنت الفرافِصة بن الأحوص,https://terminologyenc.com/ar/browse/term/41783,new_term,,,pending,not_verified
نباتة بن حنظلة الكلابي,https://terminologyenc.com/ar/browse/term/41790,new_term,,,pending,not_verified
نَبَّاشٌ,https://terminologyenc.com/ar/browse/term/7362,new_term,,,pending,not_verified
نَبْشٌ,https://terminologyenc.com/ar/browse/term/7363,new_term,,,pending,not_verified
نُبْلٌ,https://terminologyenc.com/ar/browse/term/36550,new_term,,,pending,not_verified
نَبَهْرَجَةٌ,https://terminologyenc.com/ar/browse/term/7364,new_term,,,pending,not_verified
نُبُوَّةٌ,https://terminologyenc.com/ar/browse/term/7365,new_term,,,pending,not_verified
نبي,https://terminologyenc.com/ar/browse/term/14907,label_with_motion,1514,1514,pending,not_verified
نَبِيذٌ,https://terminologyenc.com/ar/browse/term/7368,new_term,,,pending,not_verified
نَتْرٌ,https://terminologyenc.com/ar/browse/term/6704,new_term,,,pending,not_verified
نَتْفٌ,https://terminologyenc.com/ar/browse/term/6705,new_term,,,pending,not_verified
نتيجة,https://terminologyenc.com/ar/browse/term/14908,ambiguous_label,"10571,12301",,pending,not_verified
نِثارٌ,https://terminologyenc.com/ar/browse/term/6706,new_term,,,pending,not_verified
نجارية,https://terminologyenc.com/ar/browse/term/64732,new_term,,,pending,not_verified
نَجْد,https://terminologyenc.com/ar/browse/term/76044,new_term,,,pending,not_verified
نجدات,https://terminologyenc.com/ar/browse/term/64731,new_term,,,pending,not_verified
نجدة بن عامر بن عبد الله,https://terminologyenc.com/ar/browse/term/65183,new_term,,,pending,not_verified
نَجْرَان,https://terminologyenc.com/ar/browse/term/76045,label_without_motion,4539,,pending,not_verified
نَجْشٌ,https://terminologyenc.com/ar/browse/term/6707,new_term,,,pending,not_verified
نجم,https://terminologyenc.com/ar/browse/term/11317,label_without_motion,6030,,pending,not_verified
نجيب عبد اللطيف إبراهيم الكيلاني,https://terminologyenc.com/ar/browse/term/69992,new_term,,,pending,not_verified
نجيب محفوظ عبد العزيز,https://terminologyenc.com/ar/browse/term/69993,new_term,,,pending,not_verified
نُحاسٌ,https://terminologyenc.com/ar/browse/term/6708,label_without_motion,2155,,pending,not_verified
نَـحْرٌ,https://terminologyenc.com/ar/browse/term/6709,label_without_motion,4178,,pending,not_verified
نحلة,https://terminologyenc.com/ar/browse/term/14909,label_without_motion,5984,,pending,not_verified
نُخاعٌ,https://terminologyenc.com/ar/browse/term/6710,label_without_motion,2156,,pending,not_verified
نُخامَةٌ,https://terminologyenc.com/ar/browse/term/1183,new_term,,,pending,not_verified
نَخْل,https://terminologyenc.com/ar/browse/term/76046,new_term,,,pending,not_verified
نَخْلَة,https://terminologyenc.com/ar/browse/term/76047,label_without_motion,2158,,pending,not_verified
نِدٌّ,https://terminologyenc.com/ar/browse/term/14910,new_term,,,pending,not_verified
نداء,https://terminologyenc.com/ar/browse/term/14911,new_term,,,pending,not_verified
نَدْبٌ,https://terminologyenc.com/ar/browse/term/6711,new_term,,,pending,not_verified
نَدْرَةٌ,https://terminologyenc.com/ar/browse/term/6712,label_without_motion,4180,,pending,not_verified
نذر,https://terminologyenc.com/ar/browse/term/14912,new_term,,,pending,not_verified
نذر,https://terminologyenc.com/ar/browse/term/7086,new_term,,,pending,not_verified
نَرْدٌ,https://terminologyenc.com/ar/browse/term/6734,new_term,,,pending,not_verified
نزار بن معد بن علي,https://terminologyenc.com/ar/browse/term/65184,new_term,,,pending,not_verified
نزاهة,https://terminologyenc.com/ar/browse/term/72455,new_term,,,pending,not_verified
نُزُولٌ,https://terminologyenc.com/ar/browse/term/6714,label_with_motion,2159,2159,pending,not_verified
نَساءٌ,https://terminologyenc.com/ar/browse/term/6716,label_without_motion,12000,,pending,not_verified
نَسَبٌ,https://terminologyenc.com/ar/browse/term/1148,label_without_motion,10141,,pending,not_verified
نَسْخٌ,https://terminologyenc.com/ar/browse/term/6717,label_without_motion,9848,,pending,not_verified
نَسْلٌ,https://terminologyenc.com/ar/browse/term/6718,label_without_motion,4183,,pending,not_verified
نِسْيَانٌ,https://terminologyenc.com/ar/browse/term/75299,label_with_motion,11265,11265,pending,not_verified
نشرة,https://terminologyenc.com/ar/browse/term/14913,label_without_motion,11267,,pending,not_verified
نشوان بن سعيد الحميري,https://terminologyenc.com/ar/browse/term/65185,new_term,,,pending,not_verified
نُشُوز,https://terminologyenc.com/ar/browse/term/6719,label_without_motion,6165,,pending,not_verified
نَصٌّ,https://terminologyenc.com/ar/browse/term/75300,label_with_motion,9419,9419,pending,not_verified
نصاب,https://terminologyenc.com/ar/browse/term/4029,label_without_motion,11430,,pending,not_verified
نصر الله بن محمد بن محمد ابن الأثير الشيباني الجزري,https://terminologyenc.com/ar/browse/term/65218,new_term,,,pending,not_verified
نَصْرانِيَّةُ,https://terminologyenc.com/ar/browse/term/64730,new_term,,,pending,not_verified
نَصِيبٌ,https://terminologyenc.com/ar/browse/term/6720,label_without_motion,971,,pending,not_verified
نَصِيبِين,https://terminologyenc.com/ar/browse/term/76048,new_term,,,pending,not_verified
نَصِيْحَة,https://terminologyenc.com/ar/browse/term/36587,label_without_motion,11268,,pending,not_verified
نَصِيحَةٌ,https://terminologyenc.com/ar/browse/term/6721,label_without_motion,11268,,pending,not_verified
نصيرية,https://terminologyenc.com/ar/browse/term/64729,new_term,,,pending,not_verified
نَضْحٌ,https://terminologyenc.com/ar/browse/term/7087,new_term,,,pending,not_verified
نُطْفَةٌ,https://terminologyenc.com/ar/browse/term/6722,new_term,,,pending,not_verified
نُطْقٌ,https://terminologyenc.com/ar/browse/term/6723,new_term,,,pending,not_verified
نَـطِيحَةٌ,https://terminologyenc.com/ar/browse/term/6724,new_term,,,pending,not_verified
نظامٌ,https://terminologyenc.com/ar/browse/term/36594,new_term,,,pending,not_verified
نَظَّامية,https://terminologyenc.com/ar/browse/term/14484,new_term,,,pending,not_verified
نَظَرٌ,https://terminologyenc.com/ar/browse/term/6725,new_term,,,pending,not_verified
نَظِيرٌ,https://terminologyenc.com/ar/browse/term/14753,label_without_motion,10577,,pending,not_verified
نُعَاسٌ,https://terminologyenc.com/ar/browse/term/7090,label_without_motion,2167,,pending,not_verified
نعمان بن محمود بن عبد الله الآلوسي,https://terminologyenc.com/ar/browse/term/65187,new_term,,,pending,not_verified
نعمانية,https://terminologyenc.com/ar/browse/term/64728,new_term,,,pending,not_verified
نَعْيٌ,https://terminologyenc.com/ar/browse/term/5304,new_term,,,pending,not_verified
نعيم بن حماد بن معاوية الخزاعي,https://terminologyenc.com/ar/browse/term/41802,new_term,,,pending,not_verified
نعيم بن مسعود بن عامر الأشجعي,https://terminologyenc.com/ar/browse/term/41803,new_term,,,pending,not_verified
نَـفَاذٌ,https://terminologyenc.com/ar/browse/term/7369,label_without_motion,2168,,pending,not_verified
نِفاسٌ,https://terminologyenc.com/ar/browse/term/6749,label_without_motion,11270,,pending,not_verified
نفاق أصغر,https://terminologyenc.com/ar/browse/term/14754,new_term,,,pending,not_verified
نفاق أكبر اعتقادي,https://terminologyenc.com/ar/browse/term/64736,new_term,,,pending,not_verified
نَـفْخٌ,https://terminologyenc.com/ar/browse/term/7371,label_without_motion,2170,,pending,not_verified
نَـفْرٌ,https://terminologyenc.com/ar/browse/term/7372,new_term,,,pending,not_verified
نَفْسٌ,https://terminologyenc.com/ar/browse/term/36592,label_with_motion,11271,11271,pending,not_verified
نِفْطٌ,https://terminologyenc.com/ar/browse/term/7373,new_term,,,pending,not_verified
نَـفَقَةُ الزَّوجةِ,https://terminologyenc.com/ar/browse/term/7374,new_term,,,pending,not_verified
نَفْلٌ,https://terminologyenc.com/ar/browse/term/6195,new_term,,,pending,not_verified
نَـفْلٌ,https://terminologyenc.com/ar/browse/term/7375,new_term,,,pending,not_verified
نَـفْلٌ,https://terminologyenc.com/ar/browse/term/7376,new_term,,,pending,not_verified
نَفْيٌ,https://terminologyenc.com/ar/browse/term/14757,ambiguous_label,"9428,10763,12306,12462",9428,pending,not_verified
نِقَابٌ,https://terminologyenc.com/ar/browse/term/7378,label_without_motion,4675,,pending,not_verified
نَـقْدٌ,https://terminologyenc.com/ar/browse/term/7379,new_term,,,pending,not_verified
نُقْرَةٌ,https://terminologyenc.com/ar/browse/term/7380,new_term,,,pending,not_verified
نَـقْشٌ,https://terminologyenc.com/ar/browse/term/7381,label_without_motion,10143,,pending,not_verified
نقصان الإيمان,https://terminologyenc.com/ar/browse/term/11319,new_term,,,pending,not_verified
نَـقْضٌ,https://terminologyenc.com/ar/browse/term/7475,new_term,,,pending,not_verified
نَـقْضٌ,https://terminologyenc.com/ar/browse/term/7476,new_term,,,pending,not_verified
نَقْضُ العَهْدِ,https://terminologyenc.com/ar/browse/term/72428,label_without_motion,973,,pending,not_verified
نَقْطُ الـمُصْحَفِ,https://terminologyenc.com/ar/browse/term/14875,new_term,,,pending,not_verified
نقمة,https://terminologyenc.com/ar/browse/term/36593,label_without_motion,9431,,pending,not_verified
نُقُودٌ,https://terminologyenc.com/ar/browse/term/7098,ambiguous_label,"5851,10579",5851,pending,not_verified
نَقِيعٌ,https://terminologyenc.com/ar/browse/term/7099,new_term,,,pending,not_verified
نَقِيعَةٌ,https://terminologyenc.com/ar/browse/term/7100,new_term,,,pending,not_verified
نِكَاحٌ,https://terminologyenc.com/ar/browse/term/131,new_term,,,pending,not_verified
نكاح الشِغارٌ,https://terminologyenc.com/ar/browse/term/5706,label_without_motion,6167,,pending,not_verified
نِكَاحُ الشِّغَارِ,https://terminologyenc.com/ar/browse/term/7101,label_without_motion,6167,,pending,not_verified
نِكَاحٌ مَّنْهِيٌّ عَنْهُ,https://terminologyenc.com/ar/browse/term/7102,new_term,,,pending,not_verified
نَكْثٌ,https://terminologyenc.com/ar/browse/term/7103,new_term,,,pending,not_verified
نُكْرانُ الجَمِيلِ,https://terminologyenc.com/ar/browse/term/72482,new_term,,,pending,not_verified
نُكُولٌ,https://terminologyenc.com/ar/browse/term/7104,new_term,,,pending,not_verified
نَمَاءٌ,https://terminologyenc.com/ar/browse/term/7105,new_term,,,pending,not_verified
نَمْصٌ,https://terminologyenc.com/ar/browse/term/6197,label_without_motion,6169,,pending,not_verified
نَمِيمَةٌ,https://terminologyenc.com/ar/browse/term/7106,label_without_motion,11278,,pending,not_verified
نَهَارِيَّاتٌ,https://terminologyenc.com/ar/browse/term/7107,new_term,,,pending,not_verified
نَهْبٌ,https://terminologyenc.com/ar/browse/term/7108,new_term,,,pending,not_verified
نَهْرٌ,https://terminologyenc.com/ar/browse/term/7109,label_without_motion,5990,,pending,not_verified
نهشل بن حري بن ضمرة,https://terminologyenc.com/ar/browse/term/41808,new_term,,,pending,not_verified
نَهْيٌ,https://terminologyenc.com/ar/browse/term/7110,label_with_motion,11280,11280,pending,not_verified
نواصب,https://terminologyenc.com/ar/browse/term/64735,new_term,,,pending,not_verified
نَوَائِبُ,https://terminologyenc.com/ar/browse/term/7111,new_term,,,pending,not_verified
نَوْعٌ,https://terminologyenc.com/ar/browse/term/7112,label_with_motion,2262,2262,pending,not_verified
نَوْمٌ,https://terminologyenc.com/ar/browse/term/5192,label_without_motion,2175,,pending,not_verified
نِيَابَةٌ,https://terminologyenc.com/ar/browse/term/7113,new_term,,,pending,not_verified
نِيَاحَةٌ,https://terminologyenc.com/ar/browse/term/7114,new_term,,,pending,not_verified
نِيَّـةٌ,https://terminologyenc.com/ar/browse/term/6880,label_without_motion,4187,,pending,not_verified
هادي,https://terminologyenc.com/ar/browse/term/7115,label_without_motion,11311,,pending,not_verified
هاروت وماروت,https://terminologyenc.com/ar/browse/term/11323,label_without_motion,755,,pending,not_verified
هارون الرشيد بن محمد بن منصور العباسي,https://terminologyenc.com/ar/browse/term/41811,new_term,,,pending,not_verified
هارون بن حاتم التميمي,https://terminologyenc.com/ar/browse/term/41809,new_term,,,pending,not_verified
هارون بن محمد بن هارون الرشيد,https://terminologyenc.com/ar/browse/term/41812,new_term,,,pending,not_verified
هاري سانت جون فلبي أو الحاج عبد الله فلبي,https://terminologyenc.com/ar/browse/term/65188,new_term,,,pending,not_verified
هاشم بن سعيد بن علي النعمي,https://terminologyenc.com/ar/browse/term/69994,new_term,,,pending,not_verified
هاشمية,https://terminologyenc.com/ar/browse/term/64734,new_term,,,pending,not_verified
هامة,https://terminologyenc.com/ar/browse/term/64777,new_term,,,pending,not_verified
هبار بن الأسود بن المطلب,https://terminologyenc.com/ar/browse/term/41813,new_term,,,pending,not_verified
هِبَةٌ,https://terminologyenc.com/ar/browse/term/7118,new_term,,,pending,not_verified
هبة الله بن الحسن بن منصور اللالكائي,https://terminologyenc.com/ar/browse/term/41814,new_term,,,pending,not_verified
هبة الله بن علي بن ملكا البلدي الطبيب,https://terminologyenc.com/ar/browse/term/65189,new_term,,,pending,not_verified
هبة الله بن موسى بن داود الشيرازي,https://terminologyenc.com/ar/browse/term/65190,new_term,,,pending,not_verified
هبوط,https://terminologyenc.com/ar/browse/term/11324,ambiguous_label,"2159,9448","2159,9448",pending,not_verified
هجاء,https://terminologyenc.com/ar/browse/term/6839,label_without_motion,9778,,pending,not_verified
هجر,https://terminologyenc.com/ar/browse/term/36591,label_without_motion,9449,,pending,not_verified
هَجَر,https://terminologyenc.com/ar/browse/term/76049,label_without_motion,9449,,pending,not_verified
هجر القرآن,https://terminologyenc.com/ar/browse/term/72462,label_without_motion,974,,pending,not_verified
هِجْرَةٌ,https://terminologyenc.com/ar/browse/term/36590,label_with_motion,4188,4188,pending,not_verified
هدبة بن خشرم بن كرز العذري,https://terminologyenc.com/ar/browse/term/41815,new_term,,,pending,not_verified
هدنة,https://terminologyenc.com/ar/browse/term/64783,label_without_motion,4189,,pending,not_verified
هُدى,https://terminologyenc.com/ar/browse/term/36589,new_term,,,pending,not_verified
هدي,https://terminologyenc.com/ar/browse/term/64779,new_term,,,pending,not_verified
هذيلية,https://terminologyenc.com/ar/browse/term/64782,new_term,,,pending,not_verified
هِرٌّ,https://terminologyenc.com/ar/browse/term/7758,new_term,,,pending,not_verified
هرم بن حيان العبدي,https://terminologyenc.com/ar/browse/term/41817,new_term,,,pending,not_verified
هرولة,https://terminologyenc.com/ar/browse/term/14756,label_without_motion,11285,,pending,not_verified
هَزْلٌ,https://terminologyenc.com/ar/browse/term/7759,label_without_motion,5282,,pending,not_verified
هشام بن الحكم بن عبد الرحمن الناصر,https://terminologyenc.com/ar/browse/term/41818,new_term,,,pending,not_verified
هشام بن العاص بن وائل السهمي,https://terminologyenc.com/ar/browse/term/41820,new_term,,,pending,not_verified
هشام بن حكيم بن حزام,https://terminologyenc.com/ar/browse/term/41819,new_term,,,pending,not_verified
هشام بن سليمان بن عبد الرحمن الناصر,https://terminologyenc.com/ar/browse/term/41821,new_term,,,pending,not_verified
هشام بن عبد الرحمن الداخل بن معاوية,https://terminologyenc.com/ar/browse/term/41822,new_term,,,pending,not_verified
هشام بن عبد الملك بن مروان,https://terminologyenc.com/ar/browse/term/41823,new_term,,,pending,not_verified
هشام بن عروة بن الزبير بن العوام,https://terminologyenc.com/ar/browse/term/41825,new_term,,,pending,not_verified
هشام بن محمد بن السائب بن بشر الكلبي,https://terminologyenc.com/ar/browse/term/41826,new_term,,,pending,not_verified
هشام بن محمد بن عبد الملك بن عبد الرحمن الناصر,https://terminologyenc.com/ar/browse/term/41827,new_term,,,pending,not_verified
هشامية,https://terminologyenc.com/ar/browse/term/64781,new_term,,,pending,not_verified
هشيم بن بشير بن قاسم بن دينار,https://terminologyenc.com/ar/browse/term/41828,new_term,,,pending,not_verified
هَلَاكٌ,https://terminologyenc.com/ar/browse/term/7760,new_term,,,pending,not_verified
هِلَالٌ,https://terminologyenc.com/ar/browse/term/7761,ambiguous_label,"1781,12308,12463",,pending,not_verified
هلال بن أحوز بن أربد المازني,https://terminologyenc.com/ar/browse/term/41829,new_term,,,pending,not_verified
هلال بن يحيى بن مسلم البصري,https://terminologyenc.com/ar/browse/term/41830,new_term,,,pending,not_verified
هَمٌّ,https://terminologyenc.com/ar/browse/term/7616,label_with_motion,9463,9463,pending,not_verified
همَّام بن غالب بن صعصعة التميمي,https://terminologyenc.com/ar/browse/term/41831,new_term,,,pending,not_verified
همَّام بن قبيصة بن مسعود بن عمير,https://terminologyenc.com/ar/browse/term/41832,new_term,,,pending,not_verified
هَمَّام بن مُنَبَّه بن كامل,https://terminologyenc.com/ar/browse/term/41833,new_term,,,pending,not_verified
هِـمْيَانٌ,https://terminologyenc.com/ar/browse/term/7762,new_term,,,pending,not_verified
هناد بن السري بن مصعب التميمي,https://terminologyenc.com/ar/browse/term/65191,new_term,,,pending,not_verified
هند بن حارثة الأسلمي,https://terminologyenc.com/ar/browse/term/41835,new_term,,,pending,not_verified
هند بنت أثاثة بن عباد بن المطلب,https://terminologyenc.com/ar/browse/term/41834,new_term,,,pending,not_verified
هند بنت عتبة بن ربيعة,https://terminologyenc.com/ar/browse/term/41837,new_term,,,pending,not_verified
هِنْدُوسِيَّةُ,https://terminologyenc.com/ar/browse/term/14758,new_term,,,pending,not_verified
هَوَاءٌ,https://terminologyenc.com/ar/browse/term/7763,label_without_motion,2183,,pending,not_verified
هَوَامٌّ,https://terminologyenc.com/ar/browse/term/6726,new_term,,,pending,not_verified
هود بن شالخ بن أرفحشذ بن سام بن نوح,https://terminologyenc.com/ar/browse/term/41838,new_term,,,pending,not_verified
هوذة بن علي بن ثمامة بن عمرو,https://terminologyenc.com/ar/browse/term/41839,new_term,,,pending,not_verified
هَوَى,https://terminologyenc.com/ar/browse/term/36588,new_term,,,pending,not_verified
هَوَى,https://terminologyenc.com/ar/browse/term/6727,new_term,,,pending,not_verified
هيولة,https://terminologyenc.com/ar/browse/term/64780,new_term,,,pending,not_verified
هَيُولَى,https://terminologyenc.com/ar/browse/term/14914,new_term,,,pending,not_verified
هَيْئَةٌ,https://terminologyenc.com/ar/browse/term/6728,new_term,,,pending,not_verified
وَاجِبٌ,https://terminologyenc.com/ar/browse/term/6729,label_with_motion,976,976,pending,not_verified
واحد بالنوع,https://terminologyenc.com/ar/browse/term/14916,new_term,,,pending,not_verified
وَادِي الْأَزْرَق,https://terminologyenc.com/ar/browse/term/76099,new_term,,,pending,not_verified
وَادِي العَقِيق,https://terminologyenc.com/ar/browse/term/76050,new_term,,,pending,not_verified
وَادِي مُحَسِّرٍ,https://terminologyenc.com/ar/browse/term/6730,new_term,,,pending,not_verified
وَاسِط,https://terminologyenc.com/ar/browse/term/76100,new_term,,,pending,not_verified
واصل بن عطاء الغزَّال,https://terminologyenc.com/ar/browse/term/41844,new_term,,,pending,not_verified
وَاصِلَةٌ,https://terminologyenc.com/ar/browse/term/6732,new_term,,,pending,not_verified
واصلية,https://terminologyenc.com/ar/browse/term/14917,new_term,,,pending,not_verified
واقد بن عبد اللّه الحنظلي,https://terminologyenc.com/ar/browse/term/41843,new_term,,,pending,not_verified
واقعة,https://terminologyenc.com/ar/browse/term/11328,label_with_motion,2186,2186,pending,not_verified
وائل بن حُجْر الحضرمي,https://terminologyenc.com/ar/browse/term/41842,new_term,,,pending,not_verified
وَبَرٌ,https://terminologyenc.com/ar/browse/term/21,label_without_motion,6015,,pending,not_verified
وثن,https://terminologyenc.com/ar/browse/term/64778,new_term,,,pending,not_verified
وَثَنِيٌّ,https://terminologyenc.com/ar/browse/term/7120,new_term,,,pending,not_verified
وَثِيقَةٌ,https://terminologyenc.com/ar/browse/term/7121,label_without_motion,9783,,pending,not_verified
وَجْهٌ,https://terminologyenc.com/ar/browse/term/1185,label_without_motion,5601,,pending,not_verified
وُجُوبٌ,https://terminologyenc.com/ar/browse/term/7122,new_term,,,pending,not_verified
وجود,https://terminologyenc.com/ar/browse/term/11332,new_term,,,pending,not_verified
وجودية,https://terminologyenc.com/ar/browse/term/14918,new_term,,,pending,not_verified
وحدة الوجود,https://terminologyenc.com/ar/browse/term/11333,new_term,,,pending,not_verified
وحشي بن حرب الحبشي,https://terminologyenc.com/ar/browse/term/41845,new_term,,,pending,not_verified
وحيد بن عبد السلام بالي,https://terminologyenc.com/ar/browse/term/76284,new_term,,,pending,not_verified
وَدَاعٌ,https://terminologyenc.com/ar/browse/term/7124,label_without_motion,4199,,pending,not_verified
وَدَّان,https://terminologyenc.com/ar/browse/term/76051,new_term,,,pending,not_verified
وَدْيٌ,https://terminologyenc.com/ar/browse/term/7764,new_term,,,pending,not_verified
وَدِيعَةٌ,https://terminologyenc.com/ar/browse/term/7125,new_term,,,pending,not_verified
وِرْدٌ,https://terminologyenc.com/ar/browse/term/7126,new_term,,,pending,not_verified
وردان بن مجالد بن علفة بن القريش,https://terminologyenc.com/ar/browse/term/41846,new_term,,,pending,not_verified
وَرَعٌ,https://terminologyenc.com/ar/browse/term/7127,new_term,,,pending,not_verified
ورقة بن نوفل بن أسد,https://terminologyenc.com/ar/browse/term/41847,new_term,,,pending,not_verified
وَرِكٌ,https://terminologyenc.com/ar/browse/term/22,new_term,,,pending,not_verified
وِزَارَةٌ,https://terminologyenc.com/ar/browse/term/7128,label_without_motion,9489,,pending,not_verified
وَزْنٌ,https://terminologyenc.com/ar/browse/term/4083,label_without_motion,2191,,pending,not_verified
وَزْنِيٌّ,https://terminologyenc.com/ar/browse/term/7129,new_term,,,pending,not_verified
وَسَطٌ,https://terminologyenc.com/ar/browse/term/7130,label_without_motion,11296,,pending,not_verified
وسطية,https://terminologyenc.com/ar/browse/term/14919,new_term,,,pending,not_verified
وَسْمٌ,https://terminologyenc.com/ar/browse/term/7131,new_term,,,pending,not_verified
وَسْوَسَةٌ,https://terminologyenc.com/ar/browse/term/1118,new_term,,,pending,not_verified
وسيلة,https://terminologyenc.com/ar/browse/term/64785,label_without_motion,11297,,pending,not_verified
وِشَاحٌ,https://terminologyenc.com/ar/browse/term/11419,label_without_motion,11298,,pending,not_verified
وَشْمٌ,https://terminologyenc.com/ar/browse/term/7132,new_term,,,pending,not_verified
وِصَالٌ,https://terminologyenc.com/ar/browse/term/7133,new_term,,,pending,not_verified
وِصَايَةٌ,https://terminologyenc.com/ar/browse/term/7134,new_term,,,pending,not_verified
وَصَبٌ,https://terminologyenc.com/ar/browse/term/11335,new_term,,,pending,not_verified
وصف,https://terminologyenc.com/ar/browse/term/11336,label_with_motion,2193,2193,pending,not_verified
وَصْفُ الطَّلاقِ,https://terminologyenc.com/ar/browse/term/7135,new_term,,,pending,not_verified
وَصْلٌ,https://terminologyenc.com/ar/browse/term/7765,label_with_motion,11300,11300,pending,not_verified
وَصِيٌّ,https://terminologyenc.com/ar/browse/term/7766,new_term,,,pending,not_verified
وَصِيَّةٌ,https://terminologyenc.com/ar/browse/term/7767,ambiguous_label,"978,12403",978,pending,not_verified
وَضْعُ اليَدِ,https://terminologyenc.com/ar/browse/term/7768,new_term,,,pending,not_verified
وُضوءٌ,https://terminologyenc.com/ar/browse/term/6733,label_without_motion,1519,,pending,not_verified
وُضوءٌ مُجَدَّدٌ,https://terminologyenc.com/ar/browse/term/1186,new_term,,,pending,not_verified
وُضوءٌ مَنْدوبٌ,https://terminologyenc.com/ar/browse/term/1187,new_term,,,pending,not_verified
وَضِيعَةٌ,https://terminologyenc.com/ar/browse/term/7769,new_term,,,pending,not_verified
وَضِيمَةٌ,https://terminologyenc.com/ar/browse/term/7770,new_term,,,pending,not_verified
وَطْءٌ,https://terminologyenc.com/ar/browse/term/7771,new_term,,,pending,not_verified
وَطَنٌ,https://terminologyenc.com/ar/browse/term/7772,label_without_motion,9493,,pending,not_verified
وعد,https://terminologyenc.com/ar/browse/term/64784,label_with_motion,9495,9495,pending,not_verified
وعد ووعيد,https://terminologyenc.com/ar/browse/term/11337,new_term,,,pending,not_verified
وَعْظٌ,https://terminologyenc.com/ar/browse/term/36600,label_with_motion,1520,1520,pending,not_verified
وعيد,https://terminologyenc.com/ar/browse/term/64789,label_with_motion,979,979,pending,not_verified
وَفاءٌ,https://terminologyenc.com/ar/browse/term/36604,label_with_motion,11303,11303,pending,not_verified
وقار,https://terminologyenc.com/ar/browse/term/72454,new_term,,,pending,not_verified
وِقايَةٌ,https://terminologyenc.com/ar/browse/term/36603,label_without_motion,2194,,pending,not_verified
وَقْتٌ,https://terminologyenc.com/ar/browse/term/7773,label_with_motion,10317,10317,pending,not_verified
وكيع بن الجراح بن مليح الرؤاسي,https://terminologyenc.com/ar/browse/term/41848,new_term,,,pending,not_verified
وَلاءٌ,https://terminologyenc.com/ar/browse/term/7139,new_term,,,pending,not_verified
ولاية,https://terminologyenc.com/ar/browse/term/64788,new_term,,,pending,not_verified
وِلايَةُ,https://terminologyenc.com/ar/browse/term/7142,new_term,,,pending,not_verified
وِلايَةُ الْعَهْدِ,https://terminologyenc.com/ar/browse/term/7140,new_term,,,pending,not_verified
وَلَدٌ,https://terminologyenc.com/ar/browse/term/7048,label_with_motion,11304,11304,pending,not_verified
وَلَدُ الزِّنَا,https://terminologyenc.com/ar/browse/term/7153,new_term,,,pending,not_verified
وَلَدُ اللِّعَانِ,https://terminologyenc.com/ar/browse/term/7141,new_term,,,pending,not_verified
وُلُوغٌ,https://terminologyenc.com/ar/browse/term/7049,new_term,,,pending,not_verified
وَلِيٌّ,https://terminologyenc.com/ar/browse/term/7051,new_term,,,pending,not_verified
وَلِيمَةٌ,https://terminologyenc.com/ar/browse/term/7052,label_without_motion,11305,,pending,not_verified
وهب بن سعد بن أبي سرح,https://terminologyenc.com/ar/browse/term/41857,new_term,,,pending,not_verified
وهب بن عبد مناف بن زهرة,https://terminologyenc.com/ar/browse/term/41858,new_term,,,pending,not_verified
وهب بن منبه بن كامل,https://terminologyenc.com/ar/browse/term/41859,new_term,,,pending,not_verified
وهب بن وهب بن كبير بن عبد الله القرشي,https://terminologyenc.com/ar/browse/term/41860,new_term,,,pending,not_verified
وَهْمٌ,https://terminologyenc.com/ar/browse/term/6202,label_without_motion,9500,,pending,not_verified
يا قوت بن عبد الله الرومي الحموي,https://terminologyenc.com/ar/browse/term/41861,new_term,,,pending,not_verified
يأجوج ومأجوج,https://terminologyenc.com/ar/browse/term/14944,label_without_motion,765,,pending,not_verified
يأس,https://terminologyenc.com/ar/browse/term/11341,ambiguous_label,"11432,12002,12313",11432,pending,not_verified
يَاقُوتٌ,https://terminologyenc.com/ar/browse/term/7054,label_without_motion,4205,,pending,not_verified
يَتِيمٌ,https://terminologyenc.com/ar/browse/term/36605,label_with_motion,4206,4206,pending,not_verified
يحيى بن إبراهيم علي اليحيى,https://terminologyenc.com/ar/browse/term/76302,new_term,,,pending,not_verified
يحيى بن أبي كثير الطائي,https://terminologyenc.com/ar/browse/term/41871,new_term,,,pending,not_verified
يحيى بن الحسين القاسم الرسي,https://terminologyenc.com/ar/browse/term/65193,new_term,,,pending,not_verified
يحيى بن الحسين بن الإمام القاسم,https://terminologyenc.com/ar/browse/term/65194,new_term,,,pending,not_verified
يحيى بن حّبَش بن أميرك,https://terminologyenc.com/ar/browse/term/65192,new_term,,,pending,not_verified
يحيى بن حمزة بن علي,https://terminologyenc.com/ar/browse/term/65195,new_term,,,pending,not_verified
يحيى بن خالد بن برمك,https://terminologyenc.com/ar/browse/term/41862,new_term,,,pending,not_verified
يحيى بن زكرويه بن مهرويه,https://terminologyenc.com/ar/browse/term/41863,new_term,,,pending,not_verified
يحيى بن زكريا بن خالد بن ميمون بن فيروز,https://terminologyenc.com/ar/browse/term/41864,new_term,,,pending,not_verified
يحيى بن زياد بن عبد الله بن منظور,https://terminologyenc.com/ar/browse/term/41865,new_term,,,pending,not_verified
يحيى بن زيد بن علي بن الحسين بن علي,https://terminologyenc.com/ar/browse/term/41866,new_term,,,pending,not_verified
يحيى بن سعيد بن فروخ القطان,https://terminologyenc.com/ar/browse/term/41867,new_term,,,pending,not_verified
يحيى بن سعيد بن قيس بن عمرو,https://terminologyenc.com/ar/browse/term/41868,new_term,,,pending,not_verified
يحيى بن سلام بن أبي ثعلبة,https://terminologyenc.com/ar/browse/term/41869,new_term,,,pending,not_verified
يحيى بن شرف بن مري بن حسن,https://terminologyenc.com/ar/browse/term/41870,new_term,,,pending,not_verified
يحيى بن عبد الله بن الحسن بن الحسن بن علي,https://terminologyenc.com/ar/browse/term/41872,new_term,,,pending,not_verified
يحيى بن عبد الوهاب بن محمد بن منده,https://terminologyenc.com/ar/browse/term/41873,new_term,,,pending,not_verified
يحيى بن علي بن عبد الله بن علي,https://terminologyenc.com/ar/browse/term/41875,new_term,,,pending,not_verified
يحيى بن علي بن محمد التبريزي,https://terminologyenc.com/ar/browse/term/41874,new_term,,,pending,not_verified
يحيى بن محمد بن محمد بن محمد,https://terminologyenc.com/ar/browse/term/41876,new_term,,,pending,not_verified
يحيى بن محمد بن هبيرة,https://terminologyenc.com/ar/browse/term/65196,new_term,,,pending,not_verified
يحيى بن محمد بن يحيى حميد الدين,https://terminologyenc.com/ar/browse/term/41877,new_term,,,pending,not_verified
يحيى بن معين,https://terminologyenc.com/ar/browse/term/41879,new_term,,,pending,not_verified
يحيى بن موسى بن رمضان العمريطي,https://terminologyenc.com/ar/browse/term/41880,new_term,,,pending,not_verified
يحيى بن وثاب الأسدي,https://terminologyenc.com/ar/browse/term/41882,new_term,,,pending,not_verified
يحيى بن يحي بن بكر بن عبد الرحمن,https://terminologyenc.com/ar/browse/term/41883,new_term,,,pending,not_verified
يحيى بن يحيى بن كثير الليثي,https://terminologyenc.com/ar/browse/term/41884,new_term,,,pending,not_verified
يحيى بن يعمر البصري,https://terminologyenc.com/ar/browse/term/41881,new_term,,,pending,not_verified
يحيى بن يوسف بن يحيى الصرصري,https://terminologyenc.com/ar/browse/term/65197,new_term,,,pending,not_verified
يَرْبُوعٌ,https://terminologyenc.com/ar/browse/term/7056,new_term,,,pending,not_verified
يزيد بن أبي سفيان بن حرب,https://terminologyenc.com/ar/browse/term/41890,new_term,,,pending,not_verified
يزيد بن أسد بن كرز بن عامر,https://terminologyenc.com/ar/browse/term/41885,new_term,,,pending,not_verified
يزيد بن الحارث بن رُويم الشيباني,https://terminologyenc.com/ar/browse/term/41887,new_term,,,pending,not_verified
يزيد بن المهلب بن أبي صفرة,https://terminologyenc.com/ar/browse/term/41895,new_term,,,pending,not_verified
يزيد بن الوليد بن عبد الملك بن مروان,https://terminologyenc.com/ar/browse/term/65198,new_term,,,pending,not_verified
يزيد بن أنس المالكي,https://terminologyenc.com/ar/browse/term/41886,new_term,,,pending,not_verified
يزيد بن زريع البصري,https://terminologyenc.com/ar/browse/term/41888,new_term,,,pending,not_verified
يزيد بن زمعة بن الأسود,https://terminologyenc.com/ar/browse/term/41889,new_term,,,pending,not_verified
يزيد بن شجرة الرهاوي,https://terminologyenc.com/ar/browse/term/41891,new_term,,,pending,not_verified
يزيد بن عبد الملك بن مروان,https://terminologyenc.com/ar/browse/term/41892,new_term,,,pending,not_verified
يزيد بن قيس بن تمام بن حاجب,https://terminologyenc.com/ar/browse/term/41893,new_term,,,pending,not_verified
يزيد بن معاوية بن أبي سفيان,https://terminologyenc.com/ar/browse/term/41894,new_term,,,pending,not_verified
يزيد بن هارون بن زاذي,https://terminologyenc.com/ar/browse/term/41896,new_term,,,pending,not_verified
يزيدية,https://terminologyenc.com/ar/browse/term/14920,new_term,,,pending,not_verified
يَسَارٌ,https://terminologyenc.com/ar/browse/term/7057,ambiguous_label,"5778,9506",,pending,not_verified
يَسيرٌ,https://terminologyenc.com/ar/browse/term/7061,label_with_motion,981,981,pending,not_verified
يعقوب بن إسحاق بن إبراهيم,https://terminologyenc.com/ar/browse/term/41899,new_term,,,pending,not_verified
يعقوب بن إسحاق بن السكيت,https://terminologyenc.com/ar/browse/term/41898,new_term,,,pending,not_verified
يعقوب بن إسحاق بن الصباح الكندي,https://terminologyenc.com/ar/browse/term/53662,new_term,,,pending,not_verified
يعقوب بن إسحاق بن زيد الحضرمي,https://terminologyenc.com/ar/browse/term/53661,new_term,,,pending,not_verified
يعقوب بن سفيان بن جوان الفسوي,https://terminologyenc.com/ar/browse/term/65199,new_term,,,pending,not_verified
يعقوب بن سليمان بن داود,https://terminologyenc.com/ar/browse/term/41900,new_term,,,pending,not_verified
يعقوب بن شيبة بن الصلت بن عصفور السدوسي,https://terminologyenc.com/ar/browse/term/65200,new_term,,,pending,not_verified
يَعْقُوبِيَّةُ,https://terminologyenc.com/ar/browse/term/64787,new_term,,,pending,not_verified
يعلى بن أمية بن أبي عبيدة,https://terminologyenc.com/ar/browse/term/41901,new_term,,,pending,not_verified
يعيش بن علي بن يعيش,https://terminologyenc.com/ar/browse/term/65201,new_term,,,pending,not_verified
يَقَظَةٌ,https://terminologyenc.com/ar/browse/term/36602,label_without_motion,9508,,pending,not_verified
يقين,https://terminologyenc.com/ar/browse/term/10354,label_without_motion,2205,,pending,not_verified
يَلَمْلَم,https://terminologyenc.com/ar/browse/term/7065,label_without_motion,768,,pending,not_verified
يَلَمْلَم,https://terminologyenc.com/ar/browse/term/76052,label_without_motion,768,,pending,not_verified
يَمِينٌ,https://terminologyenc.com/ar/browse/term/11342,ambiguous_label,"5777,9510",,pending,not_verified
يَمينٌ,https://terminologyenc.com/ar/browse/term/7774,ambiguous_label,"5777,9510",,pending,not_verified
يهود,https://terminologyenc.com/ar/browse/term/11343,label_without_motion,4209,,pending,not_verified
يهودية,https://terminologyenc.com/ar/browse/term/14921,new_term,,,pending,not_verified
يوسف بن إبراهيم بن مياد السدراتي,https://terminologyenc.com/ar/browse/term/65202,new_term,,,pending,not_verified
يوسف بن أحمد بن نصر بن سويلم,https://terminologyenc.com/ar/browse/term/65203,new_term,,,pending,not_verified
يوسف بن إسماعيل بن يوسف النبهاني,https://terminologyenc.com/ar/browse/term/65204,new_term,,,pending,not_verified
يوسف بن تغري بردي بن عبد الله,https://terminologyenc.com/ar/browse/term/65206,new_term,,,pending,not_verified
يوسف بن حسن بن أحمد بن حسن ابن المِبْرَد,https://terminologyenc.com/ar/browse/term/41903,new_term,,,pending,not_verified
يوسف بن رافع بن تميم بن عتبة ابن شَدَّاد,https://terminologyenc.com/ar/browse/term/41904,new_term,,,pending,not_verified
يوسف بن شاهين الكركي,https://terminologyenc.com/ar/browse/term/41905,new_term,,,pending,not_verified
يوسف بن عبد الرحمن بن حبيب,https://terminologyenc.com/ar/browse/term/41906,new_term,,,pending,not_verified
يوسف بن عبد الرحمن بن يوسف المزي,https://terminologyenc.com/ar/browse/term/41907,new_term,,,pending,not_verified
يوسف بن عبد الله بن محمد بن عبد البر,https://terminologyenc.com/ar/browse/term/41908,new_term,,,pending,not_verified
يوسف بن عمر بن علي,https://terminologyenc.com/ar/browse/term/41910,new_term,,,pending,not_verified
يوسف بن عمر بن محمد الثقفي,https://terminologyenc.com/ar/browse/term/41909,new_term,,,pending,not_verified
يوسف بن قزغلي بن عبد الله,https://terminologyenc.com/ar/browse/term/41911,new_term,,,pending,not_verified
يوسف بن محمد بن عبد الله المرداوي,https://terminologyenc.com/ar/browse/term/41914,new_term,,,pending,not_verified
يوسف بن محمد بن علي الغفيص,https://terminologyenc.com/ar/browse/term/76267,new_term,,,pending,not_verified
يوسف بن محمد بن غازي الأيوبي,https://terminologyenc.com/ar/browse/term/41913,new_term,,,pending,not_verified
يوسف بن محمد بن مسعود السرمري,https://terminologyenc.com/ar/browse/term/65208,new_term,,,pending,not_verified
يوسف بن محمد بن يعقوب بن يوسف,https://terminologyenc.com/ar/browse/term/41912,new_term,,,pending,not_verified
يوسف بن يحيى القرشي البويطي,https://terminologyenc.com/ar/browse/term/41915,new_term,,,pending,not_verified
يوسف شخت,https://terminologyenc.com/ar/browse/term/65207,new_term,,,pending,not_verified
يَوْمٌ,https://terminologyenc.com/ar/browse/term/612,label_with_motion,10320,10320,pending,not_verified
يوم الجمعة,https://terminologyenc.com/ar/browse/term/72475,new_term,,,pending,not_verified
يَوْمُ الـسَّبْت,https://terminologyenc.com/ar/browse/term/7068,new_term,,,pending,not_verified
يَوْمُ الشَّكّ,https://terminologyenc.com/ar/browse/term/7069,new_term,,,pending,not_verified
يَوْمُ النَّحْرِ,https://terminologyenc.com/ar/browse/term/7070,label_without_motion,774,,pending,not_verified
يَوْمُ عَرَفَة,https://terminologyenc.com/ar/browse/term/7071,label_without_motion,152,,pending,not_verified
يونس بن بكير بن واصل الشيباني,https://terminologyenc.com/ar/browse/term/41916,new_term,,,pending,not_verified
يونس بن حبيب الضبي,https://terminologyenc.com/ar/browse/term/41917,new_term,,,pending,not_verified
يونسية,https://terminologyenc.com/ar/browse/term/64786,new_term,,,pending,not_verified
