id,library,signfix,frames,hand_frames,dir,palm,curl,upper,fore,bend_agree,match
1,active,0,27,49,21.1,16.4,17.7,4,5.3,89.3,77.6
2,active,0,25,45,18.5,23.6,20.4,3.9,6.3,93.9,66.7
7,active,0,27,49,16,14.6,13.4,3.7,5.8,89.8,77.6
8,active,0,24,43,20.3,16.7,20.2,3.3,5.9,82.6,76.7
9,active,0,27,49,27.1,20.7,17.8,4.5,7.1,81.6,67.3
10,active,0,24,43,23.3,20.7,11.9,3.4,7.4,91.3,69.8
11,active,0,26,47,16.7,5.4,12.5,3.5,4.9,91.5,80.9
12,active,0,24,43,13.2,5.2,13.4,3.2,5.4,91.9,81.4
13,active,0,26,47,29.4,28.7,26.2,4.4,7.1,79.8,70.2
14,active,0,25,45,20.4,15.2,18.7,3.5,5.4,90.6,77.8
15,active,0,31,57,27.2,42.4,21.7,8.7,7.1,77.6,52.6
16,active,0,31,57,53.7,41.3,23.2,5.8,7.6,69.7,52.6
17,active,0,42,79,81.4,64.4,47.8,9,10,51.6,32.9
18,active,0,25,45,24.3,19.7,13.3,4.3,5.9,80.6,71.1
19,active,0,30,55,76.8,50.8,27.3,9.7,9.7,54.5,41.8
20,active,0,36,67,53.9,36.1,22.2,9.3,9.9,67.5,43.3
21,active,0,27,49,25.3,15.5,22.2,4.4,7.4,91.8,65.3
22,active,0,24,43,20.3,15,14.1,3.8,5.2,90.1,76.7
23,active,0,26,47,23.1,21.3,15.3,3.7,7,84,70.2
24,active,0,33,61,60.3,36.6,36.6,4.7,7.1,73.8,49.2
25,active,0,28,51,12.3,10.7,12.3,1.7,5,88.2,82.4
26,active,0,27,49,24.3,20.5,22.9,3.8,6.3,89.3,71.4
27,active,0,27,49,26.7,27.3,18.9,4.7,7.9,89.8,57.1
28,active,0,27,49,23,21.3,10.1,3.8,6.9,95.9,71.4
29,active,0,40,75,72.2,52.2,51.4,9.2,11.2,64.3,42.7
31,active,0,30,55,29.1,27,24.3,6.2,9.5,59.5,45.5
32,active,0,26,47,24.5,20.8,18.1,3.9,6.1,86.2,74.5
34,active,0,39,146,11.9,14.3,19.4,5.5,6.7,82.7,76.7
36,active,0,28,51,17.6,15.1,19.8,4.3,6.1,90.7,78.4
137,active,0,44,200,25.2,15.4,14.3,5.1,14.5,91.4,71
138,active,0,47,214,31.3,27.3,13.2,2.4,7.9,79.4,59.8
140,active,0,47,214,7.6,8.7,11.7,2.4,4.1,84.6,87.4
141,active,0,36,81,4.7,3.9,6.6,2.3,7.5,97.8,92.6
142,active,0,40,182,8.3,10.6,12.6,2.8,4.4,85.6,86.8
153,active,0,19,40,28.4,21.8,19,4.4,6.7,86.3,67.5
163,active,0,36,162,5.6,7.2,5.8,2,4.2,81.8,93.8
172,active,0,40,182,6.6,9.6,5.4,2.4,4.1,100,92.3
182,active,0,48,220,14.2,13,12.7,2.2,4,87.2,75
184,active,1,67,310,3.6,6.1,6.1,7.4,17.5,92.8,93.5
193,active,0,32,142,3.4,4.9,12.9,2,2.7,74.1,86.6
194,active,0,38,172,21.3,28,15,1.6,2.9,82.6,66.3
209,active,0,42,190,8.6,20.2,16.9,4.2,6.2,77.9,74.7
224,active,0,33,148,6,5.9,8.5,5.5,25,86.1,91.9
229,active,0,50,230,22.5,22.1,11.4,3.1,10.3,88.2,67.4
230,active,0,41,186,5.3,9.2,4.4,3,6.5,96.1,90.3
237,active,0,38,86,3.8,5.1,8.4,2.7,6.2,89,97.7
238,active,0,26,114,7.2,10.2,7.3,3,4.9,95.8,91.2
270,active,0,29,128,5.6,6.8,17.6,3,4.9,92,76.6
273,active,0,38,86,3.1,3.6,4.3,2.1,2.8,98.8,98.8
289,active,0,26,57,3.1,3.9,4.1,2.6,3.9,92.1,100
292,active,0,26,57,2.7,4.5,14.8,2.9,4.3,93.9,73.7
293,active,0,58,268,15.7,18.9,23.5,5.6,12.2,81.5,81.7
296,active,0,41,186,5.3,13.1,9.6,4.5,14.2,82.4,86.6
305,active,0,35,78,3.7,3.9,4.3,3,3.5,91.7,100
316,active,0,27,59,21.1,23.5,16.2,2.5,3.6,64.4,76.3
317,active,0,44,200,4.1,5.5,6.8,3,6,93.1,99
318,active,0,42,190,7.9,12,9.2,1.8,3.3,92.8,88.4
320,active,0,39,176,10.2,12.9,9.8,1.8,3.5,93,85.2
329,active,0,26,114,6.4,11,8.6,3.7,6.9,95.6,83.3
333,active,0,53,244,16.1,18.2,13.2,8.3,16.8,92.5,66.4
347,active,0,48,220,6.9,8.7,5.2,2.4,4.4,86.1,94.1
352,active,0,29,128,3.6,10.7,7.6,3.6,5.7,86.9,93
353,active,0,29,64,3.5,3.3,10.5,4.1,4.6,98.4,96.9
365,active,0,29,128,11.3,8.7,12.9,2.2,3.9,90,86.7
366,active,0,21,45,10.3,10,13,4.7,9.9,96.7,86.7
371,active,0,50,230,14.2,17.2,6.5,2.9,6,95.5,76.5
373,active,0,45,206,3.2,3.5,4.6,2.9,4.2,97.7,98.5
377,active,0,28,62,12.1,9.6,9.7,5.5,10,87.5,80.6
396,active,0,39,176,6.4,6.1,7.8,1.7,3,91.3,94.9
397,active,0,56,258,8.1,11.1,10.4,2.2,3.5,91.3,86.8
398,active,0,27,118,3,3.3,4.8,2.2,4,88.6,99.2
407,active,0,48,220,3.6,5.8,5.9,2.2,3.2,90.3,94.5
419,active,1,36,81,7.4,9.1,7.9,20.9,51.6,91.4,92.6
424,active,0,37,83,5,5.8,4.2,2.7,3.8,94.9,95.2
427,active,0,43,196,5.4,6.7,8.4,2.3,3.8,89.7,96.4
448,active,0,57,262,3.5,5.8,13.9,1.9,4.2,85.4,91.2
475,active,0,44,200,16.2,15.4,5.7,2.9,6,97,73.5
509,active,0,42,190,3,3.5,7.1,1.8,3.4,98.8,99.5
522,active,0,60,278,4,4.4,6.7,8.2,16,94.9,93.9
523,active,0,56,258,7.6,16.8,8.8,7.7,14,84,84.9
529,active,0,41,186,8.6,14.2,13.6,2,3.7,78.9,81.7
536,active,0,62,286,10,16,10.2,3.7,7.2,84.3,82.5
537,active,0,67,155,6.3,9.8,8.4,2.4,3.5,94,92.9
538,active,0,74,344,43.5,33,23.4,6.5,14.8,79.6,53.2
574,active,0,43,196,11.5,15.1,13.5,16.4,40.8,95.9,84.2
619,active,0,60,278,5,7.9,5.9,2.5,4.9,90.5,92.8
672,active,0,46,210,5.7,8,8.9,2.3,5.2,83.5,93.8
675,active,0,35,78,4.4,5.3,7.7,2,3.3,95.8,94.9
676,active,0,31,69,9,11.5,9,2.5,3.7,86.2,88.4
677,active,0,42,190,8.5,8,12,3.4,6.1,89.5,88.4
683,active,0,41,93,6.9,5.8,6,1.8,3.5,98.1,98.9
691,active,0,66,306,1.4,3.6,9.5,1.1,1.5,85.1,98.4
692,active,0,60,278,6.9,7.4,7.4,20.1,57.3,93.9,90.3
706,active,0,32,142,2.8,4.5,10.2,2.5,3.2,86.4,96.5
708,active,0,49,224,24.2,21.8,13.8,8.9,22.2,95.8,69.6
709,active,0,54,124,5.9,10.2,9.9,4.3,6.3,82.9,90.3
733,active,0,48,220,11.8,13.9,16.9,11.7,31.6,63,61.8
747,active,0,41,186,9.6,10.5,9.3,12.6,38.4,88.7,86.6
758,active,0,57,262,26,20.3,16.8,15.3,42.1,88.4,47.3
763,active,0,31,69,3.6,3,8.4,2.2,3.6,94.2,100
764,active,0,66,153,5.8,8,10.8,3.2,4.6,91.2,86.9
766,active,0,68,316,11.6,13.2,9,5.7,15,94.7,85.8
773,active,0,39,176,12.2,18.7,11.6,3.2,4.7,83.5,77.8
777,active,0,38,86,4.8,4.6,10.6,3.4,6.2,86.9,91.9
782,active,0,32,71,2,4.3,4.3,2.5,3.3,89.4,100
783,active,0,44,200,13.3,16.8,8.9,5.3,8.1,90.6,74
785,active,0,40,182,23.6,12.3,9.4,5.9,19.5,98.4,63.7
790,active,0,34,152,6.1,6.6,8.3,1.4,2.5,78.5,93.4
801,active,0,40,182,24.3,27.6,15.1,26.1,79.7,97.3,62.6
802,active,0,39,176,5,6.6,10.9,2.8,4.6,94.7,92.6
811,active,0,36,162,15.3,8.5,11.4,6.5,11,70.1,79.6
813,active,0,33,74,7.5,9.9,9.2,3.4,5.5,95.3,87.8
829,active,0,35,156,3.3,4.6,6.2,13.6,38.5,83.8,98.7
832,active,0,47,107,3,4.3,7.2,1.9,2.9,93.5,100
833,active,0,42,190,3.7,6.2,12.1,2.9,5.6,88.7,88.4
837,active,0,35,156,3.3,5.8,5,3.1,4,92.3,97.4
841,active,1,27,118,4.1,6.1,30.6,4.4,7.9,95.8,50
848,active,0,34,76,3.7,4.5,8,2.4,2.8,79.3,100
849,active,0,40,91,12.3,11.1,11.1,1.7,3.1,83.5,85.7
855,active,1,34,76,3.7,6.3,5.3,10,29.3,96.1,97.4
863,active,0,35,156,5.4,5.9,15.6,43.8,125,84.6,88.5
873,active,0,24,104,21.9,21,21.9,3.3,13.1,75.7,65.4
879,active,0,52,119,4.5,4.6,4.7,2.5,4.6,97.3,98.3
880,active,0,27,59,7.2,10.9,12.1,3.3,6.3,90.3,86.4
881,active,0,43,196,26.7,20.6,16.8,36.4,93.1,73,66.8
890,active,0,41,186,5,6.2,9.1,2,4,83.2,89.2
892,active,0,35,78,3.6,3.7,5.9,2.4,2.8,95.5,100
893,active,0,44,200,8.5,7.6,11.5,2.6,5.8,84.6,89.5
895,active,0,32,142,9.7,6.8,9.4,3.4,4.8,82.9,92.3
897,active,0,29,128,3.8,3.6,8.5,2.4,4.7,96.7,91.4
900,active,0,46,210,14.6,10.4,15.8,32.8,92.5,93.5,69
901,active,0,28,124,10.6,10.8,10.7,1.8,3.4,90.5,88.7
904,active,0,51,234,6.4,14.4,10.6,2.3,3.6,79.5,83.3
913,active,0,34,152,38.8,35.3,20,8.3,22.8,93.6,45.4
914,active,0,42,190,5.4,7.4,12.4,1.9,5.1,92.5,90.5
915,active,0,44,200,5.1,5.6,10.6,2.1,4.8,95.6,93
916,active,0,37,83,23.2,25.7,18,2.4,4.3,75,63.9
919,active,0,28,62,6.1,7.7,6.6,2.1,3.3,94,95.2
920,active,0,32,71,4.6,10.8,5.3,2,3.6,98.6,94.4
930,active,0,43,98,3.3,4,5.6,1.4,2.7,96.2,98
933,active,0,41,186,13,18.8,22.7,1.9,3.9,93,69.4
935,active,0,33,74,3.5,3.9,4.4,2,3.4,97,100
937,active,0,42,95,4,4.8,7,1.9,3.1,89.2,96.8
938,active,0,30,66,4,4.9,4.8,1.8,3.1,97,100
944,active,0,37,166,11.6,18.6,39.7,1.4,3,94.6,68.1
954,active,0,41,93,3.9,6.6,9.4,1.6,2.8,94.4,100
963,active,0,35,156,32,11.1,9.8,11,30.4,88.8,46.8
964,active,0,45,103,16.2,15.3,9.8,2.1,3.9,97.6,87.4
972,active,0,32,71,4.7,6.5,7.2,2.3,3.3,95.1,98.6
976,active,0,33,74,3.7,4.7,6.3,2.5,3.9,92.6,95.9
978,active,0,43,196,12.8,12.7,11.7,1.7,2.9,90.9,85.2
979,active,0,36,81,3.5,4.3,3.7,2.2,4.2,99.1,100
981,active,0,35,156,10.2,15.4,6.1,2.1,3.8,89.9,88.5
983,active,0,49,224,9.1,12.9,34.8,3.6,4.6,74.6,72.3
985,active,0,40,91,4.2,5.2,6.8,4,6.5,98.9,94.5
986,active,0,37,166,3.4,3.1,6.8,1.9,4.1,94.7,95.8
987,active,0,30,132,5.3,6.8,7.2,2,4,90.9,95.5
989,active,0,34,76,3.9,10.8,9.4,3,4.1,91.4,84.2
998,active,0,39,176,9.5,10.3,6.2,1.7,4,91.2,88.6
999,active,0,44,200,13.4,15.6,13.6,6.3,14.7,81.5,81
1007,active,0,38,172,11,11.6,7,3.8,8.2,90.8,93
1010,active,0,26,57,13.2,12.5,12.8,3.6,5.7,91.2,78.9
1020,active,0,32,142,6.5,6,8.5,2.6,4.4,87.1,90.1
1027,active,0,36,81,4.6,5.5,11,3.6,11.3,98.8,93.8
1032,active,0,37,166,10.6,9.3,10.8,23.4,67.4,90.5,84.9
1040,active,0,30,66,6.8,7.4,13.5,4.4,7.4,91.7,87.9
1052,active,0,27,59,11.7,9.3,9.9,2.6,4.3,91.9,88.1
1053,active,0,46,210,20.9,22.7,11.3,4.1,7.4,85.4,64.8
1059,active,0,38,86,5.2,6.4,8.4,3.3,6.1,92.4,96.5
1062,active,0,28,62,2.3,3.6,11.5,2.9,3.7,96.8,93.5
1070,active,0,53,244,2,3.6,12.8,1.7,4.2,67.6,91.8
1081,active,0,34,152,3.9,5.5,10.9,2.2,3.6,97.5,91.4
1082,active,0,36,162,3.3,3.8,6.5,4.4,7,95.2,98.8
1089,active,0,42,95,12.5,11.8,9.3,2.3,3.8,97.6,87.4
1092,active,0,46,210,3,4,10.1,2,3.7,92.3,91
1095,active,0,44,200,4.6,10.6,16.5,1.5,3.9,69,86.5
1102,active,0,51,234,3.3,3.9,6.7,2.3,3.2,89.1,96.2
1103,active,0,42,95,3.3,3.4,5.2,2,2.6,95.8,97.9
1114,active,0,36,162,6.3,6.2,12.4,1.8,3.1,76.9,88.9
1118,active,0,32,71,2.6,5.8,4.2,3,4.5,100,100
1119,active,0,54,248,4,5.3,6.9,3.1,8.2,93.9,96
1127,active,0,46,210,3.2,4,9.9,2.7,4,89.9,92.4
1128,active,0,44,200,4.1,4.8,6.4,3.1,5,91.3,96.5
1139,active,0,47,107,2.6,3.4,6.2,2.2,3,93,100
1146,active,0,36,81,2.7,3.9,7.3,1.9,2.6,87.7,100
1148,active,0,31,69,5.4,6.8,11.5,2.5,3.3,86.6,100
1163,active,0,60,278,3.4,4.3,11.2,3.7,7.5,88.3,93.2
1165,active,0,30,132,10.2,13.6,10.6,6.7,15.4,78.2,87.9
1168,active,0,33,148,4.7,13.9,6.6,9.6,23.9,83.4,90.5
1170,active,0,31,69,3.6,4.7,6.8,2.6,4.4,100,98.6
1171,active,0,45,206,6.6,7.3,12,2.8,8.4,91.3,88.3
1176,active,0,32,142,20.8,22.6,9.7,3.5,11.9,94.7,66.9
1177,active,0,29,64,4.4,5.4,4.4,2.6,4,91.4,98.4
1180,active,0,31,69,4.4,5.1,5.4,2.4,4.4,98.2,95.7
1181,active,0,29,128,32.8,15.6,8.3,3.2,7.1,84.2,60.9
1184,active,0,38,172,8.3,8.2,8.4,15.1,41.9,96.1,91.9
1185,active,0,30,66,6.4,8.3,12.4,13.8,28.1,88.3,87.9
1187,active,0,38,172,4.8,7,5.8,4.8,14.2,84.4,95.3
1195,active,0,31,138,24.9,27.1,7.8,21.3,56.6,96.7,60.9
1199,active,0,35,78,6.5,13.6,10,2.2,5,94.9,83.3
1200,active,0,27,59,4.7,6.4,15.2,2.6,4.1,92.8,84.7
1201,active,0,31,138,2,4.3,5.7,2.1,3.2,95.7,100
1205,active,0,30,66,4.3,4.2,4.4,3.2,4.8,99.2,95.5
1207,active,0,32,71,11.8,9.2,11.4,3.3,4.1,82.4,87.3
1210,active,0,30,132,4,4.5,12.3,2,3.4,95.3,89.4
1212,active,0,32,71,4.9,5,5,1.9,3.9,97.5,98.6
1219,active,0,28,124,9.7,10.6,12.8,2.1,4.5,94.8,85.5
1226,active,0,30,66,4.4,6.1,7.9,6.4,10.4,92,97
1227,active,0,34,76,2.2,3.2,4,1.6,2.8,100,100
1235,active,0,33,148,2.3,5.2,12.7,3.5,4.7,89.7,93.2
1237,active,0,32,142,13.1,11.6,10.9,2.1,6.2,91.9,83.1
1240,active,0,63,292,4.8,6.9,6.9,2.5,7,88,95.9
1243,active,0,43,196,24.6,19.4,13.5,27.9,80.5,95.4,52.6
1245,active,0,26,114,15,15.2,15.8,2.4,5.2,79.4,71.9
1246,active,0,43,98,2.3,3.6,6.5,2.9,5.5,98.2,96.9
1249,active,0,28,124,28.9,17.4,27.4,5.3,11.2,50,45.2
1254,active,0,33,148,9.7,9.9,14.8,1.3,2.2,95.6,79.7
1261,active,0,34,152,7.5,11.3,9.3,2.7,4.1,83.1,90.1
1265,active,0,35,156,9.9,12.7,15,12.6,29.4,84.1,79.5
1267,active,0,35,156,3,4.1,4.7,3.1,5.4,96.2,100
1268,active,0,31,138,14,23.1,15.8,16.3,47.6,80.4,74.6
1269,active,0,55,254,22.3,16.1,6.7,3.9,8.8,88.1,72
1273,active,0,45,206,23.7,27.9,18.8,6.5,17.7,77.2,63.1
1277,active,0,34,152,19.5,16.4,16.8,2.8,6.8,84.2,74.3
1278,active,0,44,200,16.4,18.8,18.9,11.6,22.8,68.8,60.5
1279,active,0,31,138,22.4,21.6,13.8,18.2,54.2,98.4,73.9
1281,active,0,42,190,1.6,3,15,3.7,5.7,84.1,98.9
1297,active,0,32,142,51.9,47.3,43.8,14.2,45.5,68.7,59.9
1298,active,0,29,64,7.8,9,7.7,4.6,7.7,90.6,89.1
1301,active,0,37,166,5.6,4.8,41.9,11.3,29.6,73,45.8
1303,active,0,29,64,10.7,15.3,6,2.9,5.6,90.6,78.1
1309,active,0,44,200,5.8,8.4,7.2,1.7,4.5,86.5,99.5
1317,active,0,37,83,11.5,8.2,5.1,1.4,3.2,97.6,86.7
1323,active,0,39,88,3.4,4.5,6.2,3.6,5.3,94.6,92
1331,active,0,33,148,5.2,5,5.4,3,5.1,97.3,93.9
1334,active,0,38,172,9.9,16.9,7.2,3.4,6.6,87.2,87.2
1336,active,0,65,302,5.4,5.6,6.7,5.3,11.3,93,92.7
1340,active,0,39,88,19.4,23.2,14.3,3.6,7.9,93.8,73.9
1342,active,0,34,152,29.8,26.9,8.2,13.3,49.1,86.8,70.4
1343,active,0,30,132,9.2,8.2,22.5,5.8,14,83.1,46.2
1346,active,0,42,190,2.6,6.4,8.9,9.7,25.5,96.4,94.2
1351,active,0,56,258,7.2,11.4,7.2,2.2,3.2,91.1,90.3
1352,active,0,28,124,75.1,37,11.7,9.2,23.2,94.6,42.7
1353,active,0,52,238,6.4,9.2,7.5,1.5,2.7,90.8,93.7
1356,active,0,51,234,2.2,2.9,6.1,1.4,2.6,91.9,99.1
1358,active,0,67,310,4.4,6.1,7.3,1.8,3.2,83.1,93.5
1365,active,0,48,220,10.1,10.2,8.2,1.9,3.2,90.3,90.9
1366,active,0,38,172,14.7,13.7,9.8,13.1,30.1,90.3,78.5
1367,active,0,30,66,8.5,8,8.5,6.7,10.8,81.8,89.4
1375,active,0,32,142,22.4,25.4,19.6,24.2,69.6,95.6,59.2
1377,active,0,51,234,14.4,13.1,18.4,3,6,69.6,76.5
1381,active,0,30,132,7.4,10.2,5.7,2.6,4.2,92.2,92.4
1383,active,0,52,238,9.6,9.4,6.3,5.6,11.2,79.4,86.6
1397,active,0,40,91,2.8,3.3,4.6,2.6,3.5,97,96.7
1398,active,0,25,108,11.5,10.8,17.3,3.1,5.4,88.2,80.6
1402,active,0,27,118,28,23.4,37.4,4,9.2,76.5,56.8
1405,active,0,40,182,15.1,30.7,7.9,3.5,8.3,83.9,66.5
1422,active,0,31,138,12.1,8.6,10.1,1.8,5.9,86.4,87.7
1424,active,0,32,142,31.6,31.3,47.9,3.7,13.1,62.1,36.6
1425,active,0,20,42,22.9,20.8,24,5.6,8.9,75,73.8
1435,active,0,41,93,20.3,20.4,25.7,3.4,4.8,84.9,76.3
1471,active,0,44,200,25.2,33.8,29.2,3.8,8.2,64.4,61.5
1473,active,0,28,62,9.2,9.3,8.5,3.9,5.6,75.8,87.1
1480,active,0,37,166,7.7,37.2,9.4,4.4,7.5,87.5,63.9
1484,active,0,39,88,8.1,7.1,11.1,2.6,4.3,86.1,88.6
1485,active,0,35,78,8.3,6.2,10.5,2.4,3.6,90.7,88.5
1487,active,0,43,196,13.2,12.6,16.5,2.9,4.4,95.4,79.6
1490,active,0,33,148,5.6,7.6,13.8,2.2,2.7,80.9,73.6
1492,active,0,25,108,23.4,17.9,8.4,6.2,20.2,88.7,69.4
1496,active,0,35,156,23.3,18.5,17.2,3.6,7.9,74,64.7
1498,active,0,33,148,10.6,10.1,8.7,3,5.6,89.2,87.2
1501,active,0,35,78,9.5,11.3,8.7,2.1,5.1,85.9,85.9
1502,active,0,27,118,10.3,8.6,18.9,2,5.2,87.3,83.9
1507,active,0,30,66,14,9.2,13.6,3.5,5.7,83.7,78.8
1510,active,0,30,132,13.1,12,10.4,2.7,5,86,86.4
1511,active,0,37,83,7,6.4,5.9,3,4.3,93.1,91.6
1514,active,0,27,59,9.7,9.8,9.4,2.8,3.1,84.7,86.4
1516,active,0,34,76,9.3,11.3,8.4,4.6,5.4,96.7,90.8
1520,active,0,39,176,10.9,8.8,13.4,1.7,4.2,88.5,86.4
1523,active,0,40,182,13.2,24.4,43.1,2.8,7.8,72.9,69.2
1527,active,0,28,124,7.7,16.2,16.2,2.8,5.3,75.8,80.6
1537,active,0,34,152,15.3,15.7,27.4,1.7,4.7,85,65.1
1539,active,0,30,132,13.2,13.7,11.5,3.5,6.3,78.4,81.1
1541,active,0,26,114,15.5,16.2,19,4.2,7.1,85.5,75.4
1543,active,0,33,74,8.2,11.6,18,2.7,4.1,92.9,85.1
1550,active,0,32,142,31.5,29.4,21.2,3.2,9.4,72.2,57.7
1551,active,0,36,162,6,6.9,5,2.2,4.5,94,94.4
1559,active,0,29,128,14.6,14.7,20.4,2.4,4.2,85.7,83.6
1562,active,0,36,162,2.2,2.4,7.2,1.7,2.5,92.1,93.8
1566,active,0,27,118,10.1,10.8,12.3,2.2,3.7,86,87.3
1569,active,0,31,69,22.9,23.5,20.2,2.2,6,93.5,66.7
1570,active,0,44,200,4.4,7.9,8.6,1.5,2.6,88.1,93.5
1572,active,0,25,54,26.6,28.6,21.6,2.7,4.7,47.7,57.4
1580,active,0,25,54,3.6,6.7,3.7,1.7,3.1,90.3,100
1599,active,0,28,124,7.2,9.8,12,2.4,4.7,89.5,86.3
1605,active,0,24,104,21.5,21.5,16.6,1.7,3.7,94.7,80.8
1609,active,0,28,62,4.8,3.5,11.8,2.6,4,98,91.9
1621,active,0,25,54,9.4,6.7,18.7,3.7,4.9,91.2,83.3
1622,active,0,27,118,6.9,6.7,9.7,2.1,5.1,83.5,90.7
1631,active,0,26,57,9.7,11.4,12.9,2.4,5,71.9,77.2
1638,active,0,24,104,7.9,11.9,14.3,2,3.5,91.1,83.7
1639,active,0,25,54,10.3,13,11.7,2.6,3.3,95.8,87
1648,active,0,32,142,20.3,18.4,13.8,3,7.3,72.2,72.5
1650,active,0,29,64,22.7,29.4,29,2.4,5.5,92.6,67.2
1655,active,0,28,124,7.1,6.2,7.6,3,5.6,76.6,92.7
1661,active,0,23,50,5,5.1,5.6,2,4.1,90.5,100
1664,active,0,25,108,4.7,5.7,6.4,2.4,3.9,95.1,100
1670,active,0,24,104,13.3,13.4,11.3,1.8,3.3,88,86.5
1672,active,0,30,132,13.3,12.7,26.9,3.3,7,86.2,73.5
1685,active,0,23,50,6.1,4.7,14.9,2.2,2.9,82,94
1687,active,0,29,64,22.9,29.4,20.5,3,6.2,86.3,70.3
1708,active,0,25,54,11,8.7,18.9,3.7,5.8,86.1,83.3
1709,active,0,42,190,11.7,13,9.2,3.3,4.7,84.2,84.2
1712,active,0,24,104,24.5,23,18.8,3.1,6.6,82.5,67.3
1713,active,0,26,114,11,12.3,15.5,3.8,6.1,85.7,80.7
1722,active,0,33,74,5.8,8.3,14.2,2.3,4.7,92.9,86.5
1733,active,0,25,108,10.1,16,24.7,2.4,16.5,91,78.7
1742,active,0,30,132,8.4,11.2,4,2.2,5.2,96,88.6
1748,active,0,24,104,4.9,5.9,5.6,1.5,2.6,94.2,99
1760,active,0,20,42,45.3,39.9,34.3,4.6,8.1,48.8,42.9
1766,active,0,29,64,17.3,22.7,12.8,3.2,6.5,80.5,73.4
1776,active,0,22,47,20.5,15.6,18,3.2,6.6,82.4,72.3
1783,active,0,27,118,10.9,14,21.9,2.6,4.8,87.9,75.4
1793,active,0,20,84,26.4,21.3,15.6,3.8,8.2,70.8,69
1801,active,0,38,172,14.7,12.1,14.9,3.2,5.5,83.7,78.5
1805,active,0,20,84,7.5,11.9,5.4,4.8,7.3,93.8,84.5
1811,active,0,22,94,8.9,9.3,19.6,2.9,5.4,83.5,54.3
1816,active,0,21,45,13.1,11,23.7,3.9,6.6,87.8,82.2
1826,active,0,32,142,33,28,39,4.1,12.9,49.8,43.7
1832,active,0,28,124,13.9,12.7,5.6,3.6,9.4,97,81.5
1835,active,0,31,138,16.2,12.9,19.3,3.3,5.5,88.2,77.5
1849,active,0,23,100,25.1,24.3,41.4,3,5.7,71.5,37
1852,active,0,21,45,17.2,20.1,17,4.6,8.7,83.3,68.9
1853,active,0,19,80,18.5,25.3,24.4,4.4,8.3,82.5,65
1868,active,0,35,156,7.3,7.2,16.9,2.3,5,91.3,84
1872,active,0,24,104,6.8,12.7,4.8,2.4,5.9,88.7,86.5
1874,active,0,22,94,31.3,28.2,20.4,1.9,8,85.1,57.4
1877,active,0,24,52,14.6,15.6,28.2,4.9,7.2,84.6,71.2
1888,active,0,21,45,11,13.3,7.8,3.9,6.3,71.1,86.7
1889,active,0,25,108,7.1,9,12.9,3.1,5.2,92.6,84.3
1892,active,0,25,108,9.3,10.4,15.1,1.7,4.6,95.1,82.4
1895,active,0,25,54,5.1,7.1,5.6,4.2,5.4,90.7,96.3
1898,active,0,22,47,21.6,16,22.8,2.9,5.1,84,72.3
1909,active,0,26,114,10.8,17.2,22.1,3.4,7,84,76.3
1924,active,0,38,172,17.1,15.1,11.8,2.2,3.9,88.8,77.3
1925,active,0,33,74,4.3,5,6.9,4.1,4.4,97.6,97.3
1930,active,0,28,124,9.8,15.8,13.8,3,12.4,77,79.8
1933,active,0,24,104,22.4,26.3,25.7,2.1,5.3,91.8,71.2
1936,active,0,26,57,7.8,9.8,13.1,3.2,4.7,89.9,80.7
1942,active,0,28,124,6.5,9.5,11.4,2,3.4,89.5,84.7
1944,active,0,29,128,17.5,18.3,16,2.7,5.5,86.7,76.6
1952,active,0,35,78,12.5,10.5,12.5,2.9,4.6,74.7,83.3
1955,active,0,44,200,10.2,12.7,7.6,2.3,4.6,77,84.5
1959,active,0,33,74,4.8,5,11.3,2.8,3.4,76.7,94.6
1970,active,0,34,152,6.7,8.4,9.4,3.1,7.8,91.4,85.5
1975,active,0,26,114,54,56.8,40.4,6,12.5,58.3,46.5
1987,active,0,27,118,19.2,20.3,25.4,2.6,6.5,80.9,72
1995,active,0,25,54,5.6,4.8,5.7,2.3,5,93.5,96.3
1996,active,0,29,64,30.8,15.5,31,4.1,7.7,81.3,65.6
2000,active,0,28,62,5,6.7,7.3,1.9,2.7,87.5,95.2
2003,active,0,27,118,4.2,5.2,6.3,2.4,4.4,91.9,95.8
2008,active,0,29,128,9.7,13,15.7,2.3,4.6,94.3,82
2014,active,0,26,57,4.5,7.3,20.4,2.9,4.5,88.2,78.9
2015,active,0,30,132,5.5,7.3,21.1,2.5,4.7,42.4,46.2
2026,active,0,31,138,8.6,7.7,10.3,2.1,3.6,93.7,88.4
2027,active,0,25,108,4.5,4.8,8.5,1.8,4,97.2,94.4
2042,active,0,30,132,7,8.8,5.3,2.6,5.8,94.9,90.9
2045,active,0,31,69,15.1,19.1,17.5,3.7,5.7,75.4,68.1
2052,active,0,21,45,14.7,10.7,20.9,3.9,7,87.8,80
2055,active,0,26,114,9.8,9,13.4,3.2,6.4,89.9,82.5
2058,active,0,23,50,18.4,11.2,14.5,5,6.3,84.5,80
2061,active,0,29,128,38.6,34.9,17.3,9,25.6,64.8,61.7
2064,active,0,29,128,1.2,3.4,8.6,2,2.3,100,99.2
2067,active,0,20,42,3.6,3,6,2,3.7,95.8,97.6
2070,active,0,24,104,32.9,24.6,23,2,6.6,85.8,60.6
2078,active,0,22,47,28.4,30.7,16.6,3.5,5.9,83.5,61.7
2080,active,0,39,176,5.8,14,17.2,3.2,5.3,88.8,83
2089,active,0,32,142,12.3,13.6,11.8,1.5,3.3,97.5,83.8
2100,active,0,27,118,9.6,16.8,9.2,2.9,5.6,71.2,79.7
2104,active,0,26,114,12.3,7.7,5.6,2.9,5.8,91.7,85.1
2113,active,0,24,52,17,18.3,27.3,3.5,6.7,83.7,71.2
2130,active,0,25,54,9.1,9,10.2,2.1,4.8,96.3,85.2
2134,active,0,18,76,32.9,46.4,21.3,3,5.6,79.6,44.7
2138,active,0,26,114,6.7,9.7,17,2.8,5.9,86.8,86
2149,active,0,21,90,8.1,7.1,6.2,1.9,6,91.4,94.4
2159,active,0,24,52,5.7,7.9,7.1,4.6,6,95.2,90.4
2184,active,0,31,138,7.1,10.1,13.9,2.2,3.5,76.4,76.1
2186,active,0,34,152,7.2,10.9,16.6,2.7,4.8,70.2,76.3
2188,active,0,29,64,6,6.4,13.7,1.8,3.4,100,84.4
2193,active,0,31,138,9.4,11.9,13.7,2.7,4.8,87.5,86.2
2195,active,0,28,124,5.5,10.7,15.3,2.4,4.4,80,83.9
2200,active,0,26,114,9.5,10.6,15.7,3.1,5.5,88.8,81.6
2209,active,0,27,59,11.2,15.5,10.2,3.5,6.3,81.8,84.7
2220,active,0,28,62,9.4,5.7,18.5,2.3,5.6,89.9,87.1
2224,active,0,40,182,48.5,43.9,76.7,6.7,15,50.8,22
2242,active,0,21,90,12.9,10.5,22.1,2,5,93.9,74.4
2247,active,0,25,108,8.5,15.3,9.2,3.5,5.4,86.6,84.3
2261,active,0,22,94,16.3,9.8,22.1,2.4,5.1,90.7,79.8
2262,active,0,25,54,7.2,16.4,7.3,1.9,3.6,95.4,85.2
2268,active,0,26,57,9.9,15.8,31.6,5.5,6.4,73.2,73.7
2271,active,0,37,166,8.7,10.1,18.6,2.9,4.3,90.7,84.9
2275,active,0,26,57,14.7,8.9,25.7,4.8,7.1,81.1,71.9
2308,active,0,22,94,16.3,8.5,22.2,3.1,6.3,89.6,81.9
2309,active,0,29,128,12.8,12,14.1,2.3,4.9,86.3,81.3
2310,active,0,39,88,26,32.9,30.5,6.9,13.3,60.5,60.2
2323,active,0,31,138,19,15.6,18.5,2.4,4,94.4,81.2
2346,active,0,27,118,8,12.9,6.4,3,4.8,89,87.3
3787,active,0,33,148,9.6,10.6,10.5,3.1,7.4,81.6,86.5
3790,active,0,33,74,7.3,8.1,9.1,2.5,4.3,95.9,86.5
3818,active,0,29,128,6.5,6.8,7.6,1.8,4.6,74,95.3
3823,active,0,24,104,18.9,20.5,22.1,3.4,7.6,84.6,74
3827,active,0,31,138,14.7,18.2,11.9,1.9,4.1,73.2,73.9
3828,active,0,27,118,11.9,9.8,15.1,3.6,9.2,84.3,79.7
3836,active,0,20,84,58.7,46,20.5,5.9,15.2,68.8,32.1
3839,active,0,26,57,4,6.5,5.8,2.2,2.9,96.1,94.7
3842,active,0,26,114,48.6,55.1,24.8,4.8,14.2,63.4,29.8
3844,active,1,33,148,7.6,10.2,88.7,6,13.8,78.2,5.4
3846,active,0,26,114,16.7,17.5,30.2,2.5,6.8,88.4,82.5
3850,active,0,22,94,23.8,22.5,29.7,3.2,7.8,76.6,63.8
3852,active,0,27,118,15.9,19.1,17.3,2.5,6,82.6,76.3
3856,active,0,28,62,6.3,9.9,11.1,3.9,5.1,87.1,82.3
3862,active,0,24,104,13.9,18.1,12.9,3.2,5.7,90.6,75
3877,active,0,30,132,13.2,13.7,25.2,4.3,10.7,82.6,72
3884,active,0,21,90,10.9,7.8,25.6,2.2,6.9,85.3,80
3897,active,0,27,118,19.6,22,20.2,1.7,3.2,74.8,63.6
3912,active,0,28,124,18.6,15.5,14.1,2.6,6.3,89.1,79
3915,active,0,22,94,18,14.8,19.7,2.7,7.8,84.6,74.5
3924,active,0,19,80,17.3,15.5,11.8,2.7,5.2,85.6,73.8
3929,active,0,28,62,9.2,9.8,21.8,4.5,7.3,79.4,61.3
3930,active,0,24,104,24,21.7,58.4,3.5,5.9,87.7,28.8
3935,active,0,25,54,23,23.8,44.9,2.8,6.7,91.7,14.8
3942,active,0,17,35,9.1,13.7,7.1,4.1,7.8,75.7,88.6
3943,active,0,24,52,11.2,14.5,8.4,2.6,3.7,87.5,80.8
3949,active,0,21,45,25.2,32,31.2,3.3,5.9,87.8,62.2
3955,active,0,23,100,13.5,12.2,10.3,2.7,6.9,72.3,83
3956,active,0,26,57,9.1,11.4,21.3,4.3,6.3,85.5,75.4
3963,active,0,26,57,11.2,10.5,24.9,3.5,5.8,61.4,75.4
3969,active,0,23,100,11.5,14.7,11,3.2,7.4,77.5,83
3971,active,0,31,138,17.7,15.8,13.6,4.8,10.2,84.1,78.3
3976,active,0,29,128,15.8,11.8,30.5,2.4,5.2,81.1,70.3
3983,active,0,20,42,35.5,35.8,27,3.1,7.3,69.6,57.1
3984,active,0,27,118,15.6,9.4,9,3,4.8,94.5,86.4
3989,active,0,24,52,11.3,15.8,24.8,4.1,6.7,88.5,78.8
3994,active,0,26,57,19.3,22.5,9.2,1.7,3.2,94.3,77.2
4001,active,0,22,94,46,37.1,70.1,3.5,7.1,82.4,34
4003,active,0,21,90,14.4,17.4,9.1,4.1,7.5,84.7,76.7
4004,active,0,27,118,12.3,16.1,20.2,2.9,4.6,87.1,77.1
4005,active,0,33,148,6.1,8.7,10.1,2.4,4.1,90,85.8
4027,active,0,22,47,12.5,14.1,6.4,2.2,7,84.6,78.7
4029,active,0,31,138,13.4,13.8,12.7,4,8.2,84.8,72.5
4031,active,0,18,38,40.4,21.8,26.3,5,7.8,82.2,55.3
4032,active,0,19,80,16.7,19.3,24.6,3,8,69.1,72.5
4034,active,0,19,80,13.1,11.4,14.2,2.9,6.9,83.8,83.8
4039,active,0,26,114,5.9,8.1,8.3,2.7,4,88.2,93.9
4046,active,0,24,104,23.5,18.4,22.4,3,6.8,73.1,70.2
4053,active,0,23,100,57.3,52,26.2,5.4,11.4,70.5,37
4055,active,0,23,100,12.3,15.1,11.2,2.9,6.5,72.8,82
4059,active,0,26,114,8.5,8.8,8.2,2.7,4.1,91.9,90.4
4060,active,0,20,42,20.6,15.7,21.3,3.7,6.8,79.8,61.9
4070,active,0,38,172,29.1,34.6,34.6,3.3,8.9,73.8,47.7
4078,active,0,26,57,9.5,10.7,16.6,3.8,6.8,89,78.9
4079,active,0,26,57,7.6,12.8,7.4,3.7,6,84.2,89.5
4087,active,0,35,156,24.9,26.9,11.1,2.9,7.6,85.7,64.1
4091,active,0,39,176,11.1,21.9,10,2.3,4.7,88.9,75.6
4095,active,0,26,114,12.3,10.4,10.4,2.2,4.4,77.6,81.6
4103,active,0,26,114,22,23.3,27.3,3.7,6.7,75.9,64.9
4108,active,0,42,190,27,26.5,16,1.9,5,73.8,62.6
4110,active,0,32,142,20.4,15.5,17.6,2.7,6.5,87.9,72.5
4118,active,0,37,166,17.7,25.7,30,3.5,7.5,78.9,64.5
4120,active,0,30,132,11.1,6.8,11.3,1.7,5.2,79.2,84.8
4122,active,0,33,148,18.2,19.2,12.3,3.1,9.7,71.1,68.2
4129,active,0,33,148,73.5,56.6,42.2,3.5,12.3,57.4,41.2
4130,active,0,24,104,13.8,15.9,10.3,2.3,8,88,76.9
4135,active,0,22,94,2.5,6.5,4.3,3.7,5.2,93.6,100
4136,active,0,39,176,14.8,21.5,20.9,3.6,12.6,83.1,76.1
4139,active,0,34,76,4.9,6.9,5.6,2.1,3.2,96.1,93.4
4142,active,0,30,132,16.2,22.4,20.3,2.8,6.6,59.3,68.9
4151,active,0,34,152,17.5,16.5,14.6,2.5,4.5,78,78.9
4158,active,0,26,114,9.5,10,6.3,3.1,5.2,88.4,87.7
4159,active,0,22,47,32.3,17.4,22.3,4,5.8,83.5,68.1
4174,active,0,30,66,17.2,23.5,11.6,3.2,8.2,90.9,77.3
4188,active,0,22,47,11.2,15.7,28.9,3.2,6.6,84.6,76.6
4197,active,0,30,132,24.6,40.1,18.3,2.2,6.2,91.3,53
4198,active,0,45,206,62.8,57.8,31.1,3.6,11.6,73.5,49.5
4206,active,0,23,100,30.8,29.4,18.6,2.5,6.4,89,52
4208,active,0,50,230,9.5,10.6,8.1,1.8,3.7,91.6,90
4246,active,0,32,71,8,12.1,12.8,1.6,2.4,81.3,88.7
4580,active,0,66,306,57.3,51.3,89.1,8.5,18.6,46.7,41.8
4586,active,0,32,142,18.7,12.5,14.8,2.7,6.3,92.1,76.1
4594,active,0,24,104,12.3,18.1,8.4,5.5,8.3,95.9,78.8
4609,active,0,31,69,10.5,9.3,22.4,2.9,4.6,89.5,81.2
4819,active,0,38,86,6.1,6.6,4.8,2.5,2.8,100,93
4857,active,1,38,86,18.9,49.6,32,2.6,3.8,90.4,36
4881,active,0,23,50,16.1,13.1,21.6,2.9,6.8,88,78
5026,active,0,36,162,28.5,23.7,15.7,3.2,8.1,73.1,64.2
5068,active,0,32,142,19.9,21.6,23.4,4.4,8.1,74.3,71.8
5101,active,0,35,156,38.8,28.5,18.1,4.1,19.6,70.4,51.3
5103,active,0,36,162,27.9,13.4,10.2,2.3,8.7,85,75.3
5104,active,0,24,52,8.8,10.7,14.4,4.2,6.6,85.6,84.6
5109,active,0,19,40,21.5,15.3,40.4,7.4,9.1,80.6,40
5124,active,0,34,152,26.8,18.6,16,3,7.5,87.3,75
5139,active,0,24,52,13,7.6,29.8,4.3,6.7,75.5,78.8
5140,active,0,31,138,10.5,10.2,16.9,1.9,5.7,83,84.1
5141,active,0,30,66,12.6,10.2,11.6,3.2,5.7,83.3,80.3
5144,active,0,30,132,12.5,20.5,17.4,2.1,6.4,66.7,73.5
5145,active,0,35,156,23.1,21.4,16,2.9,6.9,76.4,69.2
5147,active,0,37,166,7.5,8.5,6.8,3,4.4,88.4,87.3
5153,active,0,30,66,8.2,8.9,3.7,2.3,4.9,100,89.4
5154,active,0,29,128,12.4,13.5,13.1,2.5,6.8,90.4,81.3
5162,active,0,28,124,24.2,16.7,13.3,3.5,7,79.4,75.8
5164,active,0,38,86,23.7,16.2,41.3,3.7,5.3,81.7,64
5173,active,0,37,166,19.2,14.4,12.9,2,5.7,90.8,77.7
5189,active,0,21,45,25.6,12.4,23.4,4.3,7.8,71.7,68.9
5199,active,0,28,124,8,9.8,20.8,2.8,5.6,88.3,70.2
5202,active,0,35,156,39.9,30,65,4.3,16.5,54,38.5
5204,active,0,27,59,13.5,13.8,11.7,2.6,6.6,79.7,81.4
5205,active,0,26,114,24.1,14.7,26.8,3.2,7.3,85.3,71.9
5207,active,0,31,69,17.9,17.8,12.5,2.2,7.4,55.8,72.5
5208,active,0,27,59,18,10.6,21.7,5.1,7.2,84.7,72.9
5210,active,0,29,128,10.3,11,8.3,2.9,6.3,90.2,82.8
5216,active,0,32,142,18.7,19.9,29.4,2.9,8.7,60.6,63.4
5226,active,0,32,71,12.3,6.9,7.8,3.9,5.4,79.9,84.5
5233,active,0,40,91,28.7,12,9.2,3.3,7,96.7,74.7
5235,active,0,24,52,7.5,18.7,8.7,3.1,5.2,85.1,86.5
5239,active,0,29,128,14.2,9.9,18.7,2.6,5.9,88.5,77.3
5240,active,0,28,124,20.3,10.2,10.1,2.3,7.1,79.4,76.6
5242,active,0,37,166,32.8,30.6,61.2,3.2,9.8,59.3,45.2
5245,active,0,39,176,15.1,17.5,15.7,4.8,10,90.8,66.5
5247,active,0,24,104,17.1,15.2,5.4,3.4,8.6,94.2,77.9
5248,active,0,59,136,13.2,16.2,14.9,2.2,3.1,83.1,86
5258,active,0,32,142,35.6,26.7,46.2,5.2,12.6,60.2,50.7
5265,active,0,33,148,14.7,13.3,55.6,2.5,4.7,76.2,62.8
5278,active,0,26,57,5.7,8,11.4,3.8,4.9,87.3,89.5
5281,active,0,42,190,14.4,16.5,17.1,2.7,7.2,90.4,74.7
5288,active,0,48,110,4.3,9.4,11.6,3.1,4.2,91.6,87.3
5309,active,0,26,57,16.7,15.5,23.9,3.2,6.3,82.9,75.4
5335,active,0,34,152,14.4,8.6,20.7,2.5,5.2,88.3,79.6
5352,active,0,37,166,43,33.6,36.2,2.3,8.4,60.8,65.1
5354,active,0,32,71,20.5,13.1,21.8,2.8,6.1,82,77.5
5359,active,0,32,142,20.5,17.5,17,2.4,5.6,80.5,73.9
5360,active,0,29,128,10.8,8.2,15.5,3.3,5.3,83.4,80.5
5363,active,0,31,138,12.7,15.9,14.3,2.7,5.2,80.1,79.7
5378,active,0,27,118,14.9,7.4,13.6,2.7,6.4,68.4,79.7
5392,active,0,28,124,24.6,11.3,19.8,3.3,7.7,80.4,72.6
5423,active,0,36,162,18.3,17.5,7.3,2.2,5.5,92.1,77.2
5426,active,0,33,74,12.6,15.6,13.7,4.4,5.6,86.5,79.7
5476,active,0,36,81,11.5,12.4,18,2.7,4.7,54.9,77.8
5500,active,0,26,114,15.5,13.1,21.7,4.6,10.3,87.9,77.2
5528,active,0,37,83,13.8,12.4,7.2,3.7,5.5,94.3,81.9
5531,active,0,38,86,11.5,7.9,12.6,2.4,5.2,85.8,82.6
5557,active,0,30,66,13.2,8.7,12.6,3.3,5.3,83.7,80.3
5564,active,0,35,156,32.5,21.6,34,4.1,9.6,70.7,63.5
5590,active,0,32,71,8.8,5.7,8.4,5.1,14.7,83.8,88.7
5591,active,0,35,156,12.8,13.5,15.8,3.8,8.7,75.8,79.5
5606,active,0,37,166,31.5,23.4,21.3,1.8,7.2,86.4,54.2
5607,active,0,36,81,11.5,12.4,18,2.7,4.6,54.9,77.8
5638,active,0,32,142,8.8,10.3,19.6,3.4,6.6,85.2,83.1
5674,active,0,25,108,12.6,11.7,4.7,2.3,6.7,97.7,86.1
5698,active,0,44,200,11.1,10.6,10.6,2.2,4.1,79.3,81
5713,active,0,43,196,6.6,15,10.9,1.8,3.1,90.8,86.2
5762,active,0,38,172,10,13.7,14.1,1.6,3.4,94.5,85.5
5775,active,0,37,166,18.8,15.1,20.4,1.3,4.6,83.6,76.5
5776,active,0,44,200,16,12.5,18.7,2.3,7.1,86.3,79.5
5780,active,0,41,186,18,22.9,12.5,2.2,6,80.9,76.9
5782,active,0,32,71,10.4,12.7,10.7,4.4,4.9,91.9,77.5
5783,active,0,30,66,13.7,14,10,3.9,6.2,86,77.3
5784,active,0,39,176,12.1,17,20.5,4.5,7.9,82.8,76.1
5785,active,0,28,62,20,12.6,10.3,2.1,3.8,93.5,75.8
5788,active,0,37,166,18.2,21.3,20.3,2.9,7.1,80.1,75.3
5789,active,0,33,74,10.4,11.9,12.2,2.5,5.7,94.9,81.1
5811,active,0,38,172,16.6,21.7,19.1,2.5,6.8,85.2,64.5
5851,active,0,27,59,14,10.9,23.2,2.4,6.6,88.1,79.7
5855,active,0,32,142,20.4,20.5,26.2,3.1,4.6,79.4,69
5858,active,0,30,132,16.4,15.9,14.5,2.5,7.2,87.7,74.2
5862,active,0,30,66,9,6.1,19.4,1.7,3.8,89,86.4
5916,active,0,43,196,27.2,18.3,17.1,3.2,7.3,78.8,63.3
5924,active,0,33,148,14.5,15.8,6.7,3.3,5.7,80.1,79.7
5929,active,0,32,71,10.6,9.4,8.5,4.5,6.2,86.6,84.5
5939,active,0,26,57,17.9,20.8,28.8,3.5,6.5,90.8,71.9
5941,active,0,43,98,6.9,5.5,12.7,4.1,10.4,83.2,85.7
5947,active,0,29,128,15.3,19,9.3,2.4,6.7,76.8,80.5
5972,active,0,44,100,10.6,7.9,8.4,2.8,3.3,94.5,88
5978,active,0,37,166,23.3,20,32.3,3.5,7.5,58.1,57.8
5986,active,0,46,105,10.9,9.8,11.6,1.7,2.7,93.1,83.8
6065,active,0,29,64,12,12.3,21.8,3.9,5.6,90.6,81.3
6067,active,0,26,57,9.8,13.2,15,1.8,3.6,96.9,75.4
6071,active,0,27,59,15,19.4,16.4,2.8,3.8,79.7,69.5
6074,active,0,26,57,5,7.2,13.2,2.8,4.2,90.4,87.7
6078,active,0,26,57,0.5,4.4,4,2,3,100,100
6081,active,0,30,66,8,18.1,10.9,2.6,4,84.5,80.3
6092,active,0,40,182,47.6,25.4,41.5,5.3,7.7,66.1,55.5
6103,active,0,26,57,7.2,5.4,4.8,3.3,3.8,92.5,89.5
6107,active,0,22,47,9.7,13.2,8.8,3.3,4.8,85.1,80.9
6111,active,0,28,62,15,12.2,16.7,3.6,4.7,88.7,80.6
6114,active,0,57,262,47.2,18.4,10.3,3.1,7,93.7,51.5
6116,active,0,40,182,14.3,15.7,13.6,2.6,4.5,86.4,79.7
6119,active,0,29,64,24.3,20,21.8,3.9,4.8,88.7,76.6
6120,active,0,29,64,3.9,2.2,4.8,2,3,78.9,96.9
6123,active,0,26,57,5.9,7.2,14.2,3.9,5.2,86.8,82.5
6133,active,0,28,124,5.9,8.6,11.5,1.7,3.4,81,88.7
6147,active,0,52,238,27,22.2,24.3,2.4,5,63.3,67.2
6153,active,0,38,86,4.8,5,8.3,1.5,2.1,97.7,91.9
6164,active,0,29,128,7.3,13.2,6.7,2.4,4.1,88.7,86.7
6180,active,0,30,66,9,12.4,11.5,4.4,5.9,92.4,77.3
6181,active,0,48,110,3.9,8.8,12.9,1.4,2.6,90.2,88.2
6200,active,0,33,74,4.6,4.2,9.3,1,2.1,88.2,93.2
6202,active,0,30,66,4.8,6.6,21.7,2.5,2.9,98.5,60.6
6204,active,0,31,69,12,13.2,21.9,1.7,3.2,53.6,68.1
6208,active,0,27,59,3.5,4.4,11.2,1.2,2.3,97,88.1
6212,active,1,25,54,31.2,42.9,10.2,14.7,49.3,98.1,29.6
6499,active,0,42,190,10,9.1,10,2.9,6.2,88.3,82.6
6524,active,0,36,81,5,8.7,4.5,4.3,5.9,93.8,98.8
8263,active,0,26,114,6.1,9.5,13.9,2.7,3.8,91.2,79.8
8264,active,0,28,62,5.9,6.6,8.5,2.9,4,93.5,90.3
8266,active,0,33,148,6.8,6.4,17.5,1.8,3,95.8,72.3
8267,active,0,37,166,7.9,6.7,10.5,2.3,3.6,89.3,88
8273,active,0,38,86,2.3,5.8,4.9,1.6,2.4,100,97.7
8274,active,0,21,45,8.9,5.6,21.3,3.1,6.6,90,86.7
8283,active,0,31,138,34.4,22.9,10.8,3.3,7.8,94.6,70.3
8284,active,0,24,104,17.8,25.1,7.7,3.4,9.6,91.1,72.1
8291,active,0,21,45,12.4,6.2,19.5,4.8,7.7,87.8,82.2
8294,active,0,23,50,6.6,6.9,22.3,2.6,5.4,92,88
8298,active,0,23,100,4.4,6.7,18,1.2,2,73.8,80
8302,active,0,27,118,8.6,12.5,8.9,2.7,4.2,91.7,89
8306,active,0,27,118,11,16.8,15.9,2,6.8,87.1,77.1
8312,active,0,26,114,10.6,13,9.1,3,5.6,85.3,82.5
8324,active,0,28,62,15.6,12.6,15.4,3.9,5.4,88.7,77.4
8332,active,0,22,94,10.4,11.4,13.6,2.3,5,78.2,79.8
8347,active,0,29,128,14,22.3,18.1,2.9,5.6,83.2,75
8348,active,0,26,114,15.8,16.2,12.8,3.2,7.4,86.6,73.7
8351,active,0,31,69,7.2,13.9,8.1,3.6,3.8,96.4,84.1
8352,active,0,22,47,8.6,9.7,7.5,3.6,6.2,83.5,89.4
8355,active,0,29,64,9.1,10.6,6.5,4.3,6.8,84.4,89.1
8362,active,0,25,54,21.7,22.3,21,3,5.3,75.9,63
8363,active,0,22,94,15.5,8.5,8.5,2.8,7.5,87,84
8364,active,0,32,71,10.2,9,6.3,3.8,4.8,87,85.9
8376,active,0,27,118,8.3,10.4,16.1,1.8,4.2,85,82.2
8377,active,0,40,182,12.4,13.6,10.1,2.2,7.1,94,75.3
8379,active,0,37,166,8.8,10.8,6.5,2.6,4.7,95.6,85.5
8382,active,0,34,76,10.2,18.7,11.4,2.6,3.7,84.9,73.7
8385,active,0,20,42,15.9,11.7,29.1,3.4,6.7,87.5,73.8
8390,active,0,24,52,11.4,11.8,10.8,2.6,4.7,94.7,82.7
8393,active,0,40,91,14.8,16.7,20.7,2.5,3.9,95.9,73.6
8402,active,0,23,100,4.9,6.7,5.4,2.5,4.3,89.5,95
8405,active,0,29,128,16,14.5,13.6,2.2,3.7,95.7,76.6
8406,active,0,29,64,16.8,11.6,17.7,2.6,5.1,88.3,81.3
8411,active,0,31,138,16,17.8,13.7,1.9,3.7,93.7,81.9
8420,active,0,40,182,13.3,21.4,19.8,4.4,8.1,66.2,59.3
8423,active,0,23,50,16.2,13.3,10.8,2.1,5.4,93,80
8424,active,0,28,62,8.7,8.8,6.3,2.2,3.6,98.4,87.1
8431,active,0,31,138,12.7,13.4,27.8,2.5,6.5,87.5,64.5
8434,active,0,29,128,5.5,7.8,8.6,2.3,4,96.3,87.5
8450,active,0,20,42,4.3,6.4,3.3,2.2,3.6,99.4,92.9
8452,active,0,24,52,19,18.8,17.2,2.6,4.3,87,57.7
8455,active,0,29,128,13.1,16.3,16.1,2.6,7.6,94.9,74.2
8464,active,0,21,90,7.4,9,10.3,3.3,5.4,82.2,94.4
8465,active,0,20,84,8.5,10.1,13,3.1,4.7,73.8,84.5
8466,active,0,28,124,11.1,8.1,14.6,1.8,5.3,79.6,85.5
8471,active,0,23,50,18.8,18.8,21.4,3.7,7.7,82,72
8481,active,0,26,57,4.4,5.2,8.5,2.2,3.9,87.7,98.2
8486,active,0,24,104,7.5,8.7,8.1,2.9,6.1,78.4,93.3
8489,active,0,36,162,10.5,11.5,9.5,3.9,21.1,87.8,88.9
8500,active,0,28,62,1.6,2.8,7.6,1.9,2.8,79.4,100
8521,active,0,34,152,11.2,16.2,10,1.6,3.9,92.9,81.6
8531,active,0,24,104,9,9.4,6.4,2.4,5,88.7,91.3
8535,active,0,26,114,16.1,17.7,14.5,3.2,5.4,84.2,73.7
8545,active,0,30,132,22.4,26.9,24.2,2.1,5.3,92,60.6
8549,active,0,23,100,8.7,6,15.4,2.9,5.8,92.5,85
8565,active,0,23,100,9.4,11.2,14.1,2.2,4.6,92,85
8568,active,0,31,138,5.3,7.8,8.6,1,3.6,87.7,92.8
8573,active,0,26,114,6.9,12.4,8,3.1,5.3,81.8,87.7
8581,active,0,20,84,16.8,14.7,22.6,4.6,8.8,86.3,73.8
8585,active,0,23,100,22.5,19.3,13,3.7,7.2,72.3,69
8588,active,0,33,148,6.6,10.3,8.4,2.5,6.8,87.2,87.2
8589,active,0,37,83,18.3,16.4,16.4,4.1,5.5,94.9,78.3
8593,active,0,28,124,6.7,8.7,6.4,2.3,4.1,77.8,91.1
8598,active,0,23,50,11.1,14.6,15.4,3,6.3,80,84
8599,active,0,36,162,39.5,42.8,49.5,4.3,10.9,64.4,48.8
8609,active,0,26,57,16.3,20.3,20.8,3.3,6.7,81.6,70.2
8613,active,0,25,108,4.1,3.7,6.1,2.2,3.8,84.7,95.4
8614,active,0,21,45,2.1,3.6,9.1,2.8,5.1,88.9,100
8620,active,0,28,124,17.9,19.1,33.2,2.5,7.2,84.3,63.7
8624,active,0,29,64,15.2,14.6,11.4,2.7,4.3,89.1,81.3
8629,active,0,23,50,10.7,12.7,7.5,4.9,7.6,85.5,88
8633,active,0,23,50,13.8,14.3,17.5,2.7,5,92,80
8635,active,0,24,104,17.1,22.9,13.6,1.6,3.8,76.9,76
8648,active,0,35,78,4.6,4.8,15.9,1.9,4,73.7,92.3
8649,active,0,26,57,6.2,5.2,4.9,1.6,3,100,98.2
8650,active,0,35,78,8,8.2,6.6,1.5,2.8,100,92.3
8653,active,0,37,166,6.6,5.9,11.9,1.8,3,97.6,91.6
8656,active,0,24,52,16.5,18.6,15.4,4.1,7.2,74,67.3
8664,active,0,36,81,17.5,15.8,16,4,6,77.2,81.5
8665,active,0,30,132,18.6,17.5,24.7,3,6.5,80.7,72.7
8673,active,0,35,156,12.1,20.8,12.7,2.2,5,76.4,78.2
8677,active,0,25,108,17.5,20.5,18.1,2.7,5.8,81.9,74.1
8678,active,0,41,93,14.1,11,14.3,3.2,4.7,90.3,83.9
8682,active,0,36,162,5.4,6.6,6.5,1.3,2.4,94,93.8
8686,active,0,37,166,3.9,5.3,6.2,1.8,3,89.9,97
8694,active,0,39,88,10.7,11.3,8.9,2.3,5.2,92.3,83
8697,active,0,26,57,11.6,11.7,18,3,5.5,90.4,75.4
8698,active,0,25,54,10.4,12.5,8.8,2.4,3.9,100,81.5
8700,active,0,28,124,36.4,35.7,28.9,2.4,5.6,86.9,51.6
8702,active,0,30,132,5.5,7,17.3,1.9,5.1,80.3,76.5
8717,active,0,22,47,6.1,7.7,5,2.8,4.2,97.3,97.9
8719,active,0,27,118,32.9,31.4,30.7,3,7.8,88.8,48.3
8723,active,0,25,108,9.4,9.3,9.8,1.8,3.9,99.3,94.4
8724,active,0,38,86,4.3,4.5,7.2,2.9,3.9,95.6,90.7
8729,active,0,44,100,21.3,15.1,14.1,2.4,4.2,90.8,80
8742,active,0,31,138,7.6,16.5,7.5,2,5.5,92.4,84.8
8745,active,0,20,84,8.6,13.9,15,2.2,4.9,74.1,82.1
8747,active,0,22,47,20.3,18.1,13.9,2.8,5.1,100,76.6
8748,active,0,23,50,9.9,11,6.8,3.6,5.2,96.5,92
8752,active,0,30,132,6.2,9.7,9.1,1.2,2.2,86.6,93.9
8753,active,0,30,66,6.7,14.1,12.6,2.3,4.2,93.6,87.9
8754,active,0,31,69,16,22.8,13.2,2.4,4.3,96,69.6
8756,active,0,26,57,17.3,38.4,19.2,3,5,78.1,52.6
8761,active,0,26,114,11.3,15.4,9.3,3.1,7.9,88.8,81.6
8765,active,0,34,76,19.5,20.1,14,1.3,2.7,87.8,77.6
8769,active,0,39,88,3.9,5.1,7.8,2.7,3.1,93.5,96.6
8787,active,0,43,196,9.3,7.9,11.2,1.6,3.2,87.9,89.8
8788,active,0,32,71,4.5,5.2,5.5,2,3.9,85.2,97.2
8792,active,0,29,128,28,18.8,33.5,4.3,8.4,80.5,57
8795,active,0,23,50,54.4,53.3,99.5,2.4,4.6,89,22
8804,active,0,30,132,25.4,31.9,24.5,3.2,7.2,71.8,65.2
8807,active,0,31,138,13.5,16,8,2.4,5.2,90.4,79.7
8808,active,0,35,156,9.3,8.3,23.3,2.3,4.3,86.9,89.7
8811,active,0,30,66,6.4,9.6,17.3,2.3,4.2,86.7,74.2
8812,active,0,41,186,11.5,10.4,12,2.7,4.3,88,86
8814,active,0,27,118,9.9,15.3,19.7,6.1,11.7,76.9,75.4
8822,active,0,26,57,14.1,9.4,14.3,3.2,6,90.4,80.7
8826,active,0,28,62,10,7.7,15.2,2.8,4.9,85.5,77.4
8830,active,0,22,47,1.2,4.1,5.5,2.2,3.3,94.7,100
8835,active,0,32,142,4.6,5.1,11.1,1.5,3.4,88.4,89.4
8837,active,0,33,148,18.6,18.5,12.7,2.6,4.5,87.3,73.6
8841,active,0,24,52,17.9,15,21.2,2.5,4.5,91.3,76.9
8844,active,0,27,59,11.7,8.3,10.1,2.6,4.2,93.6,84.7
8845,active,0,35,156,26.2,20.2,23.7,3.7,6.9,84.5,74.4
8848,active,0,24,52,2.3,4,10.3,1.5,2.7,92.8,96.2
8853,active,0,28,62,1.1,4.2,18.2,1.6,2.6,82.7,82.3
8856,active,0,30,66,4.2,3.7,8.2,4.4,5.5,94.3,100
8859,active,0,29,128,3.9,4.3,5.9,2.1,3.4,97.3,98.4
8870,active,0,22,47,12.4,18.2,14.6,4.4,6.4,77.1,89.4
8871,active,0,24,104,23.2,17,17.8,3.8,6.2,89.2,76
8877,active,0,27,118,22.5,21.3,19.1,2.2,5.5,91.9,72.9
8878,active,0,25,108,17.8,18.8,10.4,2.8,7.1,78.2,73.1
8879,active,0,28,62,13.8,14.5,8.8,3.6,5.3,94.8,83.9
8881,active,0,35,156,13.7,19.4,15.2,2.5,4.6,85.1,78.8
8882,active,0,25,108,18.7,15.9,14.1,3.8,6.3,84.7,75
8884,active,0,36,162,11.8,19.4,6.6,2.2,4.8,93.1,77.2
8903,active,0,27,59,12.3,12.3,13.1,2.4,3.8,88.6,83.1
8915,active,0,19,40,8.5,8,20,2.3,5,88.1,60
8917,active,0,26,57,9.1,6.1,17.4,3,5.1,96.1,86
8929,active,0,28,124,22,23.1,12.6,3.4,8.1,75.8,70.2
8932,active,0,30,66,5.2,6.3,7.7,4.8,32.9,96.6,90.9
8935,active,0,28,124,40.4,35.7,53.1,5.4,11.2,68.1,45.2
8940,active,0,33,148,6.4,7.5,7.1,3.8,8.9,93.8,94.6
8942,active,0,23,50,6,4.6,9.9,2.5,4.1,93,90
8945,active,0,21,45,14.5,16.2,20.1,4.1,7.4,76.7,66.7
8951,active,0,24,52,12.6,17.3,23.8,3.8,5.1,90.9,63.5
8953,active,0,34,152,12.8,19.7,11.5,2,4.1,86.5,77
8954,active,0,36,162,17.6,18.2,12.7,2.8,6.3,90.6,74.1
8960,active,0,29,64,5.4,6.1,8.5,2.9,4.5,74.6,100
8961,active,0,28,124,10.9,20.3,10,2.6,5.7,90.9,76.6
8963,active,0,29,64,7.9,9.2,10.7,4.9,12.7,94.1,89.1
8964,active,0,34,152,5.7,11,8.2,2,4.3,84.2,94.7
8981,active,0,27,118,23.9,23,19.6,2.5,5.5,75.6,64.4
8985,active,0,47,214,9.9,8.6,9.4,3.1,5.7,96.8,87.9
8993,active,0,24,52,7.5,10.8,6.5,3.3,5.4,89.9,92.3
8995,active,0,28,124,16.8,13.1,14.4,3.3,7.9,54.2,75
9000,active,0,20,42,41.1,34.2,23.4,3.3,6.9,79.8,54.8
9005,active,0,23,50,31,40.3,18.8,4,7.1,72.5,62
9012,active,0,27,59,27.6,32.2,13.3,4.1,6,89.4,67.8
9020,active,0,26,114,32.3,28.1,21.1,3,5.8,86.4,59.6
9022,active,0,41,186,12.4,9.3,18.6,2.3,6.2,74.7,80.6
9032,active,0,25,108,4.5,3.4,12.4,1.7,3.1,99.1,87
9033,active,0,22,94,16.3,15.3,13.9,2.5,4.4,89.4,80.9
9035,active,0,34,76,16.5,8.4,14.4,2.4,3,98.4,82.9
9038,active,1,25,54,9.8,12.4,39.2,26.8,60.8,98.1,29.6
9039,active,0,32,142,19.2,26,34.3,3.5,7,70.1,61.3
9043,active,0,22,47,4.7,8.7,16.7,2.5,5,93.6,85.1
9049,active,0,20,42,12.8,8,22,1.9,5,75.6,57.1
9054,active,0,32,71,5.7,5.8,16.6,2.2,4.2,88,70.4
9055,active,0,32,142,11.3,12.6,9,2.2,4.9,79,82.4
9057,active,0,24,52,4.8,4.5,13.2,2.4,3.6,80.8,94.2
9065,active,0,28,124,5.1,7.1,6.2,1.7,3.5,90.9,97.6
9070,active,0,24,104,15.5,12.7,12.5,2.2,4.1,94.5,84.6
9075,active,0,29,64,5.9,10.2,10.6,1.4,3,93.4,89.1
9088,active,0,35,78,7.5,8.3,11.6,3.4,5,88.5,92.3
9090,active,0,36,162,15.9,16.8,14.4,3.3,6.4,89.4,75.9
9097,active,0,41,186,9.8,9.6,13.2,5.7,19,85.1,84.9
9103,active,0,40,91,31,29.5,17.3,5.3,8.9,76.1,74.7
9106,active,0,24,104,13.5,9,11.4,2.6,4.3,90.9,87.5
9114,active,0,24,52,6.8,8.8,6.3,2.4,5,85.6,96.2
9127,active,0,22,47,23.2,33.8,19.7,1.8,3.7,74.5,48.9
9136,active,0,34,152,8.4,9.9,9.9,1.8,3.9,93.4,88.8
9149,active,0,29,64,13.4,14.3,10.6,1.5,2.3,82.4,78.1
9154,active,0,25,54,10.3,8.6,8.7,1.6,3.2,100,83.3
9156,active,0,31,69,26.5,24.8,23.8,2.1,4.2,87.3,69.6
9162,active,0,28,62,7.5,9.1,10.7,3.5,5.4,95.2,85.5
9163,active,0,25,54,5.3,8.7,11.4,3.7,4.8,94.4,77.8
9169,active,0,21,90,3,5.5,24.5,2.3,4.5,48.3,46.7
9174,active,0,26,57,3.7,4.9,10.8,1.7,3.2,92.5,75.4
9179,active,0,23,100,15.2,17.9,25,2.3,4.4,93.8,71
9191,active,0,30,66,8.5,12.3,11.8,3.1,5.5,88.6,80.3
9192,active,0,26,114,13.5,12.8,9.6,2,4.7,89,85.1
9193,active,0,40,182,21.3,15.4,10.7,2.6,6.6,77.7,71.4
9200,active,0,33,74,10,12.7,10.2,3.2,4.4,93.2,82.4
9204,active,0,26,57,10.4,12.9,6.8,3,5.9,96.9,80.7
9205,active,0,23,100,13.3,14.3,14.5,3.4,6.5,87,73
9227,active,0,30,132,14.5,11,19.3,2.7,5.3,93.2,79.5
9235,active,0,34,76,20.3,15.4,15.2,3.5,5.7,86.5,78.9
9237,active,0,24,104,36.7,47.3,38.1,3.7,12.6,75.2,57.7
9248,active,0,36,162,13.9,14.7,19.5,1.9,3.6,94,69.8
9251,active,0,27,59,10.7,15.1,11.5,2.8,5.2,69.1,78
9260,active,0,34,152,25.2,47.6,14,4.2,9.2,73,57.9
9281,active,0,24,104,17.9,12.3,12.9,2.9,8.3,93.3,76
9282,active,0,36,81,16,12.6,20,3.4,5.1,92.9,77.8
9284,active,0,28,124,8.3,14.7,16.5,2.4,5.6,84.7,83.9
9300,active,0,35,156,26.4,28.3,30.8,3.9,9.8,81.9,63.5
9306,active,0,29,128,14.6,15.9,14.1,5.3,24.8,84.2,79.7
9311,active,0,29,128,9.1,14.1,14.6,2.1,4.2,59.4,87.5
9324,active,0,25,108,9.9,8.5,9.7,2.5,5.6,91,88
9333,active,0,32,142,7.6,8.2,5.4,1.9,3.4,92.4,90.8
9347,active,0,31,138,5.3,8.1,9.4,2,6,92.9,89.1
9355,active,0,25,54,4.2,6.1,9,3.1,4.6,88.4,90.7
9359,active,0,36,162,16.1,18.6,12.3,3.8,8.5,79.3,75.9
9366,active,0,28,62,10.5,20.6,7.3,3,5.2,81.9,82.3
9382,active,0,30,132,11.4,23,17.3,3.5,5.1,70.3,67.4
9385,active,0,32,142,13.8,19.7,20.4,3,5.3,79.2,66.2
9387,active,0,34,76,20.7,19.7,27.7,4.1,5.7,87.2,59.2
9396,active,0,27,118,31.3,26.3,15.9,3.2,4.9,83.7,56.8
9404,active,0,43,196,18.6,21.5,22.1,2.8,7.8,84.8,70.4
9409,active,0,27,118,20.6,16.1,17.5,5.2,13.4,53.6,72.9
9410,active,0,32,142,17,12.2,31.1,3.6,7.4,87.9,71.8
9411,active,0,29,64,12.3,15.6,13.8,3.9,5.4,78.9,76.6
9413,active,0,29,64,16.7,18.8,13,4,5.1,92.6,71.9
9414,active,0,33,74,13.1,13.7,20.5,3.2,4.5,94.3,82.4
9419,active,0,28,124,17.8,14.6,11,2.4,5.3,85.5,78.2
9423,active,0,23,100,13.6,7.1,11.2,2.1,5,88.5,80
9428,active,0,22,94,16.6,24.7,8.2,3.8,8.2,82.2,70.2
9448,active,0,27,118,15.5,11.5,13.9,2.6,5.1,87.1,76.3
9451,active,0,28,124,14.3,17,17.3,2.8,6.2,59.9,73.4
9456,active,0,30,66,15.4,14.3,15.1,2.6,4.5,92.4,78.8
9458,active,0,32,71,12.9,9.6,17.9,2.9,4.8,86.6,81.7
9462,active,0,22,47,25.6,19.8,29.6,4,6.3,68.6,68.1
9463,active,0,34,76,10.4,8.4,16.1,3.7,6.6,81.9,86.8
9464,active,0,31,69,26.8,33.3,24.9,3,6.5,81.9,63.8
9465,active,1,27,118,42.8,57.6,47.6,10.9,10.6,61.2,0.8
9470,active,0,19,40,6,12.6,30.1,4.4,6.2,77.5,75
9471,active,0,20,42,17.1,14.8,15.9,4,8.6,83.9,73.8
9473,active,0,23,50,7.6,13.1,6.2,3.8,5.6,97,86
9484,active,0,38,86,8.5,17.4,19.6,3.5,5.3,86,79.1
9487,active,0,29,128,33.5,33.3,26.7,2.5,6.3,64.5,52.3
9494,active,0,31,138,17.2,15.5,25.7,2.3,5.4,90.9,78.3
9495,active,0,28,124,27.2,26,17.5,4.2,11.6,62.9,54
9518,active,0,41,186,17.2,22.6,41.7,3.1,8.3,69,58.6
9524,active,0,43,196,22.4,28.9,59.4,3.8,7.2,70.8,48
9526,active,0,64,148,6,8.7,10.1,3.4,3.7,86,91.2
9535,active,0,47,214,32.4,26.5,43.6,4.5,11.9,75.7,60.3
9546,active,0,50,115,11.4,12.8,11,5.2,7,86.3,82.6
9560,active,0,38,86,11.7,11.3,18.2,2.3,3.2,93,82.6
9565,active,0,35,156,9.3,10.4,13.9,2.1,4.2,90.4,85.3
9566,active,0,42,95,9.8,8.5,11.6,1.6,2.8,94.2,87.4
9576,active,0,43,196,5.5,7.4,10.1,1.8,4.4,93.8,89.3
9577,active,0,29,64,11.3,7.7,13.6,2.5,5,86.3,79.7
9619,active,0,29,128,23.7,33.2,48.2,4.6,10.5,61.7,45.3
9620,active,0,38,86,10,11,10.4,3.2,5.7,90.1,84.9
9644,active,0,21,45,11.6,17.5,11.2,3.9,6.8,88.9,77.8
9651,active,0,20,84,6.4,7,19.2,1.4,4.3,94,88.1
9653,active,0,25,108,14.3,10.9,10,2.4,2.9,96.3,88
9680,active,0,21,45,12.4,10.6,14.5,2.9,4.6,86.7,82.2
9708,active,0,25,108,74.1,41,12.6,5.7,13.4,71.3,40.7
9711,active,0,23,100,17.3,20.8,11.6,3.1,6.6,84.5,79
9721,active,0,18,76,12.6,13,8.5,3.1,6.7,84.9,80.3
9722,active,0,20,84,14.7,11.3,12,4.5,12,80.7,78.6
9726,active,0,24,104,19,15.3,12.4,2.5,5.9,89.2,76
9748,active,0,25,54,39.1,41.1,28.9,3.3,5.6,87.5,51.9
9751,active,0,29,128,5.3,4.7,4.5,1.4,2.6,93.8,96.9
9754,active,0,28,124,4.8,6,13.3,1.7,4,87.7,92.7
9755,active,0,23,100,18.1,14.4,8.4,2.9,6.7,78.8,78
9764,active,0,33,148,15.4,16.4,26.1,4.2,8.2,90.7,79.7
9821,active,0,24,52,25.1,32.2,38.1,3.7,7.4,77.9,42.3
9825,active,0,41,186,12,18.2,20,1.9,5.1,86.6,77.4
9847,active,0,43,196,9.1,7.1,14.9,2.7,4.4,88.6,87.8
9849,active,0,33,148,17.7,18.8,15.8,2.4,5.7,66.4,76.4
9946,active,0,38,86,12.3,9.2,12.9,3.5,4,89.8,82.6
9947,active,0,29,128,29.6,27.4,12,4.8,10.9,75.2,58.6
9957,active,0,35,156,8.2,8.5,7.7,2.5,4.5,87.2,87.8
9961,active,0,30,66,9.6,6,10.4,2.8,5.4,74.2,83.3
9971,active,0,23,100,13.4,14.8,13,2.8,5.3,70.5,85
9978,active,0,24,104,10.6,9.3,10.4,3.5,5.9,76.4,86.5
9981,active,0,40,182,28.9,23.8,30.3,3.4,8,80.2,67
10022,active,0,25,108,3.2,5.1,13.6,2.9,4.3,93.5,92.6
10024,active,0,28,124,7.9,11.1,14.3,2.7,5.7,87.7,84.7
10037,active,0,22,47,7.3,7.8,12.3,2.2,4.2,95.2,87.2
10054,active,0,24,104,8.7,12.8,12.4,3.9,6.3,85.8,86.5
10059,active,0,25,54,9.1,8.6,8.1,2.5,4.2,97.7,87
10063,active,0,27,118,5.4,5,8,2.8,5.1,92.4,98.3
10069,active,0,27,59,4.7,6.3,14.5,1.8,4,94.1,91.5
10107,active,0,36,162,6,8.5,8.2,2.8,6.9,94.8,88.9
10115,active,0,35,78,4.9,4.9,8.3,1.3,3.3,92,93.6
10125,active,0,22,47,20.1,18.8,12.2,3.1,4.3,100,76.6
10191,active,0,28,62,5.2,7.8,11.9,2.6,3.9,91.9,87.1
10298,active,0,31,138,80.3,48.3,72.5,6.9,14,48.7,36.2
10306,active,0,39,176,13.6,13.7,18.6,2.5,5.8,89.5,80.1
10317,active,0,41,186,7,9.3,16.7,1.4,4.9,89,86
10320,active,0,29,64,29.6,36.2,30.4,4.6,6.9,85.2,51.6
10328,active,0,34,152,5.7,5.2,8.8,1.8,2.9,87,94.1
10330,active,0,27,118,5.5,7.1,9.9,2.8,4.3,59.3,92.4
10336,active,0,29,128,9.8,8.1,11.2,3.2,4.9,91.2,85.9
10337,active,0,21,90,19.8,12,25,2.2,4.6,81.9,73.3
10355,active,0,42,190,11,12.7,19.7,2.1,4.1,84.6,80
10364,active,0,28,62,7.2,7.1,13.1,2.9,4.8,94.8,90.3
10369,active,0,25,54,5.8,5.8,7.2,2,4,86.1,94.4
10420,active,0,28,124,10.4,12.6,17.6,2.4,5.3,83.1,70.2
10432,active,0,29,128,4.1,9.5,6.8,2,3.2,97.1,97.7
10438,active,0,29,128,12,9.7,15.7,3.9,6.7,85.4,82
10455,active,0,22,47,8,9.3,11.6,3.6,4.7,100,85.1
10459,active,0,19,40,7.7,8.4,7,1.9,4.2,93.8,95
10471,active,0,27,59,8.8,8.4,7.9,2.4,5.5,95.8,81.4
10474,active,0,35,156,11.2,9.8,13.2,3.2,4.7,94.6,82.7
10530,active,0,31,138,9.5,11.1,17,2,4,98.2,78.3
10553,active,0,33,148,8.1,7.7,13.4,2.4,4.5,92.6,87.8
10556,active,0,33,148,11.2,10.8,9.9,2.3,4.1,93.8,85.8
10581,active,0,21,45,7.4,10.1,13.3,2.4,5.2,93.9,84.4
10592,active,0,22,94,11.5,9.4,16.1,2.4,4.5,82.7,86.2
10594,active,0,26,57,8.4,12.4,15.8,3.5,6.9,83.3,77.2
10595,active,0,19,40,13.1,5.9,19.8,3.3,6,97.5,80
10596,active,0,30,132,13.1,15.5,22.4,3.3,6.5,93.9,80.3
10597,active,0,25,54,27.7,21.6,12.9,3.7,5.2,92.6,72.2
10601,active,0,29,128,13.1,13.7,19.2,3.2,5.4,55.5,75
10602,active,0,20,42,30.5,32.4,39.3,4.5,7.2,84.5,57.1
10608,active,0,34,152,25.2,28,24.1,2.7,6.8,70.9,57.2
10609,active,0,25,54,19.7,17,20.6,3.2,5.8,87.5,74.1
10610,active,0,24,104,15.2,8.8,30.2,1.8,6.1,90.4,57.7
10611,active,0,21,90,5.2,7.8,9.1,3.1,6.1,91.1,86.7
10615,active,0,27,118,18.2,18.5,12.7,2.3,6.4,80.3,74.6
10623,active,0,32,71,14,10.6,22.6,2.2,4.3,90.5,80.3
10624,active,0,41,186,13.1,11.4,12.8,2.8,7.6,87,75.8
10626,active,0,25,54,11.8,11.4,25,3.1,4.7,81,79.6
10640,active,0,22,47,7.3,8.3,19.3,4.4,5.9,78.2,89.4
10642,active,0,34,152,23.3,19.3,30.1,3.1,7.2,78.9,54.6
10646,active,0,24,104,24.3,34.2,26,3.3,7.8,74.3,52.9
10650,active,0,25,54,18.9,33.2,28.2,3.3,5.9,74.1,57.4
10662,active,0,27,118,21.2,16.1,25.1,2.8,5.2,85,71.2
10668,active,0,37,166,26.7,22.8,16.1,3.6,8,80.9,61.4
10681,active,0,36,162,10.5,21.5,12.8,2.6,4.2,92.3,75.3
10695,active,0,28,124,16.9,17.1,14.9,3.2,5.9,83.3,76.6
10696,active,0,27,118,24.9,26.5,19.2,3.5,9.1,90.7,61.9
10699,active,0,37,83,7.7,11.1,7.7,4.8,15.6,87.3,85.5
10705,active,0,26,114,25.4,20.5,29.8,2.9,7,82.9,63.2
10711,active,0,27,118,61.3,19.6,21.4,4.9,14.7,58.3,44.1
10714,active,0,23,100,18.7,19.5,12.7,3,8.3,84,70
10721,active,0,20,42,19.9,22.5,9.4,5.9,8.9,83.3,64.3
10737,active,0,22,47,4,7.4,4.1,3.8,5.3,100,100
10739,active,0,21,90,17.3,19.5,28,3.8,7.5,83.3,71.1
10749,active,0,27,59,17.6,15.9,29.5,2.4,5.2,60.6,39
10756,active,0,25,54,10.3,10.3,7.4,3.1,4.9,88.9,88.9
10761,active,0,22,47,19.1,23.7,26.1,3.2,5.8,93.1,68.1
10765,active,0,31,69,19,11.4,27.3,2.5,4.5,77.2,50.7
10774,active,0,33,148,21.6,34,23.3,5.8,12.7,91.9,53.4
10784,active,0,43,196,13.3,11.3,16.6,2.7,5.3,86.6,81.6
10786,active,0,33,74,10.7,12.5,13.6,3.2,7.7,86.8,81.1
10791,active,0,32,71,8.6,7,8.1,2.1,4,90.5,88.7
10793,active,0,28,62,37.3,19,16.7,2.7,6,87.1,64.5
10794,active,0,22,47,14.8,12.8,5.9,2.3,6.4,98.4,83
10797,active,0,30,132,7.8,18.9,8.1,2.4,5,88.1,81.8
10803,active,0,21,90,9.6,16.7,9.6,3.3,6.5,83.1,85.6
10805,active,0,24,104,41.6,22.5,40.7,4.8,11.9,70.4,53.8
10810,active,0,18,76,25.5,12.3,47.1,3.6,8.2,81.9,61.8
10811,active,0,21,90,20.8,17.8,31.4,3.2,8,79.7,66.7
10815,active,0,27,118,12.9,13.3,13.6,2,4.9,78,83.1
10817,active,0,18,38,21.7,18.1,29.3,4.1,8.6,82.9,57.9
10820,active,0,21,90,23,30.4,20.8,6.6,15.7,60.3,66.7
10821,active,0,20,84,20,19.8,20.4,2.6,6.5,72.9,64.3
10823,active,0,20,42,28.3,21.6,44.7,3.3,7.6,79.2,66.7
10824,active,0,33,74,10.9,7.3,10,4.5,5.8,94.6,87.8
10836,active,0,27,59,22.4,18.3,15.8,3.5,5.8,85.6,72.9
10839,active,0,26,114,17.4,17.8,19.9,2.4,6.8,83.1,71.9
10848,active,0,28,124,19.1,15.7,14,2.6,7.2,78.8,73.4
10850,active,0,24,104,13,16.5,21,2.1,6.5,73.8,60.6
10854,active,0,19,40,23.1,12.4,14.9,5.4,7.6,56.3,72.5
10860,active,0,26,114,15.7,14.6,8.4,3.7,7.3,82.2,78.9
10863,active,0,31,138,20.5,23.2,17.4,2.3,4.7,90,62.3
10867,active,0,35,156,10.2,11.9,13.8,1.9,7.3,88.1,87.8
10868,active,0,22,47,10.4,10.2,5,2.7,5.3,100,85.1
10871,active,0,25,108,8,8.6,10.5,2.6,3.8,92.4,89.8
10878,active,0,22,47,14.4,7.8,21,5.2,7.1,86.2,78.7
10880,active,0,23,50,19.1,15.6,15.4,3.8,6.7,82.5,70
10885,active,0,23,50,14,5.7,21.9,3.5,6.3,93,78
10888,active,0,21,90,18.3,14.6,29.7,3.7,8.4,73.9,76.7
10890,active,0,22,94,15.4,14.5,19.6,2.8,7.6,88,81.9
10894,active,0,22,94,18.3,15.3,18,3,6.6,88.8,74.5
10897,active,0,32,142,17.8,29.4,42.1,4.9,11.5,67.8,54.2
10907,active,0,28,62,17.9,17,15.4,3.8,4.6,86.3,77.4
10908,active,0,26,114,26,28.1,14.8,2.9,9.1,78.3,63.2
10909,active,0,38,172,12.6,11.8,9.8,4.6,6.5,85.5,83.1
10914,active,0,22,47,30.8,19,46,3.4,6.1,81.4,48.9
10922,active,0,26,57,12.8,13,14.4,2.4,5,94.3,78.9
10925,active,0,23,50,37.5,41.3,23.5,5.4,6.9,69,54
10926,active,0,41,186,49.8,51.6,77.8,4.6,16,57.5,41.4
10930,active,0,24,104,16.2,10.2,9.1,4.4,10.2,76.9,80.8
10931,active,0,30,66,13.3,10.3,11.2,4.4,5.7,90.2,83.3
10932,active,0,28,124,24.1,19.3,23.6,3.9,7.5,90.9,65.3
10934,active,0,22,47,25.8,13.8,23.4,4.1,5.4,79.8,72.3
10936,active,0,18,76,59.8,38.8,34,5.7,16.7,43.4,38.2
10946,active,0,21,45,10.3,12.4,7.6,2.7,7.2,87.2,80
10948,active,0,22,94,23.4,27.7,16.3,2.2,7.5,69.7,62.8
10951,active,0,24,52,14.5,12.2,20.7,3.2,5.3,89.9,76.9
10953,active,0,25,108,12.9,12.7,9.6,2,6.5,83.1,78.7
10954,active,0,23,100,11,8.7,4.7,3.1,6.4,100,85
10958,active,0,22,47,14.6,11.9,20.5,4,5.9,89.4,66
10961,active,0,24,104,6.1,6.2,14,2.5,5.1,86.3,88.5
10975,active,0,33,148,13,10.8,16.4,2.8,9.9,64.5,72.3
10976,active,0,26,57,11.9,23.6,8.5,4.2,6.4,96.1,71.9
10980,active,0,25,108,9.3,8.8,8.1,2.3,6,79.2,86.1
10995,active,0,24,52,45.7,47.8,38.7,1.9,5.5,88,34.6
11000,active,0,20,42,19.2,11.5,23.7,3.4,7.2,86.9,76.2
11004,active,0,22,47,11.7,11.1,30.3,4.7,7.1,86.2,74.5
11024,active,0,22,47,27.2,7.2,28.8,3.5,7.5,75,78.7
11032,active,0,26,114,14.2,10.9,22.4,3.4,6,85.7,78.9
11043,active,0,24,52,7.9,8.8,13.5,2.7,4.8,74.5,75
11049,active,0,27,118,55.7,54.2,51.6,5,14.7,53.2,44.1
11050,active,0,35,156,35,45.2,35.1,5,14,64.9,41.7
11056,active,0,23,50,22.8,14.3,34.4,4.8,6.7,82.5,66
11069,active,0,31,138,22.1,14.9,15.4,2.1,4.9,88.8,73.9
11089,active,0,32,142,11.5,12.5,24,2.6,5.8,89.4,73.2
11091,active,0,22,94,27.7,20.4,25.6,3.4,8.9,84,53.2
11097,active,0,32,142,18.6,15.1,22.5,2.3,5.7,89.8,76.8
11102,active,0,27,118,35.1,23.3,23.6,4.3,8.1,74.6,63.6
11108,active,0,30,66,19.1,25.7,23.6,2.4,5.4,92.8,66.7
11114,active,0,30,66,5.7,8.5,8.4,2.6,4.9,85.2,95.5
11142,active,0,28,62,10.3,5.4,19.6,3,5,91.5,83.9
11145,active,0,38,86,6.9,6.9,6.8,2,3.7,86.3,93
11148,active,0,26,57,12.7,4.9,19.5,2.8,5.3,91.7,80.7
11149,active,1,24,52,30.9,19.1,28,6.3,18.7,48.1,42.3
11150,active,0,26,114,19.3,13.8,11.1,4.5,7.6,87.9,78.9
11153,active,0,30,66,6.9,7.8,7.3,2.7,3.9,98.1,87.9
11155,active,0,24,104,33.7,24.3,30.7,2.3,6.7,82.9,60.6
11165,active,0,23,50,8.5,9.4,9.2,5.5,6.4,85.5,90
11170,active,0,23,100,12.2,15.2,16.7,2,6.3,87.5,77
11184,active,0,34,152,10.3,16.4,10,2.1,5.5,90.6,83.6
11185,active,0,29,128,17.7,12.3,10.8,3.3,5.6,89.3,79.7
11190,active,0,34,152,30.2,22,13.7,2.7,8.1,82.6,67.8
11191,active,0,33,74,9.5,11.5,11.8,4.1,5.6,83.8,86.5
11198,active,0,25,54,13.3,13.6,24.3,3.6,6,89.8,72.2
11208,active,0,22,94,18.6,15,32,2.7,6.4,88.3,51.1
11212,active,0,26,114,13.1,26,9.7,3.2,6.1,84.4,73.7
11214,active,0,29,128,17.5,21.5,10.6,3.7,7.8,75.6,73.4
11215,active,0,38,172,30.1,24.3,27.8,2.5,7.1,73.8,61.6
11219,active,0,27,59,10.6,10.3,13.7,4.2,5.2,88.6,84.7
11229,active,0,22,47,18.4,9.7,12.2,4.4,8.2,73.9,80.9
11232,active,0,30,66,15.3,15.7,29.3,3,5.8,82.6,75.8
11236,active,0,29,128,20,10.7,18,2.2,7.7,80.9,72.7
11251,active,0,41,186,27.1,16.2,29,3.5,7.9,76.2,68.3
11253,active,0,36,162,12.6,8,14.4,3.3,6.5,88.3,84.6
11263,active,0,28,62,19.3,15.3,21.2,4.2,6.2,89.9,80.6
11265,active,0,22,47,17.1,17.4,15.1,4.1,5.6,92,80.9
11266,active,0,21,90,24.3,18.8,31.3,4.2,7.5,71.9,62.2
11269,active,0,25,108,20.5,15.2,35.1,3.2,6.4,81.7,65.7
11271,active,0,21,45,13.3,14.1,26.7,5.8,8.6,86.1,80
11275,active,0,18,76,17.9,17.8,15.9,3.3,9.2,78.9,73.7
11276,active,0,27,59,5.1,7.3,13.5,2.7,5.1,86.9,88.1
11280,active,0,19,80,54.2,53.2,49,5,13.5,51.6,37.5
11282,active,0,26,57,15,13.3,14.9,3.7,10,76.8,84.2
11300,active,0,23,100,10,6.5,9.2,2.5,5.6,92.5,86
11303,active,0,25,108,17.2,18.5,16.2,2.5,6.9,71.8,74.1
11304,active,0,21,45,17,6.2,10.6,6.2,7.4,78.3,77.8
11307,active,0,24,52,9.2,6.1,13.8,3.6,4.7,93.8,86.5
11320,active,0,34,152,11,11.4,22.1,2.5,6.4,89.5,82.9
11323,active,0,39,176,9.5,12.3,7.4,2.6,5.9,90.2,84.1
11334,active,0,26,57,17.3,10.5,13.2,3.3,5.4,89.5,77.2
11338,active,0,25,54,16.6,33.7,16.7,2.8,5.7,75.5,59.3
11341,active,0,39,176,23.3,22.8,20.9,2.2,7.6,56.4,69.9
11343,active,0,40,182,6.9,9.6,11.6,3.2,5.3,76.6,89
11346,active,0,33,74,14.8,12,13.5,3.6,5.4,86.8,82.4
11348,active,0,41,186,9.9,9.9,11.4,2.1,5,88.8,84.9
11349,active,0,29,128,18.7,17.8,19,2.4,6.5,88.9,71.9
11351,active,0,45,206,6.3,6.2,10.7,1.8,4.2,90.9,90.3
11353,active,0,30,132,42.3,48.6,65.8,3.7,16,50.9,40.9
11357,active,0,33,148,11.2,10.7,12.4,3.4,8.7,68.8,81.8
11359,active,0,41,186,15.7,12.5,10.2,1.6,4.4,88.8,83.3
11364,active,0,40,182,17.9,19,25.9,2.8,6.5,75.7,70.3
11366,active,0,32,71,15,8.4,24.6,3.2,4.9,89.4,81.7
11375,active,0,45,206,15.2,14.6,26.3,1.9,5.8,90.7,77.7
11376,active,0,30,66,9,11.2,12.8,3.5,4.2,88.3,75.8
11379,active,0,43,98,14.1,10.3,17.7,3.2,5.2,87.8,78.6
11381,active,0,49,224,2.9,7.1,10,2.3,4.8,92.6,89.3
11383,active,0,25,54,16.1,12.2,11.2,1.8,2,89.4,79.6
11392,active,0,36,81,5.3,6.1,7.7,2.2,3.3,96.9,92.6
11398,active,0,27,118,56.2,25.5,11.8,15.5,45.2,95.1,51.7
11400,active,0,31,138,4,4,13.1,2.5,5.2,95.7,87
11404,active,0,26,57,2.5,6.2,3.7,1.7,3.4,96.1,100
11417,active,0,30,132,25.5,32.7,54.1,5.7,10.1,67,62.1
11432,active,0,36,162,3.9,10.7,5.9,3.2,4,90.1,93.2
11442,active,0,39,176,25.7,11.4,10.8,1.7,3.7,85.1,59.1
11446,active,0,34,152,14.9,15.2,5,1.8,4,96.4,82.9
11451,active,0,38,86,11.1,11.9,12.8,1.8,3.2,100,82.6
11472,active,0,35,128,8.4,7.8,9,2.1,4.4,87.7,91.4
11557,active,0,28,124,11.1,13.3,7,25.9,72,86.9,87.9
11558,active,0,31,138,5.8,5.6,9,13.9,24.2,90.4,84.8
11563,active,0,36,162,8.6,12.2,12.6,2.1,4,89.5,77.8
11603,active,0,29,128,9.9,10.3,16.4,2.6,4.7,92,83.6
11606,active,0,23,100,5.5,11,3.6,4,7.3,93.3,88
11658,active,0,28,62,11,15.7,13.6,2.9,4.4,70.2,82.3
11675,active,0,33,74,13.4,12.8,10.7,1.6,3.8,94.6,83.8
11733,active,0,34,152,5,8.5,5.9,3.7,8.1,95.9,96.7
11778,active,0,25,45,17.1,13.3,23.9,4.2,8,91.1,77.8
11842,active,0,54,103,6,5.3,12.3,2.6,3.5,94.7,94.2
11854,active,0,28,100,14.5,11.6,14.3,3.3,5.8,80.8,84
11863,active,0,57,109,3.5,4.2,7.6,2.1,2.7,87.8,99.1
11872,active,0,38,140,6.4,7.8,13.1,2.2,4.5,87.9,82.9
11874,active,0,33,60,4.7,6.1,5.4,1.6,3.8,94.6,95
11880,active,0,55,210,8.7,12.2,16.3,30.9,86.7,84.3,77.6
11889,active,0,40,148,3.3,4.2,5.7,1.2,2.6,89.2,99.3
11920,active,0,43,162,1.7,2.5,5.7,1.5,7.2,99.4,100
11928,active,0,48,182,2.2,4,5.3,1.5,2.1,99.5,98.4
11932,active,0,68,262,10.5,9.8,9.7,2.9,5.5,79.8,82.8
11945,active,0,52,99,7.5,8.7,10,2.7,4.4,96.5,86.9
11953,active,0,40,148,44.7,48.4,40,8.2,22.1,91.2,43.9
11969,active,0,50,95,7.9,5.8,5.7,2.6,3.3,97.6,95.8
11980,active,0,51,90,6.5,6.1,7.4,1.5,2.6,97.8,92.2
12158,active,0,63,114,7.5,9.7,8.6,2.3,3.6,84.2,90.4
12171,active,0,45,78,20.3,37.4,12.9,1.7,2.8,88.1,67.9
12190,active,0,45,39,4.4,5.5,9.5,1.4,1.9,94.9,92.3
12194,active,0,49,43,2.9,8.4,10,1.9,2.2,93.6,90.7
12225,active,1,71,130,31.1,19.1,60.5,4.5,8.5,85.8,40
12226,active,0,80,148,30.7,37.3,34.2,2,4.8,77.5,60.8
12237,active,0,70,64,1.4,3.5,4.9,1.4,2.4,94.9,100
12238,active,0,67,122,3.7,7.4,7.2,0.8,1,93.6,92.6
12244,active,0,71,130,11.8,17.5,12.9,1.6,6.4,98.8,81.5
12254,active,0,44,38,31.5,36.1,50.1,1.6,2.3,99.3,26.3
12269,active,0,55,49,1.8,6.5,11.7,1.1,1.3,91.8,93.9
12286,active,0,47,41,9.7,7,4.9,1.5,1.9,93.3,82.9
12343,active,0,34,124,9.3,8.9,9.6,2.2,4.2,89.5,81.5
12344,active,0,26,46,16.7,10.5,19.6,3.7,5.2,89.7,73.9
12376,active,0,42,156,23,18.8,12.8,2.5,7.4,86.5,62.2
12434,active,0,36,66,5.9,6.8,6.6,3.1,3.9,94.7,95.5
12454,active,0,28,50,10.3,8.7,12.7,1.7,3.6,89.5,84
12464,active,0,35,64,8.3,8.7,16.6,2.3,4.5,87.1,76.6
12469,active,0,32,116,12.4,21.3,14.5,2.7,4.2,62.3,74.1
12472,active,0,32,116,11.4,15.6,20.6,4,5.9,80.2,70.7
12496,active,0,36,132,25.6,54.2,8,7.6,15.9,94.9,47
12507,active,0,32,116,11.2,7.7,18.7,2.4,3.6,94,81
12510,active,0,27,48,12.5,9,21.4,3.6,4.8,91.1,83.3
12555,active,0,46,174,13.7,9.6,9,1.7,6.7,86.1,80.5
12590,active,0,29,52,13.8,8.6,26.6,2.5,4.9,88,78.8
12612,active,0,31,56,7.7,8.9,11.2,2.3,4.1,89.7,89.3
12617,active,0,31,56,6.2,6.5,5.7,2.9,4.3,89.7,92.9
6,staging,0,20,35,23.8,20.4,13.3,3.3,6.9,87.1,68.6
136,staging,0,39,88,7.4,16.8,7.8,2.2,2.7,88.4,80.7
139,staging,0,34,76,5.4,9.3,7.8,1.8,3.3,86.8,96.1
143,staging,0,33,148,31.9,29,17.5,3.7,7.5,65.9,62.2
144,staging,0,40,91,5.9,9.8,7.6,2.6,4.7,91.5,91.2
145,staging,0,29,64,8,9.8,11,3.7,7.1,85.9,89.1
146,staging,0,48,220,44.4,43.1,37.6,3,6.7,61.3,44.5
147,staging,0,52,238,8.8,10.1,14.5,2,4.1,91,82.4
148,staging,0,56,258,15.7,16.5,13.8,1.8,2.9,77.7,76.4
149,staging,0,45,206,12.8,13,15.3,2.4,5.1,94.3,80.1
150,staging,0,54,248,10.9,10.7,8.8,1.8,4.4,90.5,86.7
151,staging,0,53,122,3.5,4.3,5.5,1.5,2,95.9,95.9
152,staging,0,20,84,15.8,21.3,9.6,2,6.2,81,72.6
154,staging,0,48,220,11.1,11.5,10.5,9.4,18.9,86.1,75.5
155,staging,0,61,282,4.5,7.4,21.2,2.2,7.9,57.4,46.5
156,staging,0,34,76,6.8,7.6,7.5,2.9,4.5,92.8,93.4
157,staging,0,48,110,3.8,4.5,3.9,3.3,4.5,95,100
158,staging,0,46,210,2.9,3.7,7,7.6,19.2,96.7,99
159,staging,0,56,258,5.1,6.8,6.3,3.1,5.8,91.7,95.7
160,staging,0,52,119,5.9,5,4.7,2.1,3.6,96.4,94.1
161,staging,0,64,296,6.5,9.9,10.3,2.2,3.5,94.4,88.5
162,staging,0,36,81,4.4,5.2,5,2.1,3.3,98.1,97.5
164,staging,0,61,141,10.9,7.1,12.2,3.6,6.1,81,79.4
165,staging,0,41,93,5.1,6.1,9.2,3.1,4.4,83.9,94.6
166,staging,0,66,306,12.2,12.8,9.3,3.1,8.4,91.7,76.1
167,staging,0,58,268,33.4,46.4,9.1,6,10.8,91.9,48.9
168,staging,0,38,172,9.7,18.7,25.1,3.2,7.9,69.5,62.2
169,staging,0,53,244,16.8,18,11.8,19.1,60.3,88,76.6
170,staging,0,57,262,9,10.7,12.1,14.9,36.9,81.7,84
171,staging,0,53,244,5.8,7.9,7.5,2.1,3.5,98.8,92.2
173,staging,0,54,248,3.1,4.6,8.9,3.7,5.5,91.2,91.5
174,staging,0,52,238,6.4,8.5,8.5,2.4,4.5,97.7,90.3
175,staging,0,41,186,12.5,15.4,10.5,3.9,5.8,95.8,76.9
176,staging,0,74,344,3.6,5.6,6.4,2.2,3.6,92.2,98
177,staging,0,40,182,5.2,6.6,7.3,2.8,4.3,85.9,91.8
178,staging,0,55,127,9.6,11.1,9.9,10.8,23.6,92.7,88.2
179,staging,0,47,214,7.5,11.8,10.9,3.5,5.5,80.8,90.7
180,staging,0,48,220,13.1,12.8,6.9,4,6,91.9,79.1
181,staging,0,47,214,13,13.7,10.7,20.7,49.4,90.5,86.9
183,staging,0,60,278,8.8,24.8,8.1,4.3,8.5,92.4,69.1
185,staging,0,47,214,7.4,7.8,10.9,2.6,3.8,94.9,86.4
186,staging,0,80,374,10,10.4,11.4,1.9,3.2,84,88
187,staging,0,61,282,12.1,16,24,3.7,8,84.3,79.1
188,staging,0,25,54,8,7.1,9,2.9,4.3,99.5,94.4
189,staging,0,56,258,42,32.2,18.7,25.7,68.8,88.5,27.9
190,staging,0,42,190,11.4,28,34.3,3,5.7,74.3,68.4
191,staging,0,31,138,9.6,20.7,11.4,3.4,9.7,91.7,77.5
192,staging,0,32,142,9.4,19.3,14.2,2.3,4.5,81.2,82.4
195,staging,0,54,248,5.6,10.7,8.3,3.1,6.6,93.5,88.3
196,staging,0,48,220,5.5,7.4,9.3,2.1,4.3,96.7,90
197,staging,0,40,182,4.4,7.6,9.4,3.7,13,89.7,95.1
198,staging,0,56,129,12.1,20.5,10,3.3,3.5,89.3,77.5
199,staging,0,43,196,34.1,34.1,12.5,7.2,11.8,89.7,57.7
200,staging,0,69,320,13.4,15.1,14.5,3.4,7.7,75,73.8
201,staging,0,62,143,7.7,12.3,6,2.5,3,93.2,90.2
202,staging,0,43,196,6.6,8,8.6,2.4,4.4,87.2,94.4
203,staging,0,39,176,3.6,5,8.1,1.7,3.2,95.9,97.7
204,staging,0,47,214,8.5,14.5,9.9,2.1,4.5,88.9,84.1
205,staging,0,43,196,6.3,9.5,9.9,2.6,5.1,78.4,88.3
206,staging,0,40,182,4.3,10,8.3,2.5,5,85,85.2
207,staging,0,36,162,6.3,14.1,8.9,2.7,7.1,86.7,81.5
208,staging,0,40,182,6.6,11.5,9.5,2.1,4.4,95.2,85.2
210,staging,0,35,156,7.2,14.3,10,3,7,83.8,79.5
211,staging,0,62,286,10.1,7.8,7,16.7,41.9,88,89.2
212,staging,0,67,310,16.1,14.4,11.3,4.1,9.3,72.3,80.6
213,staging,0,50,115,3.1,5.7,8.4,2.6,2.8,93.3,95.7
214,staging,0,49,224,15.6,15.7,14.6,2.6,4.6,85.2,76.8
215,staging,0,47,107,13.1,12.8,11.5,3.4,4.9,90,85
216,staging,0,63,292,18.9,12,26.8,3.1,6.7,73,75.3
217,staging,0,67,310,7.9,6.2,7.2,2.7,6,86.9,92.9
218,staging,0,51,234,35.7,45.3,18.7,4.3,7.8,75.7,53
219,staging,0,33,148,7.9,9.2,11.1,1.9,3.9,73.1,89.2
220,staging,0,30,66,3.5,4.6,10.3,3.7,4.9,91.7,97
221,staging,0,63,292,14.2,13.7,9.6,25.7,62.4,97.1,82.2
222,staging,0,60,278,3.5,5.5,10.9,1.8,3.5,97.8,95
223,staging,0,71,330,23.9,23.4,16.3,30.1,78.4,84.9,61.5
225,staging,0,30,132,5,7.5,11.2,10.5,17.6,82.8,96.2
226,staging,0,62,286,5.8,5.4,9,9.4,24.3,90.4,89.5
227,staging,0,51,234,10.8,11,13.7,2.5,5.1,92.1,85
228,staging,0,58,134,5.4,8.5,5.9,2.9,3.9,97.2,97.8
231,staging,0,44,100,4,7.6,5.8,2.1,3.5,95.5,99
232,staging,0,65,302,13.2,18.5,27.8,5,7.4,68.6,67.5
233,staging,0,32,142,9.8,7.4,6.7,2.5,3.9,85.2,92.3
234,staging,0,35,78,7.4,7.2,12.2,4.3,5.2,93.6,74.4
235,staging,0,40,182,6.8,10.1,14.4,2.4,4.2,82.3,82.4
236,staging,0,49,112,2.7,4.4,6.6,2.6,3,85.5,99.1
239,staging,0,62,143,14.2,15.2,12.3,2.8,3.3,90.2,84.6
240,staging,0,53,244,10.9,12.3,10.7,2.1,2.9,90.1,87.7
241,staging,0,47,214,9.5,14,12.4,5,11.9,81.8,72.9
242,staging,0,58,268,3.1,4.4,5.1,1.7,2.7,94.4,95.1
243,staging,0,53,244,6.7,5.5,14,2.2,2.9,85.7,83.6
244,staging,0,61,282,5.9,9.5,5.4,1.5,2.4,92,90.1
245,staging,0,61,282,10.6,12.9,12.6,3,3.8,95.9,80.5
246,staging,0,51,117,14.1,18.1,13.7,2.3,2.6,93.4,84.6
247,staging,0,61,282,6.5,8.6,8.2,28.7,74.2,87.3,95.4
248,staging,0,49,224,8.8,9.7,9.8,2.7,4.3,83.7,75.4
249,staging,0,63,292,10.7,16.6,7.2,3.2,5.9,96,84.9
250,staging,0,67,310,9,10.9,10.5,5.3,13.8,86.8,88.4
251,staging,0,37,166,79.3,55.7,56.3,8.4,16.1,50.6,46.4
252,staging,0,57,131,4.2,4.2,7,2.6,4.3,93.9,97.7
253,staging,0,38,172,12.4,13.3,7,44,119.7,92.7,89.5
254,staging,0,54,248,18.4,12.3,13.7,2.2,11,61.5,81.9
255,staging,0,71,330,32,27.7,22.3,9.2,21.4,91.5,63
256,staging,0,40,91,3,3.7,6.1,2.3,2.7,94.2,97.8
257,staging,0,60,139,2,3.3,9.5,1.7,2.2,90.8,100
258,staging,0,34,152,13,15.3,12.3,2.8,5.2,82.9,82.9
259,staging,0,55,127,4.8,5.4,6.5,4.8,7.6,99.2,95.3
260,staging,0,95,446,8.1,8,7.4,5.1,11.9,85.8,88.6
261,staging,0,82,382,46.3,43.1,34.8,5.7,15.5,77.9,50.3
262,staging,0,53,244,26.3,21.3,13,24.7,51,87.5,67.6
263,staging,0,38,172,6,7.9,7.3,1.7,3.2,95.3,92.4
264,staging,0,44,200,14,13.2,14.4,23.2,59.6,83.4,78
265,staging,0,47,214,2.8,5.1,4.2,2,2.8,100,97.7
266,staging,0,58,268,8.3,10.5,9.3,26.5,78.7,84,90.7
267,staging,0,36,162,6.6,8.7,6.6,2.1,3.9,91.4,92.6
268,staging,0,44,200,2.6,4.7,6.8,2,3.1,94.9,95.5
269,staging,0,47,214,14.7,11.5,6.8,3.6,6.7,90.7,76.6
271,staging,0,44,200,2.7,4.6,15.8,2.9,6.6,78.6,76.5
272,staging,0,33,148,4.8,7.9,6.8,12.9,35.7,95.9,89.9
274,staging,0,49,112,3.1,4.7,6.5,2.9,4.5,90.8,98.2
275,staging,0,69,320,7.1,8.4,9.3,1.6,2.6,92.8,91.3
276,staging,0,50,115,6.8,10.6,7.6,6.8,12.4,90.9,93.9
277,staging,0,52,119,2.2,3.2,8.6,1.7,2.2,95.6,92.4
278,staging,0,64,296,3.7,4.9,6.8,2.6,5.7,93.8,98.3
279,staging,0,57,131,1.9,2.6,6,1.9,2,97.9,98.5
280,staging,0,37,166,5.2,6.9,5.8,1.6,2.9,97.7,96.4
281,staging,0,62,286,7.5,8.1,8.4,3.5,13.9,89.9,91.6
282,staging,0,61,282,3.3,4.8,8,2.6,9.4,89.5,98.6
283,staging,0,56,258,5.2,7.1,7.9,1.8,4.3,98,93
284,staging,0,38,172,5.6,12,19.6,2.3,3.5,79.7,86
285,staging,0,53,244,5.4,5.8,10.5,1.8,3,91.8,87.7
286,staging,0,71,330,2.8,7.3,4.7,1.8,4.3,90.5,95.2
287,staging,0,37,83,7.8,13.5,6.1,2.5,4.9,97.9,90.4
288,staging,0,57,262,9.2,16.9,14.7,3.6,7.1,86,77.1
290,staging,0,68,316,6.9,9,6.2,2.9,6.7,92.9,91.5
291,staging,0,57,262,11.5,13.8,8.4,12.7,25.9,94.5,77.9
294,staging,0,73,340,7.8,7.9,10.1,4,10.7,90,83.8
295,staging,0,39,176,4.8,8.4,7.1,2.6,4,93.9,90.9
297,staging,0,50,230,24.3,22.3,25.3,5.5,10.8,47.4,43.9
298,staging,0,35,78,4.7,5,8.7,3.9,4,96.5,93.6
299,staging,0,57,131,8.2,9.2,15,3.9,5.6,80.9,79.4
300,staging,0,40,182,5.3,28,45.4,4.1,8.7,66.8,67.6
301,staging,0,52,238,5.6,6.3,7.6,5.3,13.4,94,90.3
302,staging,0,48,220,10.8,10.6,8.1,6.2,13.9,93.6,83.2
303,staging,0,39,88,3.7,4.5,6.1,2.5,3,92,97.7
304,staging,0,44,100,6.4,9.2,7.8,4,7.5,90.5,94
306,staging,0,43,196,11.2,22.8,10.8,3.5,9.8,90.6,70.4
307,staging,0,46,210,13.7,14.7,16.1,6.9,17.1,82.7,65.7
308,staging,0,37,83,10.7,9.9,13,2.4,4.3,76.2,86.7
309,staging,0,39,88,5.4,5.6,11.9,2.6,3.6,87.8,93.2
310,staging,0,42,95,6.7,7,8.2,2.7,3.7,89.2,94.7
311,staging,0,40,91,10.7,10.4,12.3,2,3,89.6,84.6
312,staging,0,36,81,10.6,10,10.7,2.5,6,86.1,87.7
313,staging,0,40,91,9.8,10.3,10.8,2.4,3.4,84.9,86.8
314,staging,0,34,76,17.1,20.7,13.3,2.3,3.9,84.9,69.7
315,staging,0,41,93,5,7,6.9,3.3,5.8,94.6,96.8
319,staging,0,79,368,2.8,3.9,8.9,2.4,4.7,97.1,97.8
321,staging,0,65,302,13.7,13.9,14.9,20.9,56.6,85.6,77.2
322,staging,0,43,196,22.3,24.4,32.1,19.2,45.9,78.8,58.2
323,staging,0,39,176,16.2,14.7,26.4,9.6,26.8,77.4,72.2
324,staging,0,40,182,19.4,16.9,12.1,38.4,111.9,95.2,77.5
325,staging,0,53,244,31,24.7,10.7,18.2,47.9,88.5,52.9
326,staging,0,49,224,8.4,8.7,8.7,14.2,24.4,90.3,83.9
327,staging,0,46,210,6.3,5.4,6.5,2.5,3.8,96.4,93.8
328,staging,0,44,200,10.9,6.1,9,3.8,6.3,76.3,85.5
330,staging,0,40,182,17.1,23.7,28.5,5.6,8,76.9,55.5
331,staging,0,46,210,17.8,13.5,22.2,3,6.3,80.8,72.4
332,staging,0,56,258,6.4,8.3,7.9,3.1,5.4,93.4,93.8
334,staging,0,61,282,8.6,10.6,13.1,4.2,11.6,78.2,82.6
335,staging,0,49,112,14.4,17.7,14.5,6.1,12.5,84.8,72.3
336,staging,0,54,124,10.2,11.3,10.6,3.9,6.4,94.2,86.3
337,staging,0,43,196,6.6,8.4,7.4,2.4,3.8,87.6,95.4
338,staging,0,42,190,11.7,12.2,28.8,2.4,5.4,86.8,81.6
339,staging,0,37,166,3,4.2,8.7,2.4,6.5,97.6,98.2
340,staging,0,44,200,19.5,22.3,17.5,4.6,9,70.4,47.5
341,staging,0,53,244,28.9,18.7,25.7,4.4,8.6,69.3,57
342,staging,0,53,122,7.4,9.3,10.6,3.6,4.6,95.5,89.3
343,staging,0,43,98,6.8,6.8,8.2,3.2,4,88.5,90.8
344,staging,0,43,196,19.6,16.4,10,3.5,5.9,86.6,75.5
345,staging,0,39,176,18.3,18.5,10,13.9,29.3,97.3,74.4
346,staging,0,41,186,5.3,8.4,5.7,3,4.9,98.8,94.1
348,staging,0,56,258,16.7,12.8,8.6,3.2,8.3,89.4,75.6
349,staging,0,57,131,5.8,6.3,12.1,3,4.5,92.4,84
350,staging,0,47,214,18.3,11.1,42.2,2.7,6.6,79.7,78
351,staging,0,36,81,3.6,4.6,6,2.7,3.6,98.5,95.1
354,staging,0,56,258,35.6,18.4,12.6,4,9.4,72.2,58.9
355,staging,0,43,98,7.4,11,17.7,3.2,5,88.3,85.7
356,staging,0,51,234,14.4,19.8,6.9,4.9,9.7,90.1,74.4
357,staging,0,39,176,22.9,16.1,15.1,5.2,15.3,81.4,73.3
358,staging,0,47,214,6.4,29.6,10.9,3.4,4.9,73.8,78.5
359,staging,0,42,190,22,25.7,13.9,1.8,2.8,85,70.5
360,staging,0,39,176,8,10.5,13.1,3.8,4.3,97.6,83
361,staging,0,33,148,4.9,5.1,6.2,2.7,3.9,87.8,95.3
362,staging,0,70,163,6.4,7.7,8.1,3.9,7.8,89.6,91.4
363,staging,0,46,105,7.6,9.7,15.5,3.7,5.7,86.9,84.8
364,staging,0,50,230,7.6,7.9,8.8,4.4,8.3,85,91.3
367,staging,0,41,186,6.8,16.7,12.1,4,7.2,78.8,86.6
368,staging,0,53,244,11.5,12.4,7.8,2.9,5.7,93.6,84
369,staging,0,57,262,9.5,8.1,11.6,2.9,5,77.6,89.7
370,staging,0,46,210,13.3,22.2,16.4,4.9,9.5,84.4,62.4
372,staging,0,47,214,6.3,8,6.2,2.8,4.5,80.8,93.9
374,staging,0,56,258,33.8,19.4,12.6,15.2,38.6,94.8,58.9
375,staging,0,37,166,45.2,29,18,29.4,72.9,90.2,37.3
376,staging,0,36,162,22.3,26.5,19.3,34.6,100.4,86.4,65.4
378,staging,0,63,292,20.9,16.3,16.9,4.4,11.5,87,76.7
379,staging,0,45,206,57.4,37.6,24.8,21,48.8,62.5,62.6
380,staging,0,32,71,5.5,6.8,6.8,3.1,4.6,94.4,95.8
381,staging,0,71,330,17.1,19.7,15.2,20.9,48.6,79.5,64.2
382,staging,0,58,268,4,7.9,7.2,3.4,5.1,92.7,95.9
383,staging,0,62,286,9.2,13.5,11.2,6.4,14.2,79.9,77.3
384,staging,0,44,200,5.2,11,8.9,2.3,3.8,88.1,89.5
385,staging,0,52,238,3.5,4.5,9.4,3.1,6.8,94.4,80.7
386,staging,0,52,119,5.5,6.9,7.7,3.1,4.2,86.6,95.8
387,staging,0,53,244,8.1,8.1,6.8,3.7,6.9,87.2,92.2
388,staging,0,50,230,7.8,7.5,8.7,3.7,8.6,88.6,89.1
389,staging,0,58,268,9,9.6,5.5,4,6.8,92.4,86.2
390,staging,0,51,117,3.8,4.5,10.4,4.5,8,98.7,96.6
391,staging,0,47,107,5.7,6.8,9.3,2.4,3.7,88.3,96.3
392,staging,0,45,206,15.5,18.2,22.3,3.5,7.4,77.9,67.5
393,staging,0,40,182,5.5,8.5,8.1,7.2,20.9,96,87.9
394,staging,0,44,200,2.8,5.4,5.7,5.2,8.2,95.6,97.5
395,staging,0,31,138,2.1,3.6,16.9,1.6,2.3,88.4,81.9
399,staging,0,42,95,3.1,3.9,3.9,5.6,9.3,94.7,97.9
400,staging,0,57,262,5.4,10.5,12.2,2.2,3.4,89.4,88.2
401,staging,0,64,296,2.3,4.3,4.7,3.4,9,98.7,99
402,staging,0,60,278,18,15.3,11.1,2.3,4.7,86.4,82
403,staging,0,51,117,3.5,5.9,5.3,3.8,6,98.3,100
404,staging,0,65,302,21.7,16.7,12.6,43.8,115.3,82,67.5
405,staging,0,54,248,9.6,7.4,8.2,46.3,133.6,72.9,87.5
406,staging,0,58,268,20.4,15.3,17.4,4.6,9.6,88,71.3
408,staging,0,68,316,7.8,12.5,11.2,2.1,6.6,85.3,88.6
409,staging,0,56,258,18.5,13.3,9.9,3.1,8.6,98,69
410,staging,0,46,105,4,5.7,7,2.8,3.2,91.2,98.1
411,staging,0,53,244,8.9,10.6,8.3,5.7,16,93.9,90.2
412,staging,0,38,86,3.7,4.9,6.6,1.9,3,98.3,96.5
413,staging,0,54,248,16.8,17.1,12.6,2.8,4.5,87,74.6
414,staging,0,66,306,8.1,9.4,7.9,2.1,3.2,94.4,91.2
415,staging,0,63,292,45.5,33.7,27.1,2.8,6.7,85.1,39
416,staging,0,49,224,4.3,5.9,7.1,2.8,6.5,97,94.6
417,staging,0,49,224,21.9,20.8,13.3,1.6,4.4,98.5,58.5
418,staging,0,69,320,15.6,11.6,16.1,6.3,16.1,98.3,71.6
420,staging,0,54,124,2.7,4.8,8.3,2.9,3.2,98.2,96
421,staging,0,42,190,8.8,7.9,11.2,2.2,4.7,93.6,90.5
422,staging,0,52,119,2.7,4.1,9.4,3.1,4,95.6,95.8
423,staging,0,53,244,22.2,16.2,10.4,24.1,66.2,87.3,60.7
425,staging,0,50,230,11,11.2,12.1,27.7,65.9,85.3,69.1
426,staging,0,57,262,14.5,16.9,13.7,2.4,8.1,80,73.7
428,staging,0,64,296,21.9,14.9,23.1,4.4,11.1,59.7,46.6
429,staging,0,53,244,34.1,18.7,24.9,2.4,6.6,85.5,50.4
430,staging,0,46,210,5.5,6.1,20.5,3.1,6,66.3,63.8
431,staging,0,66,306,14.9,13.4,9.8,3.2,6.5,89,71.9
432,staging,0,39,88,3.1,3.4,4.9,2.5,3.4,98.9,98.9
433,staging,0,30,66,5.4,5.1,3.7,2.7,4.5,96.2,98.5
434,staging,0,65,302,27.9,28.5,17.6,5.6,15.7,79.7,66.6
435,staging,0,36,81,3.3,4.4,4.4,1.9,3.3,96.3,100
436,staging,0,58,268,3.3,5.8,9,2,4.8,96.7,91.4
437,staging,0,37,166,6.3,15.5,20.2,2.7,5,85.7,82.5
438,staging,0,43,196,13.6,11.6,10.6,2.4,4.5,82.3,81.6
439,staging,0,56,258,10.2,12.8,20.7,3.2,6.2,81.5,69.8
440,staging,0,61,282,5.8,7.5,9.4,3.8,9.7,88.1,91.1
441,staging,0,47,214,5.3,11.2,11.6,2.6,6.7,86.8,89.3
442,staging,0,49,224,20,16.7,10.8,12.5,22.3,94,64.3
443,staging,0,50,230,26.5,26.2,22.8,5.3,12.7,79.8,51.7
444,staging,0,42,190,22.7,18.7,13.7,31.7,85,99.2,70.5
445,staging,0,61,141,4.1,7.6,6.9,1.5,2.2,95.4,95
446,staging,0,27,118,17.9,16.8,13.1,42.1,107.9,94.3,72.9
447,staging,0,52,119,16.6,22.4,14.5,4.6,6.8,74.6,68.9
449,staging,0,44,200,14.5,24,6.9,3.6,4.9,96.9,70.5
450,staging,0,51,234,8.9,15.1,8.3,2.2,4.1,95.6,82.1
451,staging,0,43,196,9.3,12.4,15.2,2.7,4.4,85.1,74.5
452,staging,0,44,200,16.5,19.7,5.8,4.2,6.9,94.3,76.5
453,staging,0,52,238,5.7,11.3,6.8,4.1,5.9,85.8,92.9
454,staging,0,55,254,3.9,6.9,7.4,1.5,2.9,88.3,91.3
455,staging,0,53,244,28.7,40.8,17,3.6,9.4,68.8,57.4
456,staging,0,58,268,8.2,12,8.3,3.8,4.9,88.5,85.4
457,staging,0,40,182,6.8,10.8,7.4,3.1,4.1,94.8,87.9
458,staging,0,47,214,21.6,17.7,8.5,9.1,23.4,92.6,60.7
459,staging,0,62,286,9,10.3,11.2,6.5,15.7,91.8,89.5
460,staging,0,56,258,11.1,13.4,5.4,7.7,15.5,97.8,83.3
463,staging,0,45,206,6.5,8.2,7.3,2,3.9,91.6,93.2
464,staging,0,39,88,3.1,4,4.6,2.8,3.5,97.4,98.9
465,staging,0,39,88,4.4,4.4,13.1,2,3,80.1,85.2
466,staging,0,61,141,4.5,4.2,7.8,3.5,5.1,96.6,97.2
467,staging,0,57,262,3.1,5.7,7.5,2.4,4.4,96.8,96.2
468,staging,0,59,136,2.5,3.6,9.6,2.4,3.7,96.5,98.5
469,staging,0,55,127,10.8,12.8,10.4,2.6,3.5,84.8,90.6
470,staging,0,44,200,17.3,13.9,19.6,2.6,4,81.3,72
471,staging,0,58,268,6.4,7.8,9.1,2.4,5.2,84.6,93.7
472,staging,0,64,296,9.6,12.6,8.4,2.1,4,94,86.5
473,staging,0,41,186,4.1,4.7,9.2,1.3,2.4,90.6,97.8
474,staging,0,45,206,6,7.7,6.1,8.6,13.9,88.1,92.7
476,staging,0,80,374,3.6,5.7,11.2,1.8,4.4,81.4,96.8
477,staging,0,47,214,15.3,24.2,9.1,22,57.5,90.4,68.2
478,staging,0,53,244,2.4,3.6,9.8,2.3,3.8,97.8,97.5
479,staging,0,56,258,11.6,12,8.9,1.9,4,85.7,88.8
480,staging,0,43,196,7,10.2,7.5,2.5,5.5,93.5,89.8
481,staging,0,58,268,12.6,13.1,12.3,2.4,3.9,80.9,75
482,staging,0,57,262,8.3,13,6.4,4.4,9.8,95.9,89.3
483,staging,0,45,206,8.1,10.1,9,5.2,8.3,96,89.3
484,staging,0,55,254,10.4,17.5,9.4,15.2,33.9,86.1,78
485,staging,0,51,234,4,7.8,8.2,1.9,4.9,74.1,95.3
486,staging,0,41,186,17.1,16,10.2,3.5,8.4,77,74.2
487,staging,0,60,278,3.2,4.8,6.2,2.2,5.5,81.5,99.6
488,staging,0,51,234,7.2,12,6.3,2.4,4.5,90.6,88.5
489,staging,0,33,148,6,5.6,9.1,3.2,4,89.5,93.2
490,staging,0,52,238,9.9,16.2,9.1,5.5,7.1,96.4,79.8
491,staging,0,61,282,10.8,10.7,8.9,2.6,3.9,90.6,87.6
492,staging,0,44,200,9.6,19.4,11,4.3,6.2,84.3,78
493,staging,0,36,162,3.9,5.3,12.4,2.8,3.8,86.9,84
494,staging,0,47,214,8,8.5,8.5,3.2,5.2,93.3,88.8
495,staging,0,51,234,11.3,9,8.3,2.9,5.6,85.6,84.2
496,staging,0,36,162,5,7,3.9,3.9,6.2,98.3,95.1
497,staging,0,38,172,12.7,20.7,7.7,6.2,8.5,96.9,69.8
498,staging,0,47,214,7,10.4,9.5,4,5.9,85.2,88.8
499,staging,0,54,248,6.7,7.4,11.4,2.5,4.9,80.7,85.9
500,staging,0,49,224,2.5,3.7,4.5,3.2,5.5,96.3,98.2
501,staging,0,35,156,6.8,9,8.3,4.4,6.4,98.1,87.2
502,staging,0,59,272,8,9.5,5.2,4.2,6.3,90.8,91.2
503,staging,0,45,206,7,9.8,17.4,4.1,5,90.7,81.1
504,staging,0,56,258,11.9,16.5,15.7,4.5,7.8,74.4,72.9
505,staging,0,53,244,5.8,7.5,7.5,4,8.5,91.3,92.2
506,staging,0,53,244,3.3,4.9,4.2,2.8,3.9,96.3,99.2
507,staging,0,37,166,6.6,12.8,5.7,3.3,4.2,97,88.6
508,staging,0,43,196,37.9,29.9,31,40.6,99.6,83.8,32.7
510,staging,0,48,220,2.5,4,6.4,1.4,2.9,99.2,98.6
511,staging,0,51,234,7.5,10.2,14.1,3.4,6,90.8,85
512,staging,0,52,238,6.5,8.8,8.3,7.2,17.7,87.4,94.1
513,staging,0,50,230,3.9,4.7,7.6,1.5,3.4,98.4,95.2
514,staging,0,63,292,3.3,4.5,5,2.4,5.1,98.2,99.3
515,staging,0,56,258,6.7,11.2,8.5,2.6,4,94.9,87.6
516,staging,0,36,81,3.6,5.3,12.4,2.5,3.2,93.5,93.8
517,staging,0,38,86,4.1,4.9,8.3,2.6,3.3,91.6,94.2
518,staging,0,56,258,10.4,12.6,11.1,4.1,5.5,92.5,72.5
519,staging,0,62,286,3.2,4.4,4.1,6.1,15.4,95.5,98.6
520,staging,0,59,272,5,6.9,4.6,2.1,4.6,90.4,98.2
521,staging,0,54,248,10.2,13.3,8.4,3.6,4.2,96.4,82.7
524,staging,0,66,153,3.1,4.1,3.6,2.4,2.9,99.3,98.7
525,staging,0,37,83,3.4,3.8,6.6,2.9,3.5,88.3,100
526,staging,0,63,292,5.1,7.3,6.3,1.5,4.2,93.5,93.2
527,staging,0,50,230,10.2,12.3,12.2,1.9,4,87.9,90.9
528,staging,0,86,402,9.8,14.1,9.3,14.4,38.8,85.9,82.3
530,staging,0,52,238,4.1,5.6,5.7,1.8,2.8,93,94.5
531,staging,0,64,296,5.9,9.1,12.4,17.3,40.3,87,89.2
532,staging,0,63,292,2.8,3.6,5,7.8,21.4,96.7,99.3
533,staging,0,62,286,14.5,14.6,11.3,17.2,43.8,86.7,77.3
534,staging,0,64,296,14.2,10.5,11.8,7.8,19.1,82.4,82.8
535,staging,0,45,206,4.2,5.5,7.9,9.5,31.4,97.6,94.2
539,staging,0,42,190,14.2,21.9,6.2,3.8,6.7,97.4,75.8
540,staging,0,66,306,5.5,11.1,8.2,3,4.6,90.4,83.7
541,staging,0,69,320,7.7,7.2,6.2,18.2,47,94.8,92.2
542,staging,0,51,234,3.7,4.7,4.6,6.7,12.5,96.4,98.7
543,staging,0,41,186,14.3,19.4,9.2,2.9,6.6,75.8,69.9
544,staging,0,46,210,8.4,10.3,13.8,8,19.5,69.9,91.4
545,staging,0,55,254,2.3,3.5,4.6,2,2.8,97.3,99.2
546,staging,0,59,272,4.6,5.3,7.4,7.7,18.7,87.4,91.2
547,staging,0,50,230,10.6,11.8,9.3,3.4,11.7,95,86.1
548,staging,0,32,142,5.4,8.7,8.6,2.3,3.6,97.2,93
549,staging,0,71,330,9.8,9.1,7.9,16.5,49.3,92.9,88.2
550,staging,0,63,292,9.1,14.2,20.4,16.1,46.2,83.3,81.5
551,staging,0,53,244,5.1,6.3,7.4,6.7,16.3,86.5,96.7
552,staging,0,72,334,8.8,7.5,6.7,3.4,8.3,93.8,93.1
553,staging,0,70,326,20.9,18.4,12.7,3.5,9.3,93.9,70.6
554,staging,0,55,254,11.7,14.5,11.6,2.8,4,85.5,79.1
555,staging,0,56,258,11.4,12.1,11,5.5,13.4,91.2,83.3
556,staging,0,55,254,29,24,23.1,4.3,7,77,65.7
557,staging,0,66,306,15.9,17.5,12.6,6.3,14.7,77.7,73.9
558,staging,0,54,248,5.3,6.3,5.7,2.9,4.3,88.7,94.8
559,staging,0,74,344,18,12.5,11.9,5.2,11.3,84.8,69.5
560,staging,0,64,296,14.4,19,9.2,8.3,19.9,85.2,72.3
561,staging,0,64,296,12.1,14.5,12.1,3.7,6.3,81.9,79.7
562,staging,0,59,272,4.2,5.7,5.5,3.1,4.3,94.3,95.6
563,staging,0,87,406,7.2,6.9,8.9,5.9,9.8,89.9,87.4
564,staging,0,51,234,10,15.4,8.2,4.3,4.6,89,77.4
565,staging,0,63,292,5.5,6,6.4,2.8,5,91.6,94.9
566,staging,0,63,292,11.1,14.9,21.1,3.6,5.2,83.8,78.8
567,staging,0,50,230,5.9,8.9,6.8,6.8,15.1,92.8,89.6
568,staging,0,78,364,12.8,17.6,14.6,3.1,6.4,88,78
569,staging,0,57,262,5.1,6.6,6.7,2.4,4.1,88,94.3
570,staging,0,61,282,8.8,18.7,8.4,2.9,5,92,72.7
571,staging,0,44,200,9.9,18.2,8.1,2.8,5.9,95,82.5
572,staging,0,45,206,2.6,3.1,9.6,1.8,2.5,88.1,94.2
573,staging,0,76,354,8,15,8.3,1.9,3,92.7,88.1
575,staging,0,46,210,9.4,13.1,7.8,2.5,3.1,94.3,89
576,staging,0,67,310,13.7,17,10.6,2.2,3.2,90.3,81.9
577,staging,0,65,302,3.8,5.2,5.7,3.8,6,95.9,96.4
578,staging,0,63,292,8.4,14.8,7.5,3.3,4.9,90,83.6
579,staging,0,53,244,6.2,9.7,5.6,2.2,3.3,90.6,93.9
580,staging,0,56,258,5.3,8,7.9,2.1,4.4,94.2,93.4
581,staging,0,80,374,6.7,8.9,7.8,2.4,3.1,92.2,91.4
582,staging,0,60,278,2.5,3.9,4.5,2.3,3.3,96.3,98.2
583,staging,0,78,364,4.1,5.8,5.7,1.7,2.7,94.2,98.1
584,staging,0,61,282,11.7,20.6,8,13.2,37.2,92.8,67.4
585,staging,0,54,248,11.2,25.9,10.5,4.2,7.6,82.2,66.9
586,staging,0,60,278,10.1,21.9,5.9,9.1,25.8,93.7,74.5
587,staging,0,58,268,14.5,14.8,14,26.4,60.9,85.1,70.1
588,staging,0,53,244,10.4,14.5,12.2,2.4,3.5,83.2,82.8
589,staging,0,71,330,8.7,9.7,10.2,8.9,20.4,91.9,86.7
590,staging,0,49,224,10,12.9,10,4.2,7.8,83.9,85.7
591,staging,0,54,248,3.6,5.1,6.4,8.3,19,96.3,96
592,staging,0,51,234,3.9,6,6.3,2.7,3.9,94.7,92.3
593,staging,0,56,258,21.3,36.1,14.1,12.6,33,85.5,60.5
594,staging,0,70,326,9.7,8.5,11.6,9.6,22.1,86.3,79.4
595,staging,0,73,340,4.5,5.7,7.7,3.1,4.6,92.8,92.4
596,staging,0,60,278,5.4,7.3,6.5,2.6,6,94.5,94.6
597,staging,0,57,262,12.9,17,9.3,8.9,19.6,95.3,73.3
598,staging,0,67,310,9.3,16.7,9.2,5.1,8.2,80.9,83.2
599,staging,0,47,214,7.2,10.7,13.9,9.1,19.6,89.8,82.7
600,staging,0,64,296,2.4,4.3,5.1,2.2,4.2,93.9,98.6
601,staging,0,72,334,8.4,9.3,7.8,9.2,22.4,90.6,93.4
602,staging,0,48,220,3.4,7.2,9.6,2.2,5.8,84,94.1
603,staging,0,68,316,5,7.2,7.4,1.7,3.3,93.9,93.7
604,staging,0,66,306,2.9,4.4,6.3,2.1,3.3,93.2,97.7
605,staging,0,76,354,8.6,10.5,9.4,6.3,15.3,92.4,91.2
606,staging,0,68,316,31,12.5,13.9,2.1,4.4,69.9,60.1
607,staging,0,59,272,4.9,7.3,6.4,3.7,8.1,93.2,94.5
608,staging,0,46,210,4.1,5.6,6.2,2,3.7,87.7,93.8
609,staging,0,77,358,8.8,20.7,23.4,3.8,5.9,77.5,76.5
610,staging,0,52,238,12.1,20.1,8.6,3.8,5.9,95.9,72.3
611,staging,0,52,238,9.6,14.4,8.1,2.4,4,87.4,82.4
612,staging,0,79,368,6.4,7.9,9.4,1.7,2.9,86.3,91.3
613,staging,0,64,296,7.5,7.2,11.2,2.7,4,84.5,85.1
614,staging,0,50,230,4,6.6,7.2,1.8,2.9,94.1,95.7
615,staging,0,46,210,5.8,6.9,9.9,1.8,4.4,88.6,89
616,staging,0,49,224,7,6.8,10,2.6,4.3,94.2,91.5
617,staging,0,54,248,13.8,15.8,11.3,2.6,4.5,87.1,83.9
618,staging,0,50,230,4.1,5.7,11.3,1.6,2.7,93.5,92.6
620,staging,0,68,316,7,9.9,11.8,2.4,4.3,93.3,89.2
621,staging,0,49,224,5.2,5.4,8.1,1.7,3.3,94.4,92.9
622,staging,0,50,230,8.3,9.7,21,1.9,3.1,91.2,77.4
623,staging,0,64,296,6.1,14,9.2,3.1,5.2,81.6,80.7
624,staging,0,59,272,5.5,6.6,7.7,3,8.6,92.6,94.5
625,staging,0,66,306,4.4,7.2,10.3,2.7,3.5,85.9,87.3
626,staging,0,56,258,10.3,10.6,8.4,2.9,4.4,90,91.1
627,staging,0,60,278,5.1,6.7,6.7,7.4,17.6,93.1,93.5
628,staging,0,64,296,6.6,6.1,6,3.2,4.3,90.3,90.5
629,staging,0,74,344,5.6,11.4,8.7,2.7,4.2,87.9,87.2
630,staging,0,67,310,3.9,4.7,6.2,3.1,3.8,93.3,98.1
631,staging,0,63,292,3.7,4.9,7.6,5.4,12.7,94.8,90.4
632,staging,0,76,354,6.5,7.3,12.2,2.5,4.4,94.4,90.1
633,staging,0,52,238,6.1,25.8,9.4,5.7,11.4,92.5,65.1
634,staging,0,57,262,8.5,21.6,8.1,4.2,6.2,97,72.1
635,staging,0,60,278,8.1,20.3,8,3.7,10.1,92.8,77.7
636,staging,0,55,254,8.7,14.5,6.4,3.1,5.6,94.7,84.6
637,staging,0,63,292,8.8,11.3,10.1,2.6,4.7,87.5,82.9
638,staging,0,48,220,3.6,6.5,7.6,3,3.8,94,95
639,staging,0,60,278,11,19.5,8.6,3.2,6,92.2,75.2
640,staging,0,45,206,8.4,15.8,10.5,2.5,6.6,87.5,73.8
641,staging,0,46,210,9.7,24.4,11.6,4.7,7.6,77.9,71.4
642,staging,0,46,210,11.5,23.9,7.4,3.3,9.4,97,68.1
643,staging,0,51,234,10.2,29.3,42.1,2.5,7,67,67.1
644,staging,0,62,286,4.2,7.6,8.2,2.4,4.7,88.5,92
645,staging,0,64,296,7,9.4,8.2,2.1,3.5,89.8,92.2
646,staging,0,66,306,6.2,14.5,9.5,3.4,5.7,93.4,76.5
647,staging,0,46,210,3.9,5.7,6.1,1.8,3.3,95.6,96.7
648,staging,0,47,214,10.1,16.1,6.4,1.8,5.5,89.7,79.9
649,staging,0,52,238,7.6,15.9,10,2.7,4.8,95.9,78.2
650,staging,0,57,262,10.5,18.2,6.4,3.2,7.2,87.3,80.2
651,staging,0,73,340,4,4.8,6.6,6.3,16.6,89,94.1
652,staging,0,60,278,4.3,6.6,9.8,2.8,4,86.1,93.2
653,staging,0,42,190,4.1,6.9,7.3,2,3.4,97.1,93.7
654,staging,0,59,272,3.3,4.2,7.8,2.1,3.5,93.1,94.5
655,staging,0,54,248,3.8,5.1,5,3,5.2,95.6,97.6
656,staging,0,46,210,19.2,11.9,15.5,9.3,21.5,96.1,80
657,staging,0,52,238,1.9,4,6,1.8,2.6,96.6,98.3
658,staging,0,50,230,21.5,20.7,15.7,1.9,3.2,93,75.2
659,staging,0,43,196,2.7,3.9,5.5,2,3,96.2,98.5
660,staging,0,49,224,4.3,6.2,7.6,1.9,2.9,90.7,93.8
661,staging,0,50,230,14.9,29.7,18.8,2.8,7.7,58.4,64.3
662,staging,0,52,238,17.7,30.5,9.7,3,7,82,63.4
663,staging,0,59,272,7.8,9.8,7.5,2.1,4.1,93.8,84.6
664,staging,0,25,54,4.8,5.3,8.3,4.3,5.3,96.3,96.3
665,staging,0,47,214,4.1,5.8,7.5,1.9,3.6,94.9,94.9
666,staging,0,46,210,9.8,10.9,10.3,3.7,7.4,92,91
667,staging,0,51,234,19.9,24.4,11.2,15.3,38.3,87.6,60.3
668,staging,0,50,230,6.8,7.5,7.2,3.6,8.4,89.8,92.2
669,staging,0,40,182,14.9,21.4,7.4,3.2,7.5,97.3,69.2
670,staging,0,56,258,23.2,24.5,22.6,11.1,29.1,87.2,55.8
671,staging,0,38,86,2.9,4.2,6,4.5,6.5,92.2,98.8
673,staging,0,50,230,30.2,22,10.2,2,7.6,86.7,50.9
674,staging,0,58,268,16.8,16,10.2,11.9,30.1,81.3,72
678,staging,0,60,278,3.2,5.6,13.2,1.6,4.1,79.7,77.3
679,staging,0,56,258,3.4,6.9,8.1,7.2,19.9,85.8,92.6
680,staging,0,55,127,2.4,4.1,6.7,2.5,2.9,94.5,98.4
681,staging,0,62,286,10.1,13,9.8,5.3,14.1,90.1,89.9
682,staging,0,62,286,3,5.8,15.6,5.1,13.8,84.4,90.9
684,staging,0,52,238,14.5,16.7,17,2.8,6.9,80.8,75.6
685,staging,0,52,238,15.2,22.8,9,3.5,8.7,93.6,65.1
686,staging,0,49,224,22.1,15.2,25.8,4.3,7.8,69.8,61.6
687,staging,0,38,172,10.7,14.8,5.1,4.3,10.2,92,80.2
688,staging,0,36,162,2.3,2.5,3.9,1.6,3.1,95.5,99.4
689,staging,0,41,186,6.8,7,10.2,11,28.2,96.6,94.1
693,staging,0,85,398,9.4,8.7,9.3,5.5,10.8,87.4,86.9
694,staging,0,53,244,9.8,12.2,10.2,2.7,4.9,87.2,87.7
695,staging,0,47,214,4.6,6.2,5.3,2.5,4,96.1,97.7
696,staging,0,59,272,9.3,12.3,4.4,3.6,7,95.4,85.7
697,staging,0,52,238,8.2,8.7,5.3,4.4,6.1,91,87.8
698,staging,0,42,95,3.8,4.9,7.7,2.2,3.2,93.9,91.6
699,staging,0,44,100,10.2,5.7,10.6,2.9,2.9,94.8,91
701,staging,0,57,262,3.7,8.4,5.3,2.3,3.4,94,97.3
702,staging,0,64,296,4,6.5,6.9,2.4,3.9,95.1,96.3
703,staging,0,54,248,6.9,12.9,7.5,2,3.1,90.7,91.9
705,staging,0,44,200,6.4,8.6,6.7,2.3,4.2,95.4,91
707,staging,0,64,296,44.4,39.5,20.2,10.1,27.1,58.6,41.9
710,staging,0,50,230,13.7,18.2,11.4,2.6,4.7,88.5,80
711,staging,0,59,272,7.9,10,7.9,1.5,3.4,90.2,93.4
712,staging,0,54,248,20.7,18.4,11.6,4.8,10.5,80.9,66.5
713,staging,0,67,310,7.6,7.1,6.9,5.6,12.3,94.2,87.4
714,staging,0,47,214,4.5,6.6,8.2,2.1,3.6,92.4,95.3
715,staging,0,55,254,4.6,5.8,5.2,6.7,20.1,96.2,96.1
717,staging,0,44,200,5.9,8.2,8.8,2.3,3.1,82.4,93
718,staging,0,55,254,9.8,12.4,8.5,3.4,4.9,93,86.2
719,staging,0,46,210,8.2,18.6,6.2,3.5,8,89.6,79.5
720,staging,0,37,83,3.7,3,9.9,2.1,3,83.7,89.2
721,staging,0,44,200,3.7,5.4,9.4,2.3,4,95,94
723,staging,0,46,210,15.3,9.8,7.1,33.2,96.1,94.6,80.5
725,staging,0,58,268,25.4,25.7,17.7,33,90.4,77,64.2
726,staging,0,42,95,17.8,17,13.3,2.9,3.3,81.3,80
727,staging,0,48,220,9.3,11.4,11.3,8.7,21.3,89.9,86.8
729,staging,0,60,278,10.7,13.5,10.3,6.7,16.4,80.2,86.3
730,staging,0,45,206,6.8,8.4,11.1,2.6,3.2,77.1,91.3
731,staging,0,46,210,6.9,11,9.3,2.5,3.4,90.6,91
732,staging,0,69,320,4.7,6.1,4.8,11.3,31,95.9,95
735,staging,0,49,224,3.2,8,5,4.4,8.7,97.8,96
736,staging,0,70,326,6.3,8,6.3,2.1,4.7,94.6,94.5
738,staging,0,44,200,3.1,6.9,6.9,3.1,7.7,97,93.5
739,staging,0,60,278,1.4,3.8,4,2.6,6.1,99.7,98.9
740,staging,0,59,272,3.7,4.5,5.6,2.7,5.2,93.7,97.8
741,staging,0,58,268,3.4,6.3,6.9,4.8,11,82.3,95.1
743,staging,0,58,268,10.2,11.8,9.8,2,3.2,88.2,88.4
744,staging,0,56,258,7.1,9.9,6.3,2.7,4.7,93.8,90.7
745,staging,0,54,248,6.2,7.8,10.6,2.6,3.9,88,91.1
746,staging,0,58,268,9.2,10.6,6.3,2.6,5.4,97.1,88.8
748,staging,0,56,258,10.8,16.5,11.1,14.4,39.3,82.5,80.2
749,staging,0,71,330,21.8,21.8,13,7.1,19.3,86.1,75.8
750,staging,0,62,286,6.9,8.9,18.1,1.6,2.2,88.8,87.4
751,staging,0,69,320,7.7,9.8,6.1,5.2,8.2,89.5,94.4
752,staging,0,41,186,8.5,18.7,4.8,5.3,11.4,98.4,80.6
753,staging,0,54,248,21.4,22.6,20.1,5.3,7.3,93.3,63.3
754,staging,0,53,122,5.1,6.3,7.4,2.2,3.2,91.4,93.4
755,staging,0,71,330,8.5,13.9,9.2,3.3,7.1,90.2,85.5
756,staging,0,73,340,5,5.6,6.2,3.5,7.9,93.5,95.9
757,staging,0,70,326,18.1,20.7,16.5,6.4,18.1,87,66
759,staging,0,51,117,8.7,8.9,7.2,4,5.3,92.9,90.6
760,staging,0,44,200,23.7,18.9,9.2,23.7,72.9,96.5,69.5
761,staging,0,54,248,20.3,18.4,12.9,3.5,6.4,73.8,75
762,staging,0,59,272,11.9,32.9,8.2,3.7,6.7,85.5,58.8
765,staging,0,65,302,4.8,4.9,7.4,4.1,6.1,88.1,96.7
767,staging,0,49,112,9.5,8.9,9.7,6.8,15.3,94.4,85.7
768,staging,0,58,268,3.4,6.1,5.8,2.3,5.8,92.5,97.4
769,staging,0,53,244,23.7,29.3,13.1,4.3,10.6,72.1,61.5
770,staging,0,55,254,11.7,13.4,8.9,37.4,103.1,89.1,83.5
771,staging,0,56,258,17.2,15.9,12.9,11.2,29.9,95.3,76.7
772,staging,0,50,230,6.3,17.1,9.1,3.6,5.6,94,81.7
774,staging,0,48,220,14.6,15.8,14.1,10.4,23.6,95.3,83.6
775,staging,0,38,172,14.3,27.6,13.3,3.3,6.3,86.9,65.7
776,staging,0,50,230,6.5,12.2,10.4,21.1,59,88.2,79.1
778,staging,0,30,66,4,4.1,8.7,2.1,3.9,93.6,100
779,staging,0,43,98,3.7,3.9,4.6,5.5,6.2,99.7,100
780,staging,0,44,200,2.5,4.3,5.6,2.2,4.1,94.6,96
781,staging,0,53,122,6.2,9.2,7.8,2.2,3.1,89.5,88.5
784,staging,0,37,83,2.2,3.4,9.6,3.3,4.5,88,89.2
786,staging,0,52,238,34.4,29.3,17.6,21,58.5,88.8,53.8
787,staging,0,44,200,2.4,3.7,7,2.3,4.2,90.3,99
791,staging,0,43,98,3.3,6.5,5.5,3.3,5.3,98,94.9
792,staging,0,43,196,7.6,10.4,13.3,3.3,8.6,94.3,87.8
793,staging,0,47,214,2.2,3.1,7.8,2,3.2,96.6,97.7
794,staging,0,44,200,4.8,12.2,8.4,2.9,5.7,82.3,83
795,staging,0,49,224,4.4,4.6,6.1,4.5,5.2,87.1,97.8
796,staging,0,36,162,7.2,9.2,9.3,3.2,4.8,88,92
797,staging,0,47,214,2.5,3.6,8.6,1.9,3,89.8,94.9
798,staging,0,45,206,4.7,7.5,11.2,2.1,3.1,87.6,93.7
799,staging,0,45,206,18.7,21.8,21.2,8.3,27.4,70.4,61.2
800,staging,0,43,196,4.7,5.2,6.6,5,9,89.2,97.4
803,staging,0,55,254,4.8,13,9.2,2,3.2,90.7,83.9
804,staging,0,41,93,3.3,3.4,5.9,2.2,2.9,92.5,96.8
805,staging,0,32,142,10.5,14.2,12.5,1.8,3,80.5,77.5
806,staging,0,42,190,4.7,6.4,5.6,2.3,4.3,96.3,96.3
807,staging,0,38,172,4.9,5.7,5.2,1.8,3,96.9,97.7
808,staging,0,35,78,3.8,4.1,7.6,3.9,5.1,89.1,97.4
809,staging,0,27,118,3.8,4.6,3.6,2.1,3.8,96.4,98.3
810,staging,0,39,176,22.1,16.4,12.8,21,64.8,65.6,81.3
812,staging,0,51,117,4.7,8.5,11.8,2.4,3.2,89.5,86.3
814,staging,0,35,156,11.9,12.3,8.9,1.8,3.9,89.4,89.7
815,staging,0,40,182,22.8,24.1,8.6,5.1,9.1,96.2,58.2
816,staging,0,30,66,7,7.4,7.1,2.6,3.9,95.8,95.5
817,staging,0,41,93,6.4,7.7,11.7,4.2,6.3,79.6,88.2
818,staging,0,42,95,5.1,4.4,10.7,3.6,4.5,96.1,89.5
819,staging,0,45,206,23.4,18.5,25,2.8,8.3,66,62.1
820,staging,0,45,206,17.5,19.4,8.6,4.3,7.7,94.9,67
821,staging,0,42,95,6.7,8.2,22.1,2.5,3.9,87.9,67.4
822,staging,0,37,166,3.2,5.3,13.7,2.6,3.3,89.6,79.5
823,staging,0,36,81,2.9,3.4,11.3,1.6,2.8,91.7,95.1
824,staging,0,38,172,5.9,5.5,8,2,3.5,91.1,90.1
825,staging,0,49,224,13.8,17.2,8.3,12.3,31.3,93.5,83.9
826,staging,0,57,262,14.7,15.3,18.3,44.2,129.5,69.7,73.7
827,staging,0,35,156,3.9,4.8,10.9,8.6,20.8,92.3,91
828,staging,0,45,206,3.6,6,12.2,4.5,10.6,95.4,89.3
830,staging,0,37,166,6.3,7.5,19.1,4.9,10.8,89.9,62.7
831,staging,0,46,105,3.6,5.8,9.2,2.9,3.1,89.3,91.4
834,staging,0,59,272,3.7,5.9,5.7,2,3,95.7,96
835,staging,0,44,200,26.8,18.4,14.6,4.2,14.4,83.6,62
836,staging,0,41,186,5.6,7.7,12.5,2.6,4.8,89,87.6
838,staging,0,37,83,3.5,3.4,5.2,1.6,2.7,84.9,98.8
839,staging,0,45,206,3,4.9,11.3,2.3,3.6,85.6,92.7
840,staging,0,37,166,7.6,12,7.6,3.6,6.4,86.7,90.4
842,staging,0,60,278,4.2,8.6,7.2,5.6,12.4,87.1,94.6
843,staging,0,45,206,12.6,11,11.5,2.6,7.5,84,85
844,staging,0,41,93,3.1,4.2,5.5,2.8,3.2,95.4,100
845,staging,0,42,190,7.8,8.7,10.5,1.8,3.4,89.2,88.9
846,staging,0,59,272,11.7,14.5,12.5,1.8,3.5,92.9,86.4
847,staging,0,37,83,3.4,3.8,5.6,2.4,3.2,95.5,97.6
850,staging,0,36,162,6.5,10.9,7.1,3.6,5.3,92,86.4
851,staging,0,33,148,5.8,7.1,14.9,2.3,4.4,88,85.8
852,staging,0,35,156,12,9.9,18.4,3.4,8.9,91,73.7
853,staging,0,33,148,8.1,10.9,16.2,1.9,3.4,89,81.8
854,staging,0,38,172,2.6,3.9,5,2.2,3.2,97.1,99.4
856,staging,0,43,98,5.2,7.3,10.3,5,8.2,80.6,98
857,staging,0,52,238,27.8,16.2,6.7,4.9,15.3,84.7,74.8
858,staging,0,48,110,10.2,13.3,11.5,6.7,16.6,96.8,79.1
859,staging,0,41,186,12.9,17.4,6.5,4.8,9.7,97.3,78
860,staging,0,38,172,12.6,13.5,17.7,9.1,18.3,92.3,79.1
861,staging,0,41,186,3.6,7,10.3,2.5,4.3,95.4,95.2
862,staging,0,34,152,25.9,20.4,18.6,16.9,42.4,92.4,59.9
864,staging,0,34,152,30.7,14.6,10.1,15.2,35.7,68.1,57.9
865,staging,0,55,254,7.2,9.2,5.4,1.5,3.6,81.1,92.1
866,staging,0,31,138,3.2,5.4,9,2.6,4.4,86.1,97.1
867,staging,0,36,162,8.4,12.4,10.6,2.5,4.3,98,86.4
868,staging,0,33,74,7.4,15.6,9.7,4.1,6.3,84.8,81.1
869,staging,0,46,210,4.9,6.7,8.6,2.7,7.6,91.2,92.4
870,staging,0,34,76,3.3,3.7,4.2,3.4,3.8,93.4,100
871,staging,0,45,103,4.4,5.1,5.1,4.5,5,91,97.1
872,staging,0,42,190,16.4,10.4,41.3,2.6,6.6,80.7,74.2
875,staging,0,44,100,5.3,6.1,7.7,2.6,4.2,95.3,92
876,staging,0,48,110,4.3,5.7,7.7,2.1,3.6,98.9,99.1
877,staging,0,47,107,4.7,4.7,4.9,1.9,3.1,97.2,97.2
878,staging,0,49,112,3.8,4.2,4.1,1.6,3,97.8,97.3
882,staging,0,41,186,8.5,13.5,12.8,5.5,9.8,86.2,74.7
883,staging,0,30,132,45.7,60.5,53,6.2,17.1,65,44.7
884,staging,0,33,74,5,7.6,5.4,2.4,3.8,91.2,94.6
885,staging,0,40,182,4.7,7.3,10.9,3.1,4.8,92.9,91.2
886,staging,0,43,196,7,7,17.6,10.3,27.4,96.3,89.3
887,staging,0,35,156,11.3,21.6,5.5,3.3,7,93.3,75
888,staging,0,40,182,4.4,5,7.3,1.9,3.8,93.5,96.7
889,staging,0,42,95,2.8,3.9,6.5,2.3,3.3,99.2,97.9
891,staging,0,33,148,4,8.3,27.4,10.1,27,44.4,49.3
894,staging,0,55,254,4,6.6,6.2,1.9,2.9,90.8,95.7
896,staging,0,28,124,48,34.2,27.4,3,10.1,85.7,47.6
898,staging,0,29,128,3.1,4.6,8.7,2.2,4.3,89.5,94.5
899,staging,0,44,200,2.6,4,6,1.6,2.5,90.8,97.5
902,staging,0,39,88,4.8,7.2,6.2,4.1,4.9,94,96.6
903,staging,0,43,98,5.7,9.2,10.8,2.5,4.5,83.7,87.8
905,staging,0,48,220,5.1,8.9,9.9,2.4,4.6,95.7,89.1
906,staging,0,44,100,6,15.8,13.4,1.9,3.7,84.8,82
908,staging,0,51,234,3.6,4.5,5.8,2.6,3.1,92.9,97.9
910,staging,0,49,224,31.5,31.4,19.8,37.3,102.1,94.2,52.2
911,staging,0,35,78,4.6,5.2,4.6,1.9,3.4,98.4,98.7
912,staging,0,39,176,23.1,18.6,20.5,5.4,15,66.6,49.4
917,staging,0,52,119,13,8.1,10.2,8.6,15.7,93.9,79.8
918,staging,0,32,71,4.2,6,6.3,2.3,3.2,89.4,100
921,staging,0,40,182,33.8,27.2,14.6,15.7,44.3,97.8,60.4
922,staging,0,56,258,4.7,12.5,8.4,3.1,4.1,86.2,88.8
923,staging,0,33,148,3.2,3.5,8.9,2,3.8,86.5,98.6
924,staging,0,48,110,5,6.4,7,1.6,2.8,93.6,97.3
925,staging,0,46,210,2.8,4.2,11.1,1.5,2.5,89.9,95.7
926,staging,0,50,230,6,8.7,11.4,3.9,6.4,91.6,89.6
927,staging,0,37,166,49.7,33.4,40.5,13,32.9,75.9,50.6
928,staging,0,44,100,2.9,3.3,9.4,1.2,2.6,96.3,94
929,staging,0,40,182,3.6,5.2,8.7,1.8,3,89.6,94.5
931,staging,0,42,95,4.8,9.5,12.9,1.7,2.4,96.6,90.5
932,staging,0,40,182,7.5,6.9,18.7,3.6,7.4,83.9,83
934,staging,0,43,98,5.3,5.7,8.9,2.3,3.2,93.9,96.9
936,staging,0,42,190,3.3,5.8,6.1,1.6,3,91.6,98.4
939,staging,0,53,244,26.4,18.3,8.3,3.2,9,90.9,65.2
940,staging,0,52,238,12.7,17.3,25.4,2.5,4.9,79,72.7
941,staging,0,44,200,2.3,4.7,4.6,2.6,4.1,100,99
942,staging,0,35,78,6.9,6.7,8,2.8,4,86.9,96.2
943,staging,0,40,182,3.9,5.9,5.5,2.2,4.7,88.7,98.4
945,staging,0,41,186,3.4,4.4,8.4,3.5,7.4,92.5,97.8
946,staging,0,52,238,14.1,9.4,9.9,4.9,12.3,83.5,80.3
947,staging,0,49,224,3.6,5.1,6.7,1.9,3.5,88.4,98.7
948,staging,0,64,296,2.3,4,6.2,2.3,2.9,94.3,96.3
949,staging,0,61,282,3.7,6.3,7.1,1.9,3.8,93.8,95
950,staging,0,32,142,4.6,5.4,18.7,1.7,3.4,76.2,72.5
951,staging,0,43,196,1.5,3.6,5.3,1.6,2.1,90.1,100
952,staging,0,43,196,2.7,4.6,6.8,1.8,2.6,92.6,97.4
953,staging,0,38,172,2.7,4,6,1.9,2.8,93.9,98.8
957,staging,0,40,91,12.8,8,10.6,4.2,5.4,88.5,84.6
958,staging,0,47,214,2,3.7,12.5,1.1,1.5,79.4,97.2
959,staging,0,39,176,3.8,5,5.6,3.6,8.7,85.1,97.7
960,staging,0,46,210,11.8,13.1,7.8,6.3,13.8,94.2,81
961,staging,0,48,220,3.4,6,5.9,3.4,6,96.5,96.4
962,staging,0,63,292,3.8,5.6,5.9,9,26.6,92.3,94.9
965,staging,0,45,103,3.9,3.3,6.5,2.2,2.9,98.5,97.1
966,staging,0,44,100,5.3,5.9,4.9,5,5.8,91.8,95
967,staging,0,48,220,14,14,9.6,42.9,121.3,89.7,85
968,staging,0,43,196,5.7,5.3,9.7,9.1,24.6,77.6,91.8
969,staging,0,53,244,9.7,9,8.5,2,3.1,83.4,88.1
970,staging,0,45,103,14.1,12.8,11.7,2.7,4.4,94.9,89.3
971,staging,0,39,176,3.3,4.2,7.1,2.3,4.2,97.2,96.6
973,staging,0,50,230,10.8,11.2,10.2,4.8,11.8,69.1,77.8
974,staging,0,46,210,18.9,11.6,13.7,4,10,62.5,70
975,staging,0,39,88,4,3.5,6.3,4.5,8.6,98.3,100
977,staging,0,48,220,3,3.8,7.2,2,3.1,91.6,96.4
980,staging,0,46,210,11.7,11.2,9.6,3.4,6,83.8,83.8
982,staging,0,42,190,46.7,35.4,32.9,8,19.7,70.1,65.3
984,staging,0,43,98,3.6,3,8.8,2.1,3.5,90.3,94.9
988,staging,0,38,86,3.4,5,6.4,2.9,3.9,92.7,95.3
990,staging,0,31,138,4.9,7.1,16.3,3.1,5,91.1,81.2
991,staging,0,61,282,9.2,12.1,7.6,10.6,26.8,84,87.6
992,staging,0,45,206,6,18,10.5,3.9,6.7,85.1,78.6
993,staging,0,44,100,5.5,8.5,6.8,3.6,4.2,89,96
994,staging,0,43,196,3.2,4.5,9.6,2.9,4.4,94,92.9
995,staging,0,44,200,3.6,8.7,7.2,2.7,4.7,86.5,92.5
996,staging,0,36,162,1.4,3.3,6.8,2.5,2.6,97.2,95.7
997,staging,0,38,172,4.2,6.4,8.5,1.9,2.9,96.2,96.5
1000,staging,0,40,182,4.4,5.2,7.2,10.6,28.5,91.2,100
1001,staging,0,58,268,18.1,16.9,12.5,7.5,14,83.4,78.7
1002,staging,0,36,81,4.2,3.5,4.8,3.2,4.5,94.4,100
1003,staging,0,66,306,8.8,11.9,8.4,4.5,13.2,92.5,85.6
1004,staging,0,40,182,4.8,5.3,9.6,3.2,3.7,87.8,89.6
1005,staging,0,42,95,3.1,3.9,6,1.9,11.4,91.1,97.9
1006,staging,0,59,272,26.6,27.1,20,13.4,35,81.9,68.8
1008,staging,0,58,134,4.9,5.4,8.8,4.2,4.5,85.6,95.5
1009,staging,0,45,206,23.4,23,10.4,4.9,9.5,84.1,65.5
1011,staging,0,34,76,11.9,10.7,9.3,3.8,6.1,90.1,85.5
1012,staging,0,46,105,8.3,8.9,10.8,2.6,4.3,92.1,87.6
1013,staging,0,45,206,3.6,5.7,9.4,2.1,6.7,95.3,95.1
1014,staging,0,31,69,20.6,22.3,11.7,3,5.5,84.4,73.9
1015,staging,0,43,98,10.7,9.3,10.6,2.7,3.6,92.3,88.8
1016,staging,0,36,162,4.3,6.5,9.8,3.4,4.4,79.5,95.1
1017,staging,0,43,98,4.7,4.2,15.7,2.5,3.5,86.7,65.3
1018,staging,0,36,81,4,6.9,9.5,3.3,4.4,84.3,98.8
1019,staging,0,48,110,4.3,6.9,6.9,1.9,3.2,87.3,98.2
1021,staging,0,36,81,12.5,8.9,8.2,1.3,2.6,97.5,86.4
1022,staging,0,40,182,4.2,5.1,10.9,2.4,3.8,96.7,85.2
1023,staging,0,60,278,8.3,10.4,9.7,2.2,3.5,90.4,91.7
1024,staging,0,38,172,7.9,10.1,16.7,3.2,5.1,96.8,84.3
1025,staging,0,38,172,5.4,4.8,7,3.5,4.8,95.5,95.3
1026,staging,0,42,95,10.4,17.5,8.4,2.6,3.9,93.9,81.1
1028,staging,0,43,196,3.8,4.8,9.3,2.2,2.9,90.9,88.8
1029,staging,0,34,152,3.1,3.9,9.1,3.8,7.9,95.4,96.1
1030,staging,0,50,230,2.8,3.8,5.1,2.7,3.7,97.7,99.6
1031,staging,0,44,200,4,6.1,13.3,2.9,4.5,91.6,84
1033,staging,0,43,196,4.4,7,5.3,2.6,3.8,95.5,95.9
1035,staging,0,45,206,3.6,4.8,9.5,3,4.9,87.5,97.1
1038,staging,0,47,107,2.9,3.2,8.4,2.4,3.4,72.7,94.4
1039,staging,0,39,88,7.9,13.5,11.2,1.9,3.5,91.5,86.4
1041,staging,0,30,66,23.6,23.8,31.8,4.6,8.4,88.6,66.7
1042,staging,0,32,142,4.7,7.2,9.9,2.2,4.2,96,93
1043,staging,0,38,86,16.9,19.1,11.6,2.4,4.3,100,83.7
1044,staging,0,30,66,5,6.9,6.8,2.9,3.3,81.8,98.5
1045,staging,0,40,91,2.9,4.5,5.8,2.5,9,89.3,100
1046,staging,0,45,206,31.4,30.9,14.9,4,8.3,79.7,46.1
1047,staging,0,39,176,20.9,11.2,8.7,3.1,6.4,92,59.7
1048,staging,0,42,95,5.5,6,8.4,3,3.6,93.9,92.6
1049,staging,0,59,272,8,10.1,6,6.5,15.6,96.3,88.6
1050,staging,0,32,142,5.8,5.4,12.8,1.9,4.4,89.1,92.3
1051,staging,0,35,156,7.5,10.9,9.6,2.8,5.9,79.6,93.6
1054,staging,0,62,286,35.5,26.3,15.8,12.9,37.6,81.2,63.6
1055,staging,0,38,172,25.8,27.8,20,3.3,7.6,86.2,72.1
1056,staging,0,37,83,11.7,16.1,8.9,3.5,4.5,96.4,83.1
1057,staging,0,40,91,7.1,9,7.9,2.1,3.9,83.5,97.8
1058,staging,0,47,214,2.2,4.5,6.3,2.1,2.7,93.9,96.3
1060,staging,0,47,107,4.2,4.7,12.1,1.9,3.2,96.5,92.5
1061,staging,0,38,172,15.7,20.3,14,3.2,8,74.1,74.4
1063,staging,0,46,105,4.3,4.9,8.1,1.3,3.3,96.9,97.1
1064,staging,0,34,152,4.6,6.5,5.2,2.8,3.6,91.9,96.1
1065,staging,0,45,103,4.3,5.2,8.2,3.3,6.4,91,98.1
1066,staging,0,44,200,6,6,6.3,2.4,4.1,86.6,92
1067,staging,0,39,88,5,5.9,7.4,3.2,3.9,94.3,89.8
1068,staging,0,57,262,25.5,10.7,15.2,11.9,25.7,73,46.2
1069,staging,0,50,230,1.2,3.9,11.5,1.3,2.6,76.5,98.3
1071,staging,0,37,83,3.1,3.6,11.5,2.2,2.8,88.3,97.6
1072,staging,0,56,258,6.3,12.4,7.1,3.8,11,94.7,88.8
1073,staging,0,38,172,6.7,8.8,7.6,2.9,7.5,94.2,91.3
1074,staging,0,41,186,4.8,6.7,6.2,2.1,6,94.6,97.8
1075,staging,0,38,172,3.8,4,7.6,2,2.9,77.5,99.4
1076,staging,0,48,220,3.5,6.5,7.7,1.7,3.2,92.4,95.5
1077,staging,0,44,200,7.8,8,8.6,1.9,3.5,87.5,94.5
1078,staging,0,44,200,3,5.1,16.3,1.7,4.4,75.5,87
1079,staging,0,45,206,4.4,6.9,7.1,4.2,8.2,87.6,91.7
1080,staging,0,29,64,3.7,4.8,7.5,1.9,2.8,94.5,93.8
1083,staging,0,35,78,4.9,4.5,6.4,1.9,3.1,88.1,96.2
1084,staging,0,43,196,3.5,8.1,13.9,1.6,3.2,76.1,88.3
1085,staging,0,43,196,12.1,16.1,14.7,2.1,2.8,96.7,77.6
1086,staging,0,34,152,2.9,3.9,11.4,2.1,3.8,82.6,97.4
1087,staging,0,45,206,5.3,7.7,7.1,2.7,6.1,88.5,90.8
1088,staging,0,57,262,2.2,4.6,15.3,1.3,3.5,73.5,94.3
1090,staging,0,45,103,7.2,8.7,7.3,2.4,3.9,92.2,96.1
1091,staging,0,48,110,4.4,5.1,5.6,2.2,2.8,94.5,96.4
1093,staging,0,42,190,3.2,3.9,14.2,1.3,2.1,69.7,87.4
1094,staging,0,52,238,4.5,6.8,9.5,1.6,2.7,90.3,91.6
1096,staging,0,62,286,2.3,5.7,20,1.5,3.5,60.9,83.9
1097,staging,0,36,162,3.4,3.7,4.4,1.8,3.1,96.5,96.9
1098,staging,0,60,278,21.8,21.2,16.4,2.3,4.3,92.3,63.3
1099,staging,0,61,282,20.7,18.3,12.5,36,106.6,88.2,72.7
1100,staging,0,48,220,3.1,4.9,8.9,1.6,2.8,98.9,93.6
1101,staging,0,41,186,3.1,3.5,5.5,2.4,3.3,90.2,100
1104,staging,0,45,206,6.7,10,10.2,2.3,4,86,94.2
1105,staging,0,44,200,2.3,5,15.4,1.3,3.9,78.5,97
1106,staging,0,47,107,4.4,5.7,9.7,2.3,3,90.7,90.7
1107,staging,0,36,162,5,4,7.2,1.7,2.9,97.5,95.1
1108,staging,0,52,119,12,26.6,25.8,2.4,3.6,96.6,68.1
1109,staging,0,47,214,2.8,5.7,16.8,1.4,3,69,66.8
1110,staging,0,60,278,2.2,4.3,6.3,3,6.1,88.6,98.6
1111,staging,0,46,210,3.6,5,5.8,1.7,2.9,93.9,97.6
1112,staging,0,45,206,6.3,9.4,7.8,2.7,4.5,94.2,89.3
1113,staging,0,58,268,2.3,3.9,6.6,1.8,4.2,92.1,97
1115,staging,0,32,71,3.1,3.2,4.9,2,2.7,79.6,98.6
1116,staging,0,43,196,4.1,5.4,6.4,1.5,2.9,94.4,96.9
1117,staging,0,35,156,4,3.9,4.2,1.6,2.9,97.8,99.4
1120,staging,0,30,66,4.6,5.9,8.8,2.7,3.6,82.6,98.5
1121,staging,0,45,206,3.9,5.8,5,1.5,3.2,92.6,97.6
1122,staging,0,33,148,3.4,3.9,6.4,2.5,3.4,94.6,98
1123,staging,0,47,214,8.3,10.3,7.5,2.1,4.3,87.6,93.9
1124,staging,0,52,238,11.8,14.6,9.9,1.9,3.1,84.8,88.2
1125,staging,0,32,142,8.6,12.8,8.3,1.9,3.6,86.1,89.4
1126,staging,0,44,200,3.4,3.7,9.9,2.1,3.2,96.6,89.5
1129,staging,0,47,107,4.7,4.7,13.1,2.2,3.2,97.2,85
1130,staging,0,65,302,6.6,9.8,12.2,1.6,2.4,68.4,91.1
1131,staging,0,39,176,11.5,14.4,9.5,1.6,3.5,83,86.4
1132,staging,0,56,258,4.2,7.4,14.1,2.1,3.2,96.2,85.7
1133,staging,0,39,176,11.8,11.7,8.2,1.6,2.6,97.9,92.6
1134,staging,0,27,118,3,5.8,3.6,2.2,3,100,98.3
1135,staging,0,32,142,4.4,3.8,3.5,2.3,3.7,98.6,100
1136,staging,0,41,186,2.4,6.1,13.9,1.8,2.2,89.9,93.5
1137,staging,0,38,86,4.2,4.4,8.8,3.2,4.8,93,96.5
1138,staging,0,37,83,1.9,3.8,10.2,1.5,3.5,86.7,95.2
1140,staging,0,42,190,6.3,7.3,5.1,1.6,3.2,92.4,94.7
1141,staging,0,43,98,3.3,4.1,6.3,3.3,5.2,89.8,91.8
1142,staging,0,41,93,4.4,6,5.8,2.2,2.8,87.4,98.9
1143,staging,0,48,220,13.2,20,10.6,2.9,6,88.6,72.3
1144,staging,0,35,156,2.9,4.4,13.2,3.8,4.8,93.6,89.7
1145,staging,0,29,128,5.1,7.3,12.1,2.1,7.2,90.4,90.6
1147,staging,0,48,220,1.6,6.4,8.3,1.2,2.6,81.9,97.7
1149,staging,0,63,292,4.9,7.1,9.3,2.8,3.7,88.1,94.2
1150,staging,0,35,156,3.5,5.1,7.4,4,7.5,89.4,98.1
1151,staging,0,53,244,4.5,5.9,6.2,2,3,87.3,98.4
1152,staging,0,60,278,4,4.9,5.9,1.7,3,85.3,98.2
1153,staging,0,55,254,2.8,4.8,14.1,2.5,4,91,93.3
1154,staging,0,31,138,4.4,7.1,6.1,2.4,4,93.5,94.2
1155,staging,0,49,224,7.2,8.3,7.6,1.7,3.3,85.5,93.8
1156,staging,0,39,176,7.9,12.2,9.2,3.3,6.2,90.2,89.2
1157,staging,0,50,230,3.7,5.1,8.1,1.3,2.8,86.8,96.1
1158,staging,0,33,74,5.2,8.5,4.7,1.7,2.8,89.2,97.3
1159,staging,0,44,200,3.5,6.3,21.4,1.1,3.9,53.5,81
1160,staging,0,29,128,17.8,15.4,18.7,18.4,45.1,68.6,70.3
1161,staging,0,42,190,7.4,10.3,11.8,2,3.7,86.3,84.2
1162,staging,0,50,230,14.5,15.7,10.6,2.2,3.8,79.6,83.5
1164,staging,0,42,95,3.5,4.8,8.6,3.2,3.1,86.6,98.9
1166,staging,0,37,166,4.3,7.6,6.6,2.3,3.8,93.8,94.6
1191,staging,0,37,166,3,4.7,8.6,1.4,2.6,97.1,91.6
1218,staging,0,39,88,12.1,14.8,13.4,2.3,3.2,77.8,70.5
1233,staging,0,31,69,2.7,3.8,5.4,4.4,5.7,85.5,100
1252,staging,0,47,107,4.7,4.9,9.4,2.7,3.6,94.2,93.5
1276,staging,0,35,156,1.9,4.7,4.8,1.6,2.6,100,100
1306,staging,0,29,128,20.4,16.1,11.6,3.5,10.4,87.3,68
1328,staging,0,50,230,16.9,21.3,14.8,10.4,23.4,75.7,73.5
1376,staging,0,44,100,3.6,3.8,5.9,3.8,7.4,95.3,99
1389,staging,0,75,350,3.2,4.7,7.3,2.6,7.2,85.7,95.7
1390,staging,0,63,146,3,4.1,7.7,1.8,2.9,95.7,95.9
1396,staging,0,47,214,10.5,16.5,9.6,3.8,5.4,79.9,76.6
1400,staging,0,42,190,20.6,20.6,14.1,2.9,6.2,70.5,66.3
1442,staging,0,48,220,34.6,22.6,30,3.9,9.8,56.8,59.1
1450,staging,0,24,52,11.1,16.1,24.3,3.2,7.8,81.3,78.8
1461,staging,0,33,148,10.4,10.3,12.8,2.7,5.1,78.5,89.9
1462,staging,0,37,83,8.2,7.5,13.3,2.8,3.4,94.6,85.5
1463,staging,0,33,148,21.2,25.7,49.9,3.5,8.4,60.3,55.4
1472,staging,0,40,182,35.9,23.5,20.9,3.3,8.1,77.3,67.6
1478,staging,0,36,162,18.4,20.7,7,4.3,8.7,91.8,69.8
1483,staging,0,32,71,17.4,21.2,23.5,4,6.1,75.7,70.4
1489,staging,0,40,182,14.4,26,40.9,2.4,6.6,75.1,69.2
1493,staging,0,49,224,18.1,18.3,18.3,4.1,8.1,67.2,67
1499,staging,0,36,162,40.1,30.7,27.2,4.5,9.2,68.2,63.6
1500,staging,0,42,95,9.8,8.3,10.9,2.7,3,85.3,86.3
1506,staging,0,24,104,26,30.3,6.3,7.3,16.3,96.4,55.8
1519,staging,0,27,118,16,11.4,14.6,3.3,7.9,90.5,76.3
1533,staging,0,36,162,22.6,21.2,12.5,3.9,7,82.1,71.6
1547,staging,0,30,132,6.9,7.8,5.4,4.5,10.6,90.3,90.2
1583,staging,0,35,156,35.2,23.4,16.5,2.5,7.1,82.5,66.7
1589,staging,0,19,80,9.6,13.9,7.3,2,5.2,87.5,91.3
1626,staging,0,37,166,14.6,18.7,19.1,3.6,7.9,91.6,77.7
1656,staging,0,27,59,4.1,4.7,7.1,1.7,3.2,97,98.3
1678,staging,0,35,156,9.2,13.7,7.7,1.9,4.2,92.9,85.3
1763,staging,0,39,176,16.7,11.5,11.1,3,6.3,93,81.8
1790,staging,0,26,57,9.2,11,6,2.5,5,91.2,87.7
1804,staging,0,27,118,6.5,7.6,8.8,2.6,3.8,94.3,92.4
1876,staging,0,31,69,4.4,10.7,14.7,1.6,2.9,76.8,76.8
2023,staging,0,31,138,14.3,13.2,13.7,3.7,6.2,91.7,86.2
2183,staging,0,25,108,10.4,9.7,9.5,2.6,5.4,81.3,85.2
3883,staging,0,37,83,9.6,10.1,13.2,2.9,3.6,92.2,89.2
3894,staging,0,21,45,10.6,12.8,8.3,4.5,7,83.3,88.9
3926,staging,0,21,45,13.8,7,32.1,2.7,6.6,86.7,82.2
3934,staging,0,23,100,27.1,28.2,28.6,2.4,6,68.5,45
3940,staging,0,22,47,8.3,4.1,26.1,3.8,4.3,88.3,83
3973,staging,0,22,94,12.5,7.4,17.9,4.2,7.4,92.6,87.2
4104,staging,0,38,172,43.2,42.4,19.7,4.3,14.1,54.7,50
4212,staging,0,64,296,23.1,25.2,8.8,3.3,8.2,90.9,56.4
4236,staging,0,37,166,33.4,32.6,10.1,2,16.7,94.9,44.6
4267,staging,0,28,124,47.5,35,9.7,6.2,11.2,89.3,60.5
4406,staging,0,47,214,9.7,9.2,6.9,1.7,3.7,91.9,88.8
4450,staging,0,24,52,4,7.1,6,1.9,2.5,93.8,96.2
4626,staging,0,34,152,8.1,10.5,7.3,2.6,4.5,95.1,80.9
4762,staging,0,30,66,12.2,6.3,8.2,5.3,31.3,86.4,84.8
4775,staging,0,41,93,9.5,9.6,8.6,2.8,3.2,97.3,88.2
4840,staging,0,36,162,6.5,7.4,5.8,1.3,2.8,89.2,89.5
4865,staging,0,25,108,20.2,23.6,45.6,3.7,9.3,51.4,38
5007,staging,0,26,57,19.5,20.7,67.4,1.8,2.5,90.4,10.5
5110,staging,0,30,132,10.4,15.4,9.8,3.5,5.9,82,84.8
5159,staging,0,23,100,14.4,18.6,23.5,3.2,7.4,75.5,62
5187,staging,0,36,162,17,18,22.3,3,6.3,81.2,67.3
5365,staging,0,39,176,13.6,9.1,14.6,1.7,4.1,81.1,84.1
5427,staging,0,27,59,5.1,5.9,6.4,2.7,3.2,97,91.5
5513,staging,0,30,66,9.4,11.7,5.3,3.5,5,81.1,89.4
5738,staging,0,35,156,7.8,11.2,5.2,4.1,7.8,92.8,87.8
5781,staging,0,42,190,27.4,24.7,13.3,2.6,6.4,91.1,72.1
5804,staging,0,29,128,22.4,15.5,19,3.1,5.8,80.5,77.3
5964,staging,0,37,166,17.2,14,17.4,2.8,6.8,83.7,83.1
6089,staging,0,26,114,13.7,16.4,15.6,1.8,3.6,86,72.8
6144,staging,0,54,248,29.2,22.1,9.2,2.9,7.4,86.7,68.1
6171,staging,0,31,138,5.7,8.4,15.4,2.1,5.8,78.6,89.1
6210,staging,0,34,152,15,16.7,22.6,2.5,5.9,87.2,75
8338,staging,0,29,128,32,9.9,11.3,3.5,9.8,79.5,70.3
8383,staging,0,37,166,17,30.1,35.6,2.9,9,72.6,63.9
8384,staging,0,24,104,10.9,14.8,20,2.4,4.9,83.9,70.2
8414,staging,0,30,66,8.3,11.4,15,3.8,5.3,88.6,84.8
8447,staging,0,26,114,5.9,7.8,6,2.1,5,100,90.4
8558,staging,0,32,142,25,18.9,15.4,2.9,6.4,84.5,68.3
8559,staging,0,23,50,18.2,27.1,20.2,2.8,5.3,91.5,64
8608,staging,0,24,104,27,21,12.6,3,7.8,84.4,72.1
8662,staging,0,28,124,18.2,11.3,10.7,2.5,4.2,94.2,76.6
8675,staging,0,31,138,8,11.6,9.6,2,4.1,85.5,86.2
8709,staging,0,25,108,18.2,19.1,26.6,2.7,8.2,85,74.1
8947,staging,0,26,57,23.6,34.1,21.6,3,6.9,80.7,52.6
8966,staging,0,25,108,5.3,5.7,8,2.2,4.1,94.2,94.4
8990,staging,0,23,100,12.3,13.7,14.5,2.5,4.8,65.8,82
9069,staging,0,33,74,6.3,8.1,6.1,2.8,3.5,95.6,91.9
9098,staging,0,35,156,17.5,21.7,12.1,1.7,3.2,74.7,73.1
9105,staging,0,23,100,6.1,7.6,5,2.4,4.4,89.8,96
9160,staging,0,23,100,35.6,27.9,21.1,2.7,6,81.5,50
9289,staging,0,31,69,15.8,21.2,16.7,2.7,4.7,91.3,76.8
9384,staging,0,27,118,10.7,12.6,8.7,2.8,5.5,91.7,86.4
9407,staging,0,47,214,28.3,31,29.2,3.4,8.5,81.3,57.5
9472,staging,0,29,64,12.1,13.9,8.5,3.3,6.5,93,84.4
9474,staging,0,29,64,16.7,13.8,18.1,3.1,4.9,92.6,78.1
9500,staging,0,33,148,18.9,13.8,16.1,3,10.3,89.2,75
9504,staging,0,20,84,29,43.6,30.6,2.8,6.2,83,46.4
9556,staging,0,37,83,14.4,16.4,11.5,1.8,3.7,92.5,80.7
9557,staging,0,40,91,8.2,9,15.5,2.5,3.9,81.9,89
9564,staging,0,31,69,16.2,12.8,17.7,3.9,4.9,81.9,75.4
9622,staging,0,35,156,8.9,13.6,9.3,2.7,4,83,89.1
9686,staging,0,24,52,12.6,14.7,14.8,2.2,5.3,79.3,78.8
9749,staging,0,28,124,9.2,14.2,15.2,2.2,4.9,85.3,83.1
9784,staging,0,33,148,16.6,11.8,11,2.4,3.8,92.4,85.1
9791,staging,0,47,214,7.7,9,15.8,3.1,4.8,92.9,87.4
9813,staging,0,53,244,11.6,9.4,13.4,3.4,5.8,84.2,86.9
9944,staging,0,27,118,12.4,6.7,11.9,3.1,4.6,98.7,78.8
9956,staging,0,45,103,14.1,15.4,17,3,4.1,91.3,78.6
9972,staging,0,34,152,8.6,8.1,14.3,2.6,5.7,86.3,77
9995,staging,0,30,132,10.1,8.5,8.8,2.7,4.9,82,89.4
10001,staging,0,32,142,8.4,11.6,7.8,3,5.5,90.8,93
10040,staging,0,47,214,6.4,15.4,5.8,3.7,6.3,96,86.4
10080,staging,0,30,132,6.8,8.3,14.8,2.9,5.2,96,86.4
10135,staging,0,29,128,14,14.5,11.7,1.8,2.8,91.6,82.8
10357,staging,0,23,50,4.5,5.3,12.2,1.4,2.8,91,92
10377,staging,0,22,47,4.1,5,6.7,3.1,4.6,87.2,95.7
10478,staging,0,29,128,32.6,15.4,15.4,3.4,8.2,73.4,69.5
10485,staging,0,32,142,12.7,13.8,15.8,1.8,3.9,90.1,81.7
10603,staging,0,23,100,12.3,8.7,22.1,2.4,5.3,93.8,86
10804,staging,0,20,42,5.8,6.1,4.3,5.5,6.3,96.4,90.5
10973,staging,0,26,57,13,14.8,9.3,4.9,7.6,93.9,77.2
11025,staging,0,26,114,13.4,19.4,8.8,4.5,10.3,93,75.4
11053,staging,0,33,148,24.2,20.4,34.6,3.8,8.1,81.8,68.9
11127,staging,0,22,94,12.3,11.3,8.4,3.3,6.6,88.8,83
11139,staging,0,23,50,14.3,13.2,23.3,4,7.3,89.5,74
11147,staging,0,26,114,25.6,26.9,24.7,2.1,6.7,70.2,47.4
11173,staging,0,39,176,8.2,10.6,6.5,2.6,5.1,92.6,92.6
11283,staging,0,26,57,18.7,11.4,18.1,3.4,6.7,82,73.7
11299,staging,0,22,94,28.8,24.8,36,2.9,7,83,61.7
11306,staging,0,18,76,19.4,20.2,20.2,4.3,8.6,65.8,72.4
11311,staging,0,31,138,5.4,10.9,9,2.7,4.7,86.1,86.2
11771,staging,0,31,57,46.3,41.5,24.3,7,10.6,68.9,57.9
11887,staging,0,47,178,19,26.1,13,2.8,6.6,90.6,63.5
12082,staging,0,60,108,5.2,12.6,12.2,2.4,3.2,79.2,76.9
12115,staging,0,66,120,1.1,3.2,5.1,1.1,1.4,93.1,99.2
12137,staging,0,61,55,9.5,13.5,14.3,1.8,2.3,75,78.2
12146,staging,0,75,138,21.4,25.1,18.7,2.9,6.3,86.6,73.2
12233,staging,0,89,84,11.5,9.4,9.4,1.9,11.5,92.9,88.1
12475,staging,0,33,120,15,13.4,13.3,1.8,3.9,72.5,84.2
12508,staging,0,29,52,8.5,6,12.9,1.8,3.7,94.2,86.5
12511,staging,0,36,66,9.3,11.5,21,1.6,4.2,84.5,89.4
12512,staging,0,21,72,27,14.2,13.6,3,7.3,72.2,63.9
12520,staging,0,35,64,9.8,5.5,8.3,1.8,3.4,80.1,84.4
12550,staging,0,34,124,15.7,13.7,17.5,2.7,4.7,87.7,75
12559,staging,0,51,194,5.1,7.1,10.1,2.3,3.2,96.4,92.3
12613,staging,0,52,198,19.5,18,14.3,3.2,6.5,81.8,74.2
12621,staging,0,33,60,6.1,8.1,12.4,1.6,3.4,87.1,83.3